                 0.4 0 0 0 -0.00176167 -0.00166879 -0.00056689 0 0 0   -0.011 -0.02329  0.04412   -0.018013 -0.00964847 -0.00897334  0.00465078 -0.00373702 -0.00227954 0 0 0 -0.0753435 -0.0422634   -9.80862 
                 0.5 -0.115038 0.0993343  0.012351   -0.016158 -0.00893662 -0.00302703 0 0 0   -0.011 -0.02329  0.04412  -0.0225693 -0.00801954   -0.012519  0.00465082 -0.00373706 -0.00227952 2.28588e-07 1.27517e-07 2.43153e-08 -0.0753437 -0.0422635   -9.80862 
                 0.6 -0.0772224  0.0838175  0.0229039 -0.00714715  -0.0121103  0.00347712 0 0 0   -0.011 -0.02329  0.04412  0.0259841 -0.0132883  0.0247748  0.00457451 -0.00370221 -0.00232095 -1.43432e-05  3.55959e-06  -1.0059e-05 -0.0753298 -0.0422668   -9.80862 
                 0.7 -0.119398 0.0109922 0.0380295 -0.00681984 -0.00619247 0.000888397 0 0 0   -0.011 -0.02329  0.04412    0.0120782    0.0132488 -0.000333792  0.00456764 -0.00361551 -0.00225783 0.000464491 -0.00181955  0.00135298  -0.075783 -0.0405108   -9.80862 
                 0.8 -0.0788111  0.0292207  0.0358598  -0.00821216 -1.09699e-05    0.0011845 0 0 0   -0.011 -0.02329  0.04412 -0.00429749   0.0286293  0.00246472  0.00453366  -0.0035971 -0.00218388  0.00246103 -0.00603019  0.00103986  -0.077707 -0.0364639   -9.80862 
               0.899 -0.110629  0.034874 0.0039302 -0.00550568 -0.00180325  0.00272648 0 0 0   -0.011 -0.02329  0.04412 0.00174682  0.0143738 0.00377338  0.00455478 -0.00358564 -0.00214752 -0.00228018 8.55553e-05 -0.00114065 -0.0731597 -0.0423458   -9.80864 
               0.999 -0.127331 0.0550679  0.014496 -0.00565034  0.00199427  0.00212337 0 0 0   -0.011 -0.02329  0.04412 -0.00467286   0.0342133 -0.00278263  0.00459988 -0.00359171 -0.00213664 -0.00209407 -0.00243931 0.000150109 -0.0733326 -0.0399161   -9.80864 
                 1.1 -0.0826112  0.0190081 0.00254393   -0.0041103 -0.000630035   0.00121073 0 0 0   -0.011 -0.02329  0.04412 -0.00354217    0.010047 -0.00991409  0.00446422 -0.00360661  -0.0021505 -0.00470728  0.00549021 0.000656904 -0.0708138 -0.0475346   -9.80863 
                 1.2 -0.131595 0.0242086 0.0130402 -0.00634296  0.00202048   0.0039441 0 0 0   -0.011 -0.02329  0.04412 -0.0108908  0.0191258 0.00340862  0.00444102 -0.00359991  -0.0021583 -0.00288532  0.00374624 -0.00559902 -0.0726073 -0.0458719   -9.80862 
                 1.3  -0.102156  0.0623342 0.00350967 -0.00692677  0.00420912   0.0048297 0 0 0   -0.011 -0.02329  0.04412 -0.0110763  0.0227766 0.00703828  0.00434937 -0.00359969 -0.00217009 -0.00378405  0.00354263 -0.00590427 -0.0717461 -0.0456771   -9.80863 
                 1.4 -0.107672 0.0463602 0.0269621 -0.00568425 0.000621443  0.00516069 0 0 0   -0.011 -0.02329  0.04412 -0.00536373 -0.00940274   0.0124934  0.00433251 -0.00355787 -0.00226838   -0.006664  0.00956851 -0.00511151 -0.0689792 -0.0514636   -9.80862 
                 1.5   -0.11711  0.0249721 0.00963912 -0.00511743  0.00226877  0.00427447 0 0 0   -0.011 -0.02329  0.04412  -0.004526 0.00026459 0.00516115  0.00428034 -0.00347003 -0.00226684 -0.00856084  0.00671757 -0.00196738 -0.0671383 -0.0487199   -9.80865 
               1.601 -0.0673053    0.03386  0.0100638 -0.00474267  0.00326967  0.00688011 0 0 0   -0.011 -0.02329  0.04412 -0.0083442 0.00743154   0.022007  0.00427217 -0.00342174 -0.00224107 -0.00980636  0.00616155 -0.00425028 -0.0659553 -0.0481942   -9.80866 
               1.698 -0.096726 0.0276987 0.0182746 -0.00757015  0.00541572  0.00622163 0 0 0   -0.011 -0.02329  0.04412 -0.0160358   0.011822  0.0113795  0.00423575 -0.00343245 -0.00221965  -0.00801316    0.0045587 -0.000620012 -0.0676557 -0.0466427   -9.80866 
               1.798 -0.106985 0.0458587 0.0239497 -0.00203511  0.00548751  0.00406136 0 0 0   -0.011 -0.02329  0.04412 0.00907849 0.00450635 -0.0031433  0.00422714 -0.00337113 -0.00221825 -0.0147734 0.00541592 0.00348033 -0.0611506   -0.04745   -9.80869 
                 1.9 -0.0823728  0.0435118  0.0120322 -0.00405604   0.0115189  0.00466858 0 0 0   -0.011 -0.02329  0.04412 0.00140364  0.0321703  0.0055987  0.00416166 -0.00336606 -0.00218518  -0.0120976 0.000659269  0.00240406 -0.0637226 -0.0428947    -9.8087 
               1.998 -0.0919511  0.0348212  0.0171232 -0.00547678  0.00529455  0.00396051 0 0 0   -0.011 -0.02329  0.04412 -0.00605294 -0.00881308 -0.00674444  0.00409523 -0.00330154 -0.00216807 -0.0111028 0.00806208 0.00313483 -0.0646721 -0.0499859   -9.80866 
               2.098 -0.0763666  0.0382787 0.00829587 -0.00473914  0.00456674  0.00329217 0 0 0   -0.011 -0.02329  0.04412  0.00018644 -0.00717282  -0.0124239  0.00406028 -0.00326466 -0.00219055 -0.0122746 0.00794189 0.00273433 -0.0635517 -0.0498712   -9.80867 
               2.198  -0.133124  0.0607056 0.00475054 -0.0070936 0.00146667 0.00514474 0 0 0   -0.011 -0.02329  0.04412 -0.00944521   -0.017605  0.00206929  0.00409472 -0.00325762 -0.00217858   -0.0104544   0.00974813 -0.000321035 -0.0653088   -0.05161   -9.80865 
                 2.3 -0.103215 0.0380431 0.0174225 5.03688e-05   0.0074876  0.00428209 0 0 0   -0.011 -0.02329  0.04412   0.0242821   0.0181609 -0.00418967  0.00412187 -0.00327795 -0.00216802 -0.0164069 0.00432097 0.00111838 -0.0596039 -0.0464136   -9.80871 
               2.399 -0.121063 0.0506605  0.010932 -0.00080381  0.00471611  0.00493637 0 0 0   -0.011 -0.02329  0.04412   0.0190966 -0.00282277 -0.00751167  0.00409446 -0.00328111 -0.00214781   -0.0139677   0.00752472 -0.000247931 -0.0619468   -0.04948   -9.80868 
               2.499 -0.0948877  0.0866499 0.00264379 -0.0103331 0.00970261 0.00143688 0 0 0   -0.011 -0.02329  0.04412  -0.024268 0.00996741 -0.0107672  0.00400624 -0.00329341 -0.00208811 -0.00629279  0.00377647  0.00281192 -0.0692686 -0.0458831   -9.80865 
               2.598 -0.0897851  0.0626137 0.00165515 -0.00720239  0.00947785  0.00515316 0 0 0   -0.011 -0.02329  0.04412 -0.00796569   0.0107037  0.00250857  0.00401634 -0.00324178 -0.00208229 -0.00985685  0.00475613 -0.00210407  -0.065885 -0.0468335   -9.80867 
               2.699  -0.114437  0.0833882 0.00535642 -0.00429466  0.00880705  0.00679416 0 0 0   -0.011 -0.02329  0.04412 0.00777678 0.00771681  0.0142002     0.00405 -0.00323601 -0.00214303  -0.0121502  0.00594152 -0.00327371 -0.0637002 -0.0479698   -9.80868 
               2.798 -0.102923 0.0658059 0.0122049 -0.00427159  0.00886833  0.00466869 0 0 0   -0.011 -0.02329  0.04412  0.000208151 -0.000146118   0.00223738   0.0040261 -0.00319174 -0.00211868  -0.0120144  0.00630419 3.16705e-05 -0.0638158 -0.0483056   -9.80867 
               2.898 -0.107455 0.0652858 0.0156366 -0.00591034  0.00705308  0.00709064 0 0 0   -0.011 -0.02329  0.04412 -0.00642073  -0.0105262   0.0128824  0.00397267  -0.0031465 -0.00215261  -0.0109668  0.00731564 -0.00191425 -0.0648232 -0.0492756   -9.80866 
               2.999   -0.11189  0.0485209 0.00822486 -0.00550116  0.00605642  0.00757493 0 0 0   -0.011 -0.02329  0.04412 -0.00379575  -0.0103077   0.0114254  0.00397586 -0.00317814 -0.00208795  -0.0115827  0.00717715 -0.00109755 -0.0642328 -0.0491418   -9.80867 
               3.098  -0.112842  0.0597411 0.00590646 -0.00333594  0.00837586  0.00798859 0 0 0   -0.011 -0.02329  0.04412 -0.00058738  0.00275531  0.00808111   0.0039783 -0.00320339 -0.00214469   -0.0131247   0.00537881 -0.000496487 -0.0627603 -0.0474268   -9.80868 
               3.199  -0.103951  0.0672563 0.00766953 -0.00682067  0.00601652   0.0056582 0 0 0   -0.011 -0.02329  0.04412  -0.0231092 -0.00651501 -0.00559934  0.00394673 -0.00319623  -0.0021567 -0.0116159 0.00673446 0.00235212 -0.0641838 -0.0487082   -9.80867 
               3.298 -0.116675 0.0483815  0.011434 -0.00225433  0.00627084  0.00411365 0 0 0   -0.011 -0.02329  0.04412 5.86458e-05  0.00112996  -0.0123471  0.00393734 -0.00319656 -0.00210793 -0.0151699 0.00615351 0.00314877 -0.0607974 -0.0481544   -9.80869 
               3.398 -0.120241 0.0602708 0.0163695 -0.00167732  0.00713279  0.00606175 0 0 0   -0.011 -0.02329  0.04412  -0.00490494 -0.000394521  -0.00250911  0.00393491 -0.00325085 -0.00207991  -0.0158121  0.00581407 0.000238655 -0.0601992 -0.0478398    -9.8087 
                 3.5 -0.113775 0.0515486 0.0149501 -0.00360646  0.00730186  0.00579411 0 0 0   -0.011 -0.02329  0.04412  -0.00457882  -0.00294725 -0.000955964  0.00387404 -0.00325433 -0.00208448  -0.0149055  0.00545662 0.000205553 -0.0610612 -0.0475005   -9.80869 
               3.598  -0.105779  0.0819591 0.00541094 -0.00742438  0.00817335  0.00617771 0 0 0   -0.011 -0.02329  0.04412  -0.0247912  0.00331371 -0.00196595  0.00387763 -0.00323441 -0.00206372   -0.0135028   0.00497341 -0.000314805 -0.0623961 -0.0470436   -9.80869 
                 3.7  -0.12167 0.0651013 0.0138401 -0.00253988  0.00806163  0.00578056 0 0 0   -0.011 -0.02329  0.04412 -0.00422676 0.000204916 -0.00709137  0.00382819 -0.00321907  -0.0020613   -0.0170757   0.00511006 -0.000503947 -0.0590055 -0.0471712   -9.80871 
               3.799 -0.122048 0.0649713 0.0115642 -0.00478996  0.00917212  0.00406204 0 0 0   -0.011 -0.02329  0.04412  -0.0138722 0.000379389  -0.0133134  0.00377563 -0.00326374 -0.00205097   -0.0163222   0.00448338 -3.06195e-05 -0.0597189 -0.0465762   -9.80871 
                 3.9 -0.0982477  0.0782747  0.0190064 -0.00583037  0.00718773  0.00539804 0 0 0   -0.011 -0.02329  0.04412 -0.0124762 -0.0144582 0.00374432  0.00376468 -0.00325623 -0.00200083  -0.0165914  0.00528999 -0.00196392 -0.0594704 -0.0473435   -9.80871 
               3.999 -0.0991931  0.0650508  0.0149366  -0.006545 0.00654678 0.00640504 0 0 0   -0.011 -0.02329  0.04412  -0.0092591 -0.00971333  0.00137423  0.00371628 -0.00325694 -0.00193474  -0.0168388  0.00492403 -0.00258077 -0.0592387 -0.0469978   -9.80871 
               4.099 -0.0976169  0.0494531  0.0188108 -0.00554739  0.00673061  0.00492804 0 0 0   -0.011 -0.02329  0.04412 -0.0115108 0.00214007 -0.0127303  0.00368889 -0.00326179  -0.0019297  -0.0178921  0.00448065 -0.00165282 -0.0582397 -0.0465741   -9.80872 
                 4.2  -0.116665  0.0685908 0.00899549 -0.00355397   0.0127786  0.00504856 0 0 0   -0.011 -0.02329  0.04412 0.000820913   0.0187423  -0.0145804  0.00359801 -0.00331059 -0.00193095  -0.0191872  0.00183874 -0.00277736 -0.0570228 -0.0440769   -9.80874 
               4.298 -0.102674 0.0491962 0.0199164 0.000924746   0.0108346  0.00378206 0 0 0   -0.011 -0.02329  0.04412  0.0141355  0.0067807 -0.0132199  0.00360007 -0.00327819 -0.00191759    -0.02113  0.00351517 -0.00293363 -0.0551866   -0.04566   -9.80874 
                 4.4 -0.108113  0.066087 0.0109247 -0.00233208   0.0110386  0.00470133 0 0 0   -0.011 -0.02329  0.04412  -0.0091078  0.00756014 -0.00595014  0.00353756 -0.00324357 -0.00188882  -0.019291 0.00373744 -0.0045328 -0.0569272 -0.0458748   -9.80873 
                 4.5  -0.12761 0.0644408 0.0100086 -0.00545538  0.00836132  0.00633109 0 0 0   -0.011 -0.02329  0.04412  -0.0209692 -0.00167818 -0.00183796  0.00351588 -0.00323838 -0.00199824   -0.018472  0.00516873 -0.00608501 -0.0577023  -0.047228   -9.80872 
               4.598  -0.108396  0.0627936 0.00902447 -0.00351349   0.0116369  0.00560217 0 0 0   -0.011 -0.02329  0.04412  -0.012423  0.0127648 -0.0051979  0.00347821 -0.00324665 -0.00199998  -0.0201014  0.00386273 -0.00590074 -0.0561645 -0.0459991   -9.80873 
               4.698 -0.115558 0.0682165 0.0179666 -0.00459556   0.0147218  0.00564765 0 0 0   -0.011 -0.02329  0.04412  -0.014869  0.0148759 0.00570702  0.00342545 -0.00324897 -0.00198211  -0.0202627  0.00302209 -0.00607092 -0.0560114 -0.0452081   -9.80874 
               4.798 -0.114188 0.0555666 0.0188106 -0.0046714  0.0114131 0.00561236 0 0 0   -0.011 -0.02329  0.04412   -0.0120784  -0.00764287 -0.000671841  0.00340675 -0.00323003 -0.00198737  -0.0207774  0.00471558 -0.00591235 -0.0555281 -0.0468015   -9.80873 
                 4.9  -0.124152  0.0874138 0.00503075 -0.00233025   0.0117364  0.00401586 0 0 0   -0.011 -0.02329  0.04412   -0.0114221 -0.000599841  -0.00943226  0.00341612 -0.00318615 -0.00197285  -0.0222387  0.00437114 -0.00508629 -0.0541537 -0.0464752   -9.80874 
               4.998 -0.111815 0.0647274 0.0193768 -0.00333769   0.0145765  0.00489929 0 0 0   -0.011 -0.02329  0.04412  -0.0199285   0.0116352 -0.00140322  0.00339936 -0.00318941  -0.0019653  -0.0224263  0.00330078 -0.00627093 -0.0539789 -0.0454725   -9.80875 
                 5.1 -0.123222 0.0595022 0.0187227 -0.00450332   0.0123974  0.00697517 0 0 0   -0.011 -0.02329  0.04412   -0.026797 0.000187693   0.0048555  0.00339375 -0.00309798 -0.00199988  -0.0228145  0.00448266 -0.00757033 -0.0536145 -0.0465842   -9.80874 
               5.198 -0.0971157  0.0736567  0.0119991 -0.00338406   0.0145548  0.00680752 0 0 0   -0.011 -0.02329  0.04412   -0.0139786 -0.000673092   0.00921327  0.00333318 -0.00317122 -0.00198685  -0.0241738  0.00361151 -0.00712056 -0.0523403  -0.045767   -9.80875 
                 5.3 -0.114154 0.0604935 0.0108081 -0.0012963 0.00897492 0.00539408 0 0 0   -0.011 -0.02329  0.04412 -0.0130054 -0.0281198 0.00538103  0.00332283  -0.0031599 -0.00197195  -0.0255678  0.00546942 -0.00555657 -0.0510346 -0.0475045   -9.80875 
               5.398 -0.146664 0.0810196 0.0248142 -0.0030143  0.0054553 0.00579807 0 0 0   -0.011 -0.02329  0.04412   -0.0163267   -0.0445286 -0.000916125  0.00340431 -0.00318466 -0.00195355  -0.0253982  0.00561294 -0.00549666 -0.0511933 -0.0476386   -9.80875 
                 5.5  -0.133739  0.0669026 0.00992172 -0.00657649  0.00822515  0.00636999 0 0 0   -0.011 -0.02329  0.04412 -0.0275603 -0.0147341 0.00354066  0.00337515 -0.00316842 -0.00188739  -0.0248461  0.00311954 -0.00575774 -0.0517095 -0.0453095   -9.80876 
               5.598 -0.115974 0.0702088 0.0143338 -0.00625544   0.0118644  0.00711127 0 0 0   -0.011 -0.02329  0.04412 -0.0285218 0.00129678  0.0155442  0.00329123 -0.00320103 -0.00192004  -0.0260917  0.00134394 -0.00566583 -0.0505485 -0.0436508   -9.80877 
               5.699  -0.135824  0.0889024 0.00630389 -0.00784582   0.0109528  0.00868669 0 0 0   -0.011 -0.02329  0.04412  -0.0250091 -0.00372438   0.0223992  0.00329498 -0.00324502 -0.00190258  -0.0265778  0.00174318 -0.00549752  -0.050095 -0.0440227   -9.80877 
                 5.8 -0.112605 0.0621701 0.0228208 -0.00338605   0.0111538  0.00636029 0 0 0   -0.011 -0.02329  0.04412 -0.000615321   0.00444386   0.00135829 0.00329952 -0.0032432 -0.0019356  -0.0288875  0.00160393 -0.00306272 -0.0479421 -0.0438903   -9.80878 
               5.899  -0.10243 0.0838714 0.0135304 -0.00189861   0.0133611   0.0074573 0 0 0   -0.011 -0.02329  0.04412 0.00432707 0.00492731  0.0125912  0.00328661 -0.00321957 -0.00192191  -0.0294479 0.000879713 -0.00343881 -0.0474211 -0.0432164   -9.80879 
               5.999 -0.117395 0.0673109 0.0101251 -0.00208903   0.0144656  0.00776805 0 0 0   -0.011 -0.02329  0.04412 -0.00285619   0.0101404  0.00767141  0.00328814 -0.00317804 -0.00189386  -0.0292566 0.000730968 -0.00292134 -0.0475996 -0.0430777   -9.80879 
                 6.1 -0.0989899  0.0735143  0.0145993 -0.00569515   0.0124456  0.00711623 0 0 0   -0.011 -0.02329  0.04412 -0.0211096 0.00410448 0.00143516  0.00323421 -0.00319333 -0.00188726   -0.028313  0.00172067 -0.00233213 -0.0484751 -0.0439973   -9.80878 
                 6.2  -0.10796 0.0855596 0.0167763 -0.00422457   0.0120128  0.00638533 0 0 0   -0.011 -0.02329  0.04412  -0.0160181   -0.011687 -0.00706328  0.00322421 -0.00314381 -0.00190396  -0.0295461  0.00182444 -0.00199983  -0.047332 -0.0440905   -9.80879 
                 6.3 -0.121486 0.0630055 0.0159043 -0.00187407   0.0135258  0.00355859 0 0 0   -0.011 -0.02329  0.04412  0.00345798 0.000739758  -0.0154414  0.00324758 -0.00306693 -0.00188578   -0.0307541   0.00102276 -0.000940791 -0.0462167 -0.0433441    -9.8088 
               6.398  -0.111119  0.0797817 0.00892425 -0.00112759  0.00922542  0.00449316 0 0 0   -0.011 -0.02329  0.04412 0.00249946 -0.0210851 -0.0202978  0.00325868 -0.00305016 -0.00190555   -0.030934  0.00227183 -0.00264222 -0.0460441 -0.0445038   -9.80879 
               6.498  -0.11981 0.0813065 0.0137466 -0.00692554   0.0106806   0.0042617 0 0 0   -0.011 -0.02329  0.04412 -0.0189802 -0.0199417 -0.0169204  0.00321384 -0.00307792 -0.00188633  -0.0290757  0.00104211 -0.00363643 -0.0477604 -0.0433714   -9.80879 
                 6.6 -0.123279 0.0748495 0.0122487 -0.00499701   0.0106237  0.00631062 0 0 0   -0.011 -0.02329  0.04412   -0.0138249  -0.00760196 -0.000114057  0.00319749 -0.00302215 -0.00184839  -0.0302509 0.000427536  -0.0053801 -0.0466728 -0.0428047    -9.8088 
                 6.7 -0.121419 0.0789814 0.0212417 0.000237847   0.0117615  0.00675673 0 0 0   -0.011 -0.02329  0.04412 -0.00463551 -0.00444401 -0.00460498  0.00320995 -0.00296124  -0.0018463   -0.0322862 -0.000205167  -0.00570985 -0.0447969 -0.0422168   -9.80881 
               6.799 -0.111293 0.0670407 0.0211655 -0.00639501    0.014372  0.00368944 0 0 0   -0.011 -0.02329  0.04412 -0.0289347 0.00375221 -0.0240842  0.00318532 -0.00291027 -0.00180536  -0.0305798 -0.00116832 -0.00459533 -0.0463742 -0.0413337    -9.8088 
                 6.9 -0.111176 0.0940493  0.019619 -0.00503225   0.0125357  0.00336016 0 0 0   -0.011 -0.02329  0.04412  -0.0113375 -0.00360981  -0.0231524  0.00317499 -0.00291132 -0.00177206    -0.031718 -0.000521676  -0.00589792 -0.0453208 -0.0419249   -9.80881 
                   7 -0.110374 0.0827518 0.0141063 -0.00157049   0.0127936  0.00570881 0 0 0   -0.011 -0.02329  0.04412   0.0147311 -0.00878049 -0.00380169  0.00317486 -0.00286495 -0.00174124   -0.0329145 -0.000711228  -0.00801007 -0.0442167 -0.0417464   -9.80881 
               7.099 -0.125725 0.0818158 0.0214831 0.000712973  0.00901641  0.00634404 0 0 0   -0.011 -0.02329  0.04412   0.0177994  -0.0313674 -0.00490802  0.00316306 -0.00287476 -0.00174902   -0.0331197 -9.04296e-05  -0.00862448 -0.0440237 -0.0423156   -9.80881 
               7.198 -0.120817 0.0687828 0.0242087 0.00112261 0.00982368 0.00606897 0 0 0   -0.011 -0.02329  0.04412   0.0138221  -0.0302019 -0.00604854  0.00316692 -0.00284645 -0.00172004  -0.0327406 -0.00127884 -0.00883307 -0.0443753 -0.0412286   -9.80881 
               7.299  -0.11497 0.0897216 0.0212817 -0.00566428   0.0101573  0.00594833 0 0 0   -0.011 -0.02329  0.04412  -0.0235486  -0.0171028 -0.00510549  0.00312508 -0.00288127  -0.0017284  -0.0306516 -0.00221655 -0.00924263 -0.0462901  -0.040381   -9.80881 
               7.398  -0.126962  0.0655777 0.00937514 -0.00339091    0.011331  0.00834606 0 0 0   -0.011 -0.02329  0.04412 -0.00893879 -0.00554623   0.0103238  0.00309828 -0.00284147 -0.00171241  -0.0319351 -0.00298841  -0.0104725 -0.0451186 -0.0396686   -9.80882 
               7.499 -0.109175 0.0748695 0.0138289 -0.0020958  0.0135677 0.00658689 0 0 0   -0.011 -0.02329  0.04412 -0.00121348  0.00615363  0.00126497  0.00314263 -0.00286969  -0.0017283  -0.0325168 -0.00371461 -0.00915334 -0.0445947  -0.039004   -9.80882 
               7.599 -0.0931124  0.0514681  0.0268671 0.00116875  0.0143948 0.00684415 0 0 0   -0.011 -0.02329  0.04412   0.0141721  0.00861775 -0.00214835  0.00311161 -0.00281688 -0.00175794  -0.0333647 -0.00374714 -0.00937915 -0.0438216 -0.0389714   -9.80882 
               7.698 -0.120833 0.0676131 0.0125846 -0.000294129    0.0164777   0.00565206 0 0 0   -0.011 -0.02329  0.04412 -0.0031257  0.0167714 -0.0106843  0.00310994 -0.00282751 -0.00173151  -0.0326897 -0.00395064 -0.00902553 -0.0444374  -0.038788   -9.80882 
                 7.8 -0.112024 0.0607767 0.0209738 0.000902711   0.0128597  0.00428579 0 0 0   -0.011 -0.02329  0.04412 -0.00459139  -0.0123513  -0.0136281  0.00306417 -0.00283835 -0.00173212  -0.0331786 -0.00274715 -0.00904092 -0.0439884 -0.0398799   -9.80882 
                 7.9 -0.106678 0.0762013 0.0221674 -0.0022694  0.0131765 0.00488552 0 0 0   -0.011 -0.02329  0.04412  -0.0070842  -0.0131462 -0.00874463  0.00309232 -0.00286727 -0.00177989  -0.0324325 -0.00324665 -0.00993227 -0.0446667 -0.0394292   -9.80882 
                   8 -0.133395 0.0714273 0.0214679 -0.00235203   0.0126488  0.00591076 0 0 0   -0.011 -0.02329  0.04412 -0.00610157  -0.0162951 -0.00360677  0.00309143 -0.00282911 -0.00181054  -0.0326317 -0.00352338  -0.0107534 -0.0444865 -0.0391776   -9.80882 
               8.099  -0.12858  0.076712 0.0192856 -0.00200211   0.0125439  0.00633599 0 0 0   -0.011 -0.02329  0.04412 -0.00316272  -0.0106721 -0.00941577  0.00310763 -0.00282443 -0.00178499  -0.0328319 -0.00387034  -0.0112094 -0.0443054 -0.0388629   -9.80882 
               8.199  -0.13495 0.0984596 0.0252104 -0.000907979    0.0122336   0.00520348 0 0 0   -0.011 -0.02329  0.04412  0.00251317 -0.00839522 -0.00905318  0.00312362 -0.00285066 -0.00183145  -0.0331726 -0.00410204  -0.0112015 -0.0439984 -0.0386521   -9.80883 
                 8.3 -0.114601 0.0675157 0.0211839 2.1965e-05  0.0127623 0.00415483 0 0 0   -0.011 -0.02329  0.04412  0.00610495 -0.00611476  -0.0150399  0.00312055 -0.00281045 -0.00183498  -0.0333523 -0.00443867  -0.0112792 -0.0438374 -0.0383475   -9.80883 
               8.398 -0.120826  0.064332 0.0125552 0.00202239  0.0139297 0.00618318 0 0 0   -0.011 -0.02329  0.04412  0.00833261  0.00196938 -0.00190907  0.00312727 -0.00281858 -0.00177725  -0.0337319 -0.00485132  -0.0128216 -0.0434925 -0.0379725   -9.80883 
               8.498 -0.113772  0.067311 0.0037133 0.00160713  0.0157312 0.00737426 0 0 0   -0.011 -0.02329  0.04412  0.0066287 0.00922208 0.00389348  0.00312897 -0.00279845 -0.00177796  -0.0334226 -0.00522452  -0.0133309  -0.043772 -0.0376386   -9.80883 
                 8.6 -0.112374 0.0739237 0.0197038 -0.00324727   0.0156794  0.00696352 0 0 0   -0.011 -0.02329  0.04412  -0.0207383 -0.00406518  0.00662363  0.00311622 -0.00277163 -0.00175229  -0.0321753 -0.00508734  -0.0128018 -0.0448924 -0.0377693   -9.80882 
               8.699 -0.112544 0.0939209 0.0206148 0.000526795   0.0144802  0.00825522 0 0 0   -0.011 -0.02329  0.04412 -0.00207989 -0.00638606   0.0109516  0.00316192 -0.00274716 -0.00169507  -0.0335218 -0.00491635  -0.0131295  -0.043683 -0.0379149   -9.80883 
                 8.8   -0.124436   0.0662812 -0.00299391 -0.00185585   0.0102617  0.00603732 0 0 0   -0.011 -0.02329  0.04412 -0.00953595   -0.022243  0.00608072  0.00314126 -0.00269065 -0.00163975  -0.0330386 -0.00421516  -0.0117462 -0.0441152 -0.0385459   -9.80883 
                 8.9 -0.127803 0.0728697 0.0206892 0.000808564   0.0142467  0.00687909 0 0 0   -0.011 -0.02329  0.04412  0.00895507  0.00638461 0.000397489  0.00310113 -0.00265576  -0.0016024   -0.033784 -0.00553774  -0.0119017 -0.0434586 -0.0373577   -9.80883 
                   9 -0.124674  0.070247 0.0121432 0.000487303   0.0126789   0.0068555 0 0 0   -0.011 -0.02329  0.04412  0.00516841 -0.00556089  -0.0055868  0.00313903 -0.00264066 -0.00159768 -0.0335005 -0.0050942 -0.0119988 -0.0437083 -0.0377552   -9.80883 
               9.098 -0.117212 0.0684455 0.0267557 0.000794655   0.0117232  0.00616438 0 0 0   -0.011 -0.02329  0.04412  0.00577943 -0.00612728 -0.00308168  0.00313525 -0.00264264 -0.00166643  -0.0334422 -0.00496208  -0.0118254 -0.0437601 -0.0378736   -9.80883 
                 9.2 -0.111739 0.0843128 0.0181381 -0.0016267  0.0145826 0.00645137 0 0 0   -0.011 -0.02329  0.04412  -0.012239 0.00247215 0.00217841   0.0031639 -0.00263588 -0.00163644  -0.0327996 -0.00577863  -0.0120564 -0.0443338 -0.0371485   -9.80883 
               9.298 -0.108446 0.0655687 0.0189005 0.00033872  0.0157021 0.00546384 0 0 0   -0.011 -0.02329  0.04412 -0.00212919  0.00681166 -0.00456632  0.00312589 -0.00259391 -0.00164205  -0.0334459 -0.00594023  -0.0116076 -0.0437616 -0.0370031   -9.80883 
               9.398 -0.118387 0.0659059 0.0229934 0.00399858  0.0109072 0.00692258 0 0 0   -0.011 -0.02329  0.04412 0.00917734 -0.0213453 0.00249038  0.00311491 -0.00258156 -0.00163117  -0.0343315 -0.00487449  -0.0123458 -0.0429678 -0.0379423   -9.80883 
               9.499 -0.115937 0.0834837 0.0195611 -0.00499934   0.0127318  0.00596745 0 0 0   -0.011 -0.02329  0.04412  -0.0354789  -0.0108657 -0.00320207  0.00315727 -0.00260547 -0.00161896  -0.0322596 -0.00581255  -0.0119425 -0.0448096 -0.0371261   -9.80883 
               9.598 -0.127745 0.0751327 0.0250772 -0.00405353   0.0140006  0.00590562 0 0 0   -0.011 -0.02329  0.04412  -0.0196227  0.00144693 -0.00255527  0.00317236 -0.00257842 -0.00158828   -0.033155 -0.00626574  -0.0120224 -0.0440209 -0.0367195   -9.80883 
               9.701 -0.122743 0.0933527 0.0201101 -0.00104249   0.0139666  0.00689936 0 0 0   -0.011 -0.02329  0.04412 -0.00725263 -0.00703793  0.00290964  0.00320292 -0.00257208  -0.0015495 -0.0342105 -0.0062666 -0.0124644 -0.0430883 -0.0367104   -9.80884 
               9.798 -0.122096 0.0659311 0.0180193 -0.00174933   0.0132165  0.00574248 0 0 0   -0.011 -0.02329  0.04412 -0.00822322 -0.00778014 -0.00919001  0.00321091 -0.00255257 -0.00149475  -0.0342409 -0.00627463  -0.0120639 -0.0430629  -0.036703   -9.80884 
               9.899 -0.133283 0.0962607 0.0165782 4.21045e-05   0.0130826  0.00595278 0 0 0   -0.011 -0.02329  0.04412 -0.00107732  -0.0136331 -0.00335857  0.00325782 -0.00251675 -0.00149475  -0.0348235 -0.00649019  -0.0124392 -0.0425516 -0.0365072   -9.80884 
               9.998 -0.106504 0.0747095 0.0281761 -0.00408262   0.0131269  0.00638707 0 0 0   -0.011 -0.02329  0.04412  -0.0255333  -0.0145107 -0.00522418  0.00323394 -0.00251389 -0.00149911  -0.0340907 -0.00681191  -0.0127891 -0.0431961 -0.0362315   -9.80884 
              10.099 -0.128949 0.0734339 0.0184944 -0.00143713    0.010397  0.00731768 0 0 0   -0.011 -0.02329  0.04412 -0.00914121  -0.0236254  0.00104021  0.00324243 -0.00252604 -0.00145927  -0.0351505 -0.00660503  -0.0133055 -0.0422632 -0.0364029   -9.80884 
                10.2 -0.133703 0.0781254 0.0197038 -0.00400548    0.010302  0.00526761 0 0 0   -0.011 -0.02329  0.04412  -0.0144082  -0.0200093 -0.00499982  0.00320535 -0.00251171 -0.00148276  -0.0348312 -0.00712606  -0.0125728 -0.0425502 -0.0359516   -9.80884 
                10.3 -0.112757 0.0770795 0.0210923 0.000799284   0.0152664  0.00540154 0 0 0   -0.011 -0.02329  0.04412   0.00982019 -0.000803238  -0.00510123  0.00315853 -0.00245618  -0.0014475   -0.036018 -0.00859052  -0.0128056 -0.0415232 -0.0346635   -9.80885 
                10.4 -0.116937 0.0821475 0.0176405 0.00210164  0.0149735 0.00740801 0 0 0   -0.011 -0.02329  0.04412   0.0150049 -0.00188704  0.00645074   0.0031353 -0.00249052 -0.00142333  -0.0359986 -0.00856166  -0.0136552 -0.0415356 -0.0346851   -9.80885 
                10.5  -0.115271  0.0780657 0.00947105 0.00107041  0.0121167 0.00670477 0 0 0   -0.011 -0.02329  0.04412   0.0112761 -0.00730295  0.00729849  0.00317653 -0.00240942 -0.00137062  -0.0354461 -0.00795056  -0.0130786 -0.0420133  -0.035224   -9.80885 
              10.599 -0.129267 0.0963805 0.0201011 0.0018252 0.0113167 0.0069778 0 0 0   -0.011 -0.02329  0.04412   0.0108058  -0.0125052 0.000435035  0.00318824  -0.0023798 -0.00138011  -0.0353623 -0.00798511  -0.0130108 -0.0420869 -0.0351949   -9.80885 
              10.699 -0.121555 0.0893729 0.0242424 0.00129593  0.0142355 0.00782715 0 0 0   -0.011 -0.02329  0.04412  0.00978056  0.00215615 0.000400329  0.00318852 -0.00233168 -0.00139801  -0.0350461 -0.00878214  -0.0133028 -0.0423649 -0.0345056   -9.80885 
              10.798 -0.107793 0.0597253 0.0173592 0.00197247  0.0145273  0.0045385 0 0 0   -0.011 -0.02329  0.04412 0.000464606 -0.00549387  -0.0192979  0.00317601 -0.00227339 -0.00142681   -0.035031 -0.00891007  -0.0122332 -0.0423868 -0.0343973   -9.80885 
              10.898 -0.105707 0.0501746 0.0225632 0.00261766  0.0141193 0.00511386 0 0 0   -0.011 -0.02329  0.04412  0.00489799 -0.00790956 -0.00695558   0.0031704 -0.00222398  -0.0014926  -0.0351585 -0.00898123   -0.013165 -0.0422714 -0.0343329   -9.80885 
                  11 -0.136912  0.067766 0.0132088 -0.00151229   0.0137584  0.00543563 0 0 0   -0.011 -0.02329  0.04412  -0.0105656  -0.0106349 -0.00304531  0.00319373 -0.00222975 -0.00147577  -0.0342603 -0.00913468  -0.0134206 -0.043045 -0.034203  -9.80885 
                11.1  -0.112435  0.0777653 0.00713167 -0.000624408    0.0123743   0.00617741 0 0 0   -0.011 -0.02329  0.04412      -0.012  -0.0097268 -0.00410908  0.00313637 -0.00224138 -0.00146103  -0.0346916 -0.00904695  -0.0138427 -0.0426722 -0.0342753   -9.80885 
                11.2  -0.13302 0.0725334 0.0193163 0.00326498  0.0138514 0.00594882 0 0 0   -0.011 -0.02329  0.04412  0.00688811 -0.00483093 -0.00400782  0.00317618  -0.0022149 -0.00137686  -0.0356257 -0.00952112  -0.0139417 -0.0418723 -0.0338625   -9.80885 
              11.298  -0.108275   0.066169 0.00771115 0.00214565  0.0146707 0.00506808 0 0 0   -0.011 -0.02329  0.04412  0.00186294 -0.00769654 -0.00669486  0.00314868 -0.00222263   -0.001361  -0.0353007 -0.00977934  -0.0138399 -0.0421534 -0.0336443   -9.80885 
              11.399 -0.122868 0.0451309 0.0199383 0.00543912  0.0133255 0.00556166 0 0 0   -0.011 -0.02329  0.04412   0.0165925  -0.0114581 -0.00827954  0.00312698 -0.00220766  -0.0012953  -0.0358262 -0.00968297   -0.014248 -0.0417018 -0.0337199   -9.80885 
              11.498 -0.137802 0.0508413 0.0133488 0.00287047  0.0113929 0.00789786 0 0 0   -0.011 -0.02329  0.04412  0.0031649 -0.0259944  0.0107173  0.00313582 -0.00219336 -0.00128686  -0.0350561 -0.00962732  -0.0150218 -0.0423569 -0.0337729   -9.80885 
                11.6 -0.111322 0.0626494 0.0127129 0.00264159  0.0124629 0.00880268 0 0 0   -0.011 -0.02329  0.04412  0.0018157 -0.0100646  0.0117215   0.0031438 -0.00215463  -0.0012512 -0.0349183 -0.0102841 -0.0149204 -0.0424819 -0.0332152   -9.80885 
                11.7 -0.112028 0.0461813   0.02593 0.00224444  0.0159427 0.00681595 0 0 0   -0.011 -0.02329  0.04412 -0.00354265   0.0101048 -0.00112277  0.00308656 -0.00212826 -0.00126129 -0.0348665 -0.0110419 -0.0140753 -0.0425353 -0.0325751   -9.80885 
                11.8  -0.11405  0.069032 0.0170199 0.00409535  0.0195589 0.00552196 0 0 0   -0.011 -0.02329  0.04412 0.00546994   0.023845  0.0041938  0.00312335 -0.00210476  -0.0011964 -0.0352362 -0.0114626 -0.0136244 -0.0422263 -0.0322162   -9.80886 
              11.898 -0.0978062  0.0804123  0.0235801 0.00390311  0.0184556 0.00823654 0 0 0   -0.011 -0.02329  0.04412 0.000579281  0.00558229   0.0139517  0.00311899 -0.00213426  -0.0011667 -0.0351395 -0.0108663  -0.014283 -0.0423002 -0.0327209   -9.80885 
                  12  -0.10919 0.0624484 0.0245192 0.00210032  0.0139531 0.00856123 0 0 0   -0.011 -0.02329  0.04412 -0.00578244  -0.0132077   0.0109559  0.00311538 -0.00209175 -0.00116435   -0.034802 -0.00997902  -0.0139174 -0.0425758 -0.0334759   -9.80885 
              12.098  -0.133914  0.0557785 0.00978838 -0.000104727    0.0103004   0.00894034 0 0 0   -0.011 -0.02329  0.04412 -0.00881157  -0.0250939   0.0110463  0.00311996  -0.0020918 -0.00118293  -0.0345205 -0.00960747  -0.0136336 -0.0428101 -0.0337932   -9.80885 
              12.201  -0.129587  0.0813866 0.00930722 -0.00200676   0.0138822  0.00725343 0 0 0   -0.011 -0.02329  0.04412  -0.0126049  -0.0107265 6.20875e-05  0.00311911 -0.00208675 -0.00118593 -0.0343732 -0.0107047 -0.0128898 -0.0429459 -0.0328728   -9.80885 
              12.299  -0.11265 0.0631466 0.0288634  0.0030605  0.0163794 0.00507524 0 0 0   -0.011 -0.02329  0.04412   0.0120754  0.00062743 -0.00951478  0.00311228 -0.00203552  -0.0011685 -0.0354386 -0.0113135 -0.0122572 -0.0420569 -0.0323561   -9.80886 
                12.4  -0.12902 0.0698288  0.014925 0.00612044  0.0124708 0.00611557 0 0 0   -0.011 -0.02329  0.04412   0.0131959  -0.0136569 -0.00690719  0.00311548 -0.00199704 -0.00115155 -0.0357626 -0.0107183 -0.0129808 -0.0417773 -0.0328493   -9.80886 
              12.498  -0.123133  0.0732375 0.00430948 8.99431e-05   0.0164869  0.00499393 0 0 0   -0.011 -0.02329  0.04412 -0.00983595   0.0116157 -0.00875049  0.00308456 -0.00201828 -0.00110522 -0.0344144 -0.0116412 -0.0128309 -0.0429153 -0.0320915   -9.80885 
                12.6 -0.110016 0.0674576 0.0152295 -0.000217045    0.0176267   0.00611747 0 0 0   -0.011 -0.02329  0.04412  -0.0084584  0.00987645 -0.00195482  0.00306292 -0.00204169 -0.00112045 -0.0345199  -0.011678 -0.0133991 -0.0428256 -0.0320569   -9.80885 
                12.7 -0.126769 0.0944417  0.017091 0.00345889  0.0176731 0.00669185 0 0 0   -0.011 -0.02329  0.04412  0.00930066  0.00874171 -0.00245156  0.00305016  -0.0020728 -0.00117268 -0.0353141 -0.0114781 -0.0137606 -0.0421612 -0.0322152   -9.80886 
              12.798  -0.116691  0.0822359 0.00918003 0.00231458  0.0164279 0.00424546 0 0 0   -0.011 -0.02329  0.04412 0.000484648  0.00144142  -0.0123138   0.0030695 -0.00207246 -0.00114423 -0.0349644 -0.0111426 -0.0131552 -0.0424519 -0.0324998   -9.80885 
              12.899 -0.117403 0.0889683 0.0228237 -0.000309587    0.0149616   0.00642708 0 0 0   -0.011 -0.02329  0.04412 -0.00996867 -0.00623177  0.00311627  0.00304904 -0.00206297 -0.00114189 -0.0345314 -0.0108644   -0.01412 -0.0428064 -0.0327282   -9.80885 
              12.999 -0.125304 0.0692886 0.0157338 -0.00196677   0.0141874  0.00695271 0 0 0   -0.011 -0.02329  0.04412 -0.0104074 -0.0149858  0.0014665  0.00303003 -0.00204797 -0.00111313 -0.0344212 -0.0108983 -0.0141315 -0.0428979 -0.0327009   -9.80885 
                13.1 -0.136667 0.0734104 0.0240268 0.00142206  0.0121614 0.00730495 0 0 0   -0.011 -0.02329  0.04412  0.00727412  -0.0193908 -0.00547682  0.00305297 -0.00203667 -0.00109545 -0.0351017 -0.0108596 -0.0142798 -0.0423346 -0.0327255   -9.80885 
              13.199 -0.115843 0.0881954 0.0180561 0.000271131   0.0124221  0.00491173 0 0 0   -0.011 -0.02329  0.04412 -0.00523775  -0.0154017   -0.014204  0.00303569 -0.00205963 -0.00108002 -0.0348336  -0.011228 -0.0138692 -0.0425611 -0.0324266   -9.80885 
              13.299 -0.122233 0.0702637 0.0199422 0.000757487   0.0106665  0.00453554 0 0 0   -0.011 -0.02329  0.04412 0.00731844 -0.0172409   -0.01271   0.0030369  -0.0020635 -0.00113828 -0.0349174 -0.0112022 -0.0141476 -0.0424914 -0.0324456   -9.80885 
                13.4 -0.133264 0.0814202 0.0178872 0.00555116  0.0135837 0.00732671 0 0 0   -0.011 -0.02329  0.04412  0.0157932 0.00555479 0.00213334  0.00304728 -0.00206815 -0.00115315 -0.0356427 -0.0118845 -0.0152834 -0.0418991 -0.0318755   -9.80886 
              13.498 -0.116196   0.05529 0.0164021 0.00269898  0.0176043 0.00689841 0 0 0   -0.011 -0.02329  0.04412 -0.000951074    0.0214954  -0.00304194  0.00303646  -0.0020218 -0.00117641 -0.0349613 -0.0124542 -0.0151558 -0.0424605  -0.031413   -9.80886 
                13.6 -0.113932 0.0884997 0.0162203 -0.00125894   0.0179089  0.00736857 0 0 0   -0.011 -0.02329  0.04412 -0.0147914  0.0098318 0.00773703  0.00303073 -0.00204027 -0.00119497 -0.0343337 -0.0122031 -0.0153485 -0.0429718 -0.0316207   -9.80885 
                13.7 -0.125287 0.0789123 0.0239679 0.00310021  0.0148186 0.00797201 0 0 0   -0.011 -0.02329  0.04412  0.00993769 -0.00717557  0.00533944  0.00306181 -0.00204544 -0.00118246 -0.0352411 -0.0116218 -0.0153172 -0.0422282 -0.0320893   -9.80886 
                13.8 -0.118858 0.0746704 0.0170025 0.00324933  0.0146627 0.00462527 0 0 0   -0.011 -0.02329  0.04412 0.00578981 -0.0126021 -0.0150603  0.00307235 -0.00202487 -0.00117969 -0.0351347 -0.0117918 -0.0143618  -0.042319 -0.0319555   -9.80886 
                13.9 -0.112685 0.0986479 0.0250453 0.00070388  0.0132346 0.00472254 0 0 0   -0.011 -0.02329  0.04412 -0.0027712 -0.0232804 -0.0156779  0.00308996 -0.00199483 -0.00114305 -0.0346164 -0.0118729 -0.0149176 -0.0427384 -0.0318936   -9.80886 
                  14 -0.120077 0.0804508 0.0193997 -0.00296572   0.0118536  0.00627708 0 0 0   -0.011 -0.02329  0.04412  -0.010062   -0.01535 0.00306425  0.00308189 -0.00194342 -0.00111698 -0.0340396 -0.0119801 -0.0156307  -0.043203 -0.0318115   -9.80885 
                14.1  -0.10581 0.0665844 0.0231437 0.00147995  0.0125437 0.00668495 0 0 0   -0.011 -0.02329  0.04412  0.0150156 -0.0137969 0.00306306  0.00308006 -0.00193673 -0.00115396 -0.0348419 -0.0123231 -0.0157032 -0.0425583  -0.031524   -9.80886 
                14.2  -0.132085  0.0801318 0.00891347 0.00279393  0.0153454 0.00786642 0 0 0   -0.011 -0.02329  0.04412    0.0186381 -0.000905687    0.0122046  0.00315272 -0.00193482 -0.00115697 -0.0348225 -0.0129571 -0.0158547 -0.0425801 -0.0310123   -9.80886 
              14.298 -0.114956 0.0629356 0.0270591 0.00515419   0.013736 0.00589631 0 0 0   -0.011 -0.02329  0.04412   0.0197566  -0.0143624 -0.00479115  0.00318324 -0.00192482 -0.00113939 -0.0349508 -0.0127756 -0.0151187 -0.0424777 -0.0311587   -9.80886 
                14.4  -0.11427 0.0604398 0.0161116 0.00532466  0.0155021 0.00574436 0 0 0   -0.011 -0.02329  0.04412   0.0183032 -0.00524169  -0.0088635  0.00320789 -0.00195367 -0.00111434 -0.0346074 -0.0133044 -0.0153034 -0.0427586 -0.0307376   -9.80886 
                14.5 -0.138248 0.0692074 0.0198746 0.00210761  0.0124224 0.00597602 0 0 0   -0.011 -0.02329  0.04412  0.00362901  -0.0250786 -0.00185206  0.00321557 -0.00194438 -0.00109917 -0.0338135 -0.0129912 -0.0155762 -0.0433904  -0.030997   -9.80886 
                14.6 -0.119348 0.0630263 0.0136787  0.0029672  0.0143845 0.00726791 0 0 0   -0.011 -0.02329  0.04412   0.0117835 -0.00964853  0.00848498  0.00318877 -0.00190566 -0.00109131 -0.0338175 -0.0136439 -0.0158642 -0.0433944 -0.0304743   -9.80886 
              14.699 -0.138026 0.0758234 0.0175586 0.00292694  0.0172231 0.00711746 0 0 0   -0.011 -0.02329  0.04412  0.0150003 0.00498003 0.00260935  0.00316874 -0.00193436 -0.00109896 -0.0335969 -0.0142247 -0.0156035 -0.0435772 -0.0300152   -9.80886 
              14.799 -0.113729 0.0694751 0.0184401 0.00441042   0.015483 0.00618711 0 0 0   -0.011 -0.02329  0.04412    0.0192905  -0.00881174 -0.000362726   0.0030803 -0.00189495 -0.00107839 -0.0335353 -0.0139556   -0.01535 -0.0436236 -0.0302318   -9.80886 
                14.9 -0.117815 0.0991039 0.0151104  0.0041678  0.0167722 0.00594248 0 0 0   -0.011 -0.02329  0.04412    0.018316 -0.00485046 -0.00259586  0.00303578 -0.00192376 -0.00104515  -0.033124  -0.014331 -0.0152635 -0.0439548   -0.02994   -9.80886 
              14.998 -0.119029 0.0738586 0.0230917 0.00419364   0.018015 0.00546494 0 0 0   -0.011 -0.02329  0.04412   0.0181207 -0.00428181   -0.006416   0.0030138 -0.00186141 -0.00104982 -0.0328486  -0.014643 -0.0152164 -0.0441767 -0.0296968   -9.80886 
              15.099 -0.115416 0.0712374 0.0211904  0.0038689  0.0170657 0.00588188 0 0 0   -0.011 -0.02329  0.04412   0.0149947 -0.00703966 -0.00919554  0.00297228  -0.0018508 -0.00107708 -0.0324812  -0.014568 -0.0155599 -0.0444645 -0.0297569   -9.80885 
                15.2 -0.104687 0.0739497 0.0179942 0.00492806  0.0193864 0.00638468 0 0 0   -0.011 -0.02329  0.04412   0.0192162  0.00340241 -0.00556776  0.00298421 -0.00184114 -0.00108433 -0.0323798 -0.0150015 -0.0159231  -0.044547 -0.0294134   -9.80885 
              15.299 -0.124703 0.0663455 0.0203817 0.00490716  0.0143829 0.00471162 0 0 0   -0.011 -0.02329  0.04412   0.0115596  -0.0205242 -0.00812059  0.00301698 -0.00181804 -0.00109588 -0.0320875 -0.0142756 -0.0156422 -0.0447708 -0.0299883   -9.80885 
                15.4 -0.145634 0.0749907 0.0229901  0.0058261  0.0115772 0.00573713 0 0 0   -0.011 -0.02329  0.04412  0.00791398  -0.0260326 -0.00248647  0.00303141 -0.00177955 -0.00108452 -0.0320732 -0.0141891 -0.0161672 -0.0447804 -0.0300544   -9.80885 
                15.5 -0.132577 0.0693001 0.0129649 0.00141637  0.0130895  0.0065784 0 0 0   -0.011 -0.02329  0.04412  -0.011754 -0.0115758 0.00479633  0.00303397 -0.00173146 -0.00107211 -0.0312961 -0.0147959 -0.0163956 -0.0453939 -0.0295869   -9.80885 
                15.6 -0.118475 0.0625427  0.024131 0.00209386  0.0169092 0.00749691 0 0 0   -0.011 -0.02329  0.04412 0.00355364  0.0126651  0.0173554  0.00301365  -0.0017478 -0.00110986 -0.0315023 -0.0155123 -0.0163786 -0.045241 -0.029026  -9.80885 
              15.699 -0.141282 0.0855375 0.0107422 0.00344076  0.0142597 0.00927499 0 0 0   -0.011 -0.02329  0.04412    0.017746 -0.00994413   0.0167869  0.00305489 -0.00174858 -0.00106743 -0.0315649 -0.0150054 -0.0164011 -0.0451873 -0.0294197   -9.80885 
                15.8 -0.117187 0.0644115 0.0244969  0.0041264  0.0154352 0.00569714 0 0 0   -0.011 -0.02329  0.04412   0.0214419 -0.00247467 -0.00374915  0.00302328 -0.00174723 -0.00106245 -0.0313474 -0.0153258 -0.0152339 -0.0453596 -0.0291811   -9.80885 
                15.9   -0.10835  0.0872287 0.00930393 0.00394134  0.0157351 0.00648616 0 0 0   -0.011 -0.02329  0.04412   0.0125799 -0.00521529  0.00436621  0.00300468 -0.00174142 -0.00104346 -0.0310056 -0.0154583 -0.0155377 -0.0456257 -0.0290803   -9.80885 
                  16 -0.119714 0.0677952 0.0189091 0.0039512 0.0171994 0.0077262 0 0 0   -0.011 -0.02329  0.04412  0.00956086 0.000863238   0.0106019  0.00301918 -0.00173546  -0.0010876 -0.0308047 -0.0157774 -0.0157382 -0.0457844 -0.0288348   -9.80885 
                16.1    -0.118 0.0725039 0.0226791 0.00181141  0.0139934 0.00816691 0 0 0   -0.011 -0.02329  0.04412 0.00559917 -0.0125778  0.0116127  0.00303743  -0.0017663 -0.00111066 -0.0303224 -0.0153305 -0.0155657 -0.0461522 -0.0291846   -9.80885 
                16.2 -0.119102 0.0921456 0.0182497 0.00214726   0.015374 0.00776701 0 0 0   -0.011 -0.02329  0.04412   0.0162715 -0.00795455   0.0101437  0.00303048 -0.00175356 -0.00109349 -0.0302605 -0.0157176 -0.0151124 -0.0462026   -0.02889   -9.80885 
              16.299 -0.130748 0.0704921 0.0214779 0.00579488  0.0179239 0.00597098 0 0 0   -0.011 -0.02329  0.04412    0.0332251    0.0132748 -0.000735112  0.00302893  -0.0017014 -0.00107823 -0.0304707 -0.0161242 -0.0144989 -0.0460462 -0.0285793   -9.80885 
                16.4 -0.137655 0.0678804 0.0206693 0.00642259  0.0135564  0.0066418 0 0 0   -0.011 -0.02329  0.04412   0.0349096 -0.00284027 0.000333748  0.00300914  -0.0016784 -0.00107898 -0.0299827 -0.0153137 -0.0146921  -0.046408 -0.0292045   -9.80885 
                16.5 -0.127025 0.0633892 0.0142032  0.0020254  0.0163178 0.00599857 0 0 0   -0.011 -0.02329  0.04412   0.0171536   0.0102255 0.000745214  0.00297525 -0.00160127 -0.00106422 -0.0288312 -0.0157282 -0.0145166 -0.0472925 -0.0289057   -9.80884 
              16.599 -0.127569 0.0793626 0.0234637 0.00227061  0.0156783 0.00825529 0 0 0   -0.011 -0.02329  0.04412  0.0283814 0.00344026 0.00827657  0.00293004 -0.00157286 -0.00105503 -0.0285201 -0.0155293 -0.0149875 -0.0475255 -0.0290573   -9.80884 
                16.7 -0.126522  0.074267 0.0246064 0.00835778  0.0161266 0.00783288 0 0 0   -0.011 -0.02329  0.04412   0.0459453  0.00424035 -0.00737339   0.0029292 -0.00155318 -0.00106876 -0.0289206 -0.0155294 -0.0147977 -0.0472218 -0.0290535   -9.80884 
                16.8 -0.117477 0.0675301 0.0256699 0.00408402  0.0182688  0.0047942 0 0 0   -0.011 -0.02329  0.04412  0.0214042 0.00975197 -0.0097399  0.00289147 -0.00154677  -0.0010502 -0.0276331 -0.0157939  -0.014205 -0.0482005 -0.0288754   -9.80884 
              16.901 -0.119484 0.0900654 0.0203599 0.00243686  0.0175694 0.00516673 0 0 0   -0.011 -0.02329  0.04412   0.00498269 -0.000407014  -0.00201188  0.00289403 -0.00156051 -0.00104177 -0.0271146 -0.0155871 -0.0145074 -0.0485896 -0.0290355   -9.80884 
                  17 -0.123587 0.0801995  0.016259 0.00421916  0.0161376  0.0073003 0 0 0   -0.011 -0.02329  0.04412   0.0199765 -0.00506402   0.0141567   0.00291544  -0.00154471 -0.000998715 -0.0272307 -0.0153717 -0.0150702 -0.0485003 -0.0291918   -9.80884 
                17.1 -0.142203  0.085543 0.0204087 0.00405227  0.0117237 0.00866278 0 0 0   -0.011 -0.02329  0.04412  0.0213936 -0.0289953  0.0117349  0.00292712 -0.00153651 -0.00099837 -0.0268845 -0.0149243  -0.015077 -0.0487536 -0.0295329   -9.80883 
              17.199 -0.120068 0.0797077 0.0261295 0.00450616  0.0138225 0.00761718 0 0 0   -0.011 -0.02329  0.04412   0.0265333  -0.0177305 -0.00194831    0.0028859  -0.00155811 -0.000995958 -0.0265994 -0.0156019 -0.0146912 -0.0489763 -0.0290314   -9.80883 
                17.3  -0.12076 0.0824392 0.0251369 0.00190333  0.0135811 0.00542112 0 0 0   -0.011 -0.02329  0.04412   0.0244167 -0.00950436 -0.00224996   0.00288705  -0.00151359 -0.000991672 -0.0257924  -0.015825  -0.014166 -0.0495812 -0.0288785   -9.80883 
                17.4  -0.13472 0.0628535 0.0106248 0.00407225  0.0144148  0.0079009 0 0 0   -0.011 -0.02329  0.04412  0.0303755 -0.0159623 0.00294223  0.00287056 -0.00150799 -0.00105174 -0.0257157 -0.0161063  -0.014877 -0.0496429 -0.0286645   -9.80883 
              17.499 -0.121471 0.0672108  0.017722 0.00551478  0.0149394 0.00639262 0 0 0   -0.011 -0.02329  0.04412   0.0310083  -0.0151017 -0.00280926  0.00283201 -0.00147533 -0.00106217 -0.0254597 -0.0164566 -0.0144862  -0.049835 -0.0284091   -9.80883 
              17.601 -0.106925 0.0520443 0.0293985 0.00639949  0.0142331 0.00640194 0 0 0   -0.011 -0.02329  0.04412  0.0266933 -0.0141877 -0.0118419  0.00280923 -0.00142923 -0.00106002 -0.0251441  -0.016561 -0.0146442 -0.0500703 -0.0283326   -9.80883 
              17.698 -0.133651 0.0731899 0.0150027 0.00408839  0.0166459 0.00535056 0 0 0   -0.011 -0.02329  0.04412   0.0158689 -0.00431567  -0.0190255  0.00281736 -0.00141291 -0.00100244 -0.0244585 -0.0171191 -0.0147099 -0.0505834 -0.0279266   -9.80883 
              17.799 -0.118796 0.0538901 0.0238435 0.00839038  0.0152922 0.00384014 0 0 0   -0.011 -0.02329  0.04412  0.0451937 0.00200334 -0.0104879   0.00276812  -0.00140188 -0.000972362 -0.0247394 -0.0169704 -0.0147924 -0.0503743 -0.0280316   -9.80883 
              17.899 -0.111931 0.0778629 0.0246927 0.00498594  0.0168028 0.00590415 0 0 0   -0.011 -0.02329  0.04412  0.0246548   0.011544 0.00613933    0.0027476  -0.00140087 -0.000971607 -0.0236572 -0.0171193 -0.0154749 -0.0511757 -0.0279334   -9.80883 
                  18 -0.139131 0.0692564 0.0240353 0.00399943  0.0177899 0.00663533 0 0 0   -0.011 -0.02329  0.04412   0.0193671   0.0163809 0.000138778    0.0027736  -0.00136795 -0.000966754 -0.0231439 -0.0170428 -0.0155537 -0.0515513 -0.0279973   -9.80882 
                18.1 -0.128498 0.0727358 0.0248908 0.00349905  0.0182142  0.0066498 0 0 0   -0.011 -0.02329  0.04412   0.0221752   0.0115615 -0.00469889   0.00275555  -0.00134881 -0.000979343 -0.0227962 -0.0168983 -0.0155994 -0.0518039 -0.0281078   -9.80882 
                18.2 -0.116519  0.092097 0.0273399 0.00541038  0.0201829 0.00515153 0 0 0   -0.011 -0.02329  0.04412  0.0340322  0.0181403 -0.0168501  0.00272543 -0.00130818  -0.0010188 -0.0226687 -0.0169816 -0.0154605 -0.0518973 -0.0280494   -9.80882 
                18.3 -0.111583 0.0730293 0.0260993 0.00546716  0.0178173  0.0037556 0 0 0   -0.011 -0.02329  0.04412  0.0258898 -0.0057519 -0.0212486  0.00270495 -0.00129705 -0.00104059 -0.0222078 -0.0164924 -0.0155609 -0.0522276 -0.0284098   -9.80882 
              18.399 -0.126543 0.0568025 0.0158809 0.00755723  0.0139701 0.00600855 0 0 0   -0.011 -0.02329  0.04412   0.0325429  -0.0227894 -0.00714101  0.00271838 -0.00126344 -0.00102985 -0.0221031 -0.0160559 -0.0166042 -0.0522995 -0.0287209   -9.80882 
              18.499  -0.120232  0.0653657 0.00910642 0.00628452  0.0163043 0.00640231 0 0 0   -0.011 -0.02329  0.04412   0.0190594  -0.0105451 -0.00397323   0.00268972  -0.00121489 -0.000981115 -0.0215002 -0.0166784 -0.0169279 -0.0527439 -0.0282756   -9.80882 
              18.599 -0.123152 0.0707511 0.0225994 0.00260514  0.0164698 0.00640354 0 0 0   -0.011 -0.02329  0.04412  0.00345854    -0.01015 -0.00161118   0.00268958  -0.00121104 -0.000985641 -0.0207631 -0.0168578 -0.0169552 -0.0532784 -0.0281558   -9.80881 
                18.7 -0.116614 0.0943528 0.0261128 0.00518686  0.0156832 0.00772167 0 0 0   -0.011 -0.02329  0.04412   0.0170304  -0.0028591 -0.00297907  0.00267867 -0.00119511 -0.00099383 -0.0210275 -0.0168354 -0.0173619 -0.0530896 -0.0281658   -9.80882 
              18.799  -0.124422  0.0663846 0.00250877 0.00344871  0.0153722 0.00417199 0 0 0   -0.011 -0.02329  0.04412 0.00317941 0.00135335 -0.0198381   0.00265208  -0.00117006 -0.000969294 -0.0205854  -0.016791 -0.0167648 -0.0534041 -0.0282065   -9.80881 
              18.898 -0.124424 0.0631149 0.0222558 0.00549857  0.0194569 0.00528799 0 0 0   -0.011 -0.02329  0.04412   0.0131409   0.0187127 -0.00274249   0.00265824  -0.00116055 -0.000961212 -0.0208159 -0.0172906 -0.0173874 -0.0532475 -0.0278419   -9.80882 
                  19 -0.122186 0.0675788  0.013121 0.00313733   0.015937 0.00712481 0 0 0   -0.011 -0.02329  0.04412  0.00766341 -0.00626411   0.0159841   0.00264672  -0.00118417 -0.000932039  -0.020289  -0.016615 -0.0178011 -0.0536183 -0.0283275   -9.80881 
              19.101 -0.122219 0.0670929 0.0332984 0.00448245  0.0153584 0.00833533 0 0 0   -0.011 -0.02329  0.04412    0.017572 -0.00492468   0.0145796   0.00265827  -0.00116206 -0.000934258 -0.0203294 -0.0166282 -0.0176555 -0.0535887 -0.0283186   -9.80881 
              19.199 -0.107579 0.0934275 0.0173611 0.00280897  0.0179023 0.00747853 0 0 0   -0.011 -0.02329  0.04412  0.0133671 0.00866264 0.00409804  0.00266382 -0.00115771 -0.00093541 -0.0198725 -0.0169968 -0.0172707  -0.053915 -0.0280654   -9.80881 
              19.299 -0.110842 0.0677467  0.025737 0.00600341   0.017163 0.00545662 0 0 0   -0.011 -0.02329  0.04412   0.0344569 -0.00872011 -0.00812458   0.00265499  -0.00114076 -0.000949895 -0.0200308 -0.0168555   -0.01675 -0.0537979 -0.0281665   -9.80881 
                19.4 -0.133765 0.0655616 0.0236012 0.00971496  0.0117684 0.00663264 0 0 0   -0.011 -0.02329  0.04412   0.039107 -0.0197541 0.00427949   0.00266992  -0.00112862 -0.000952819 -0.0200337 -0.0162628 -0.0171881 -0.0537911 -0.0285828   -9.80881 
                19.5 -0.122702 0.0777997 0.0203883  0.0014494  0.0164573 0.00592571 0 0 0   -0.011 -0.02329  0.04412 -0.00436797  0.00431233 0.000534904   0.00264561   -0.0011713 -0.000966128 -0.0184413 -0.0171343 -0.0169455 -0.0549204  -0.027988   -9.80881 
                19.6 -0.144242 0.0754707 0.0265714 0.00138646  0.0167512 0.00594272 0 0 0   -0.011 -0.02329  0.04412 0.00970782 0.00803002 0.00120313  0.00268866 -0.00116268 -0.00100787 -0.0184259  -0.017106 -0.0169548 -0.054931 -0.028008  -9.80881 
              19.701 -0.143255 0.0880301 0.0244085 0.00477552   0.015113 0.00684868 0 0 0   -0.011 -0.02329  0.04412   0.0301037  0.00516863 -0.00175704   0.00267162  -0.00115324 -0.000992335 -0.0186295 -0.0167637  -0.017197 -0.0547872 -0.0282442   -9.80881 
                19.8 -0.131474  0.065088 0.0183942 0.00483556  0.0184527 0.00491288 0 0 0   -0.011 -0.02329  0.04412  0.0326067  0.0139703 -0.0170059   0.00261859  -0.00107071 -0.000980641 -0.0181933 -0.0171413 -0.0169232 -0.0550941 -0.0279876   -9.80881 
              19.899 -0.119219  0.089464  0.021395 0.00781653  0.0201214 0.00601886 0 0 0   -0.011 -0.02329  0.04412   0.0441549     0.02239 -0.00252333   0.00259203  -0.00108339 -0.000947931 -0.0180709 -0.0171754 -0.0174651 -0.0551814 -0.0279595    -9.8088 
                  20  -0.10939 0.0692487 0.0292831 0.00369689   0.019599 0.00737031 0 0 0   -0.011 -0.02329  0.04412   0.018574  0.0120289 0.00390567   0.00252407  -0.00104338 -0.000947809 -0.0169441 -0.0168417  -0.017733 -0.0559601 -0.0282037    -9.8088 
              20.099  -0.12366 0.0728482 0.0237298 0.00455992  0.0158156 0.00782158 0 0 0   -0.011 -0.02329  0.04412  0.00842311 -0.00559327  0.00588405   0.00251255   -0.0010213 -0.000986748  -0.016824 -0.0162482 -0.0177079 -0.0560346 -0.0286165    -9.8088 
                20.2 -0.131573 0.0758485 0.0246044  0.001155 0.0140759 0.0059988 0 0 0   -0.011 -0.02329  0.04412   0.0041389 -0.00580659 -0.00904396   0.00249679  -0.00101297 -0.000971943 -0.0162726 -0.0160967 -0.0172498 -0.0564111 -0.0287312    -9.8088 
              20.299 -0.115261 0.0778167 0.0208835 0.00517033  0.0199628 0.00526668 0 0 0   -0.011 -0.02329  0.04412   0.0285955   0.0157209 -0.00435983    0.0024478  -0.00101481 -0.000935183 -0.0166655 -0.0169084 -0.0172907 -0.0561509 -0.0281675    -9.8088 
                20.4 -0.127456 0.0723067 0.0198588 0.00768492  0.0172058   0.007043 0 0 0   -0.011 -0.02329  0.04412   0.0397129 -0.00119765  0.00206774   0.00245266 -0.000971983  -0.00098493 -0.0165353 -0.0163571 -0.0177535 -0.0562353 -0.0285439    -9.8088 
              20.504 -0.116877  0.070692 0.0127274 0.00723444  0.0144788 0.00602983 0 0 0   -0.011 -0.02329  0.04412   0.0303256 -0.00634264  0.00210658   0.00242451 -0.000958857 -0.000954205 -0.0159234 -0.0160186 -0.0175041 -0.0566488 -0.0287842   -9.80879 
              20.598 -0.131519 0.0937218 0.0241849 0.00536519  0.0144482 0.00651471 0 0 0   -0.011 -0.02329  0.04412  0.0207206 0.00239438 0.00769051   0.00244727 -0.000947386 -0.000970291  -0.015316  -0.016044 -0.0175206 -0.0570636  -0.028773   -9.80879 
                20.7 -0.121395 0.0894336 0.0265944 0.00424951  0.0179149 0.00872346 0 0 0   -0.011 -0.02329  0.04412 0.0142821 0.0106428 0.0103151   0.00241666 -0.000910622 -0.000986484 -0.0148841 -0.0164355 -0.0178267 -0.0573628 -0.0285083   -9.80879 
              20.799 -0.108836 0.0589517 0.0173945 0.00662665  0.0175259 0.00497006 0 0 0   -0.011 -0.02329  0.04412  0.0308993  0.0068058 -0.0107761   0.00239229 -0.000878038 -0.000997851 -0.0149044  -0.016259 -0.0169534 -0.0573429 -0.0286345   -9.80879 
              20.898 -0.106808 0.0487668 0.0244302 0.00793783  0.0183576 0.00664558 0 0 0   -0.011 -0.02329  0.04412 0.0306888 0.0108829  0.010276   0.00238691 -0.000829344  -0.00102624 -0.0146805 -0.0162607 -0.0174134 -0.0574969 -0.0286313   -9.80879 
                  21 -0.135016  0.062616 0.0136654 0.00307248  0.0188011 0.00728555 0 0 0   -0.011 -0.02329  0.04412 0.00999236   0.017002  0.0109768   0.00239058 -0.000803641  -0.00100774 -0.0136822 -0.0161209 -0.0173016 -0.0581686  -0.028733   -9.80879 
              21.099 -0.101027 0.0721668 0.0208486 0.00485691  0.0181816 0.00814939 0 0 0   -0.011 -0.02329  0.04412 0.0225833 0.0150757 0.0120138   0.00236534  -0.00079746 -0.000969914 -0.0137354 -0.0158202 -0.0172442 -0.0581295  -0.028935   -9.80879 
              21.198 -0.130131 0.0646567 0.0210169  0.0100735  0.0174454 0.00783455 0 0 0   -0.011 -0.02329  0.04412  0.0455749  0.0117739 0.00671305   0.00234906 -0.000776392 -0.000956282 -0.0140117 -0.0155218 -0.0169512  -0.057938 -0.0291337   -9.80879 
                21.3  -0.106431  0.0625899 0.00974493 0.00868544  0.0194848 0.00564574 0 0 0   -0.011 -0.02329  0.04412   0.0425299   0.0224397 -0.00226244   0.00233932   -0.0007585 -0.000978747 -0.0132235 -0.0156064 -0.0163778 -0.0584604 -0.0290895   -9.80878 
              21.399 -0.122179 0.0455888 0.0224025  0.0100028  0.0186827 0.00641039 0 0 0   -0.011 -0.02329  0.04412  0.0405307  0.0149691 0.00111418    0.0023607 -0.000749255   -0.0010079  -0.012827 -0.0151955 -0.0165288 -0.0587232 -0.0293654   -9.80878 
              21.499 -0.129656 0.0534973 0.0142438 0.00661833  0.0160955 0.00720414 0 0 0   -0.011 -0.02329  0.04412  0.0205635 0.00403359  0.0054734   0.00232524 -0.000732939  -0.00100624 -0.0118929 -0.0146839 -0.0166133  -0.059342 -0.0297102   -9.80878 
                21.6 -0.0885356  0.0590828  0.0154987 0.00804825   0.018426 0.00845606 0 0 0   -0.011 -0.02329  0.04412 0.0283278 0.0126293 0.0122854   0.00229975 -0.000707055  -0.00100554  -0.011765 -0.0149088 -0.0167122 -0.0594295 -0.0295615   -9.80878 
              21.698 -0.105502 0.0430728 0.0251841 0.00734023  0.0198271 0.00689105 0 0 0   -0.011 -0.02329  0.04412  0.0225563  0.0215696 0.00118569   0.00230954 -0.000730167  -0.00098511 -0.0113432    -0.0149 -0.0162331 -0.0597015 -0.0295729   -9.80877 
              21.799 -0.115899 0.0631066 0.0160455 0.00976374  0.0217331 0.00554825 0 0 0   -0.011 -0.02329  0.04412   0.0284867   0.0256311 -0.00571279   0.00229976  -0.00070589 -0.000954891 -0.0113156 -0.0148602 -0.0159137 -0.0597145    -0.0296   -9.80877 
              21.899 -0.093956 0.0703357 0.0254163 0.00887286  0.0210866 0.00751282 0 0 0   -0.011 -0.02329  0.04412  0.0206401  0.0168999 0.00939242   0.00225954  -0.00068583 -0.000956844 -0.0108343 -0.0144691 -0.0163376 -0.0600319 -0.0298611   -9.80877 
                  22 -0.106443 0.0611236 0.0259308 0.00506569  0.0167969 0.00813815 0 0 0   -0.011 -0.02329  0.04412  -0.0029158 -0.00873248  0.00928655   0.00228693 -0.000676474  -0.00094534 -0.0101444 -0.0137928 -0.0162356 -0.0604763 -0.0303104   -9.80877 
                22.1 -0.131555 0.0531644 0.0137867 0.00376075   0.013129 0.00866999 0 0 0   -0.011 -0.02329  0.04412  0.0063343 -0.0106959 0.00663698   0.00229379 -0.000673792 -0.000957568 -0.00995977  -0.0134478  -0.0161206 -0.0605924 -0.0305374   -9.80877 
                22.2  -0.12391 0.0803447 0.0109192 0.00249873  0.0179328 0.00709142 0 0 0   -0.011 -0.02329  0.04412  0.00604992   0.0114958 -0.00103336    0.0022795 -0.000713065 -0.000941992 -0.00969716  -0.0140891  -0.0157622 -0.0607635 -0.0301224   -9.80877 
              22.298   -0.1152 0.0526744 0.0311595 0.00703935  0.0196928 0.00535581 0 0 0   -0.011 -0.02329  0.04412  0.0331231  0.0199064 -0.0101857    0.0022296 -0.000710402 -0.000938336 -0.0100781 -0.0141515 -0.0154347 -0.0605117 -0.0300807   -9.80877 
              22.399  -0.13001 0.0733254 0.0143077 0.00889588  0.0164011 0.00553498 0 0 0   -0.011 -0.02329  0.04412   0.0326537  0.00481753 -0.00905092   0.00227516 -0.000719718 -0.000902211 -0.00989683  -0.0134851  -0.0157104 -0.0606282 -0.0305118   -9.80877 
              22.499 -0.115586 0.0807583 0.0055612 0.00347194  0.0204894 0.00503916 0 0 0   -0.011 -0.02329  0.04412  0.00787208   0.0211243 -0.00636515  0.00226722 -0.00075216 -0.00087316 -0.00880741  -0.0138914  -0.0157095 -0.0613343 -0.0302601   -9.80876 
              22.599 -0.112653  0.065177 0.0166651 0.00369068  0.0191653 0.00625219 0 0 0   -0.011 -0.02329  0.04412   0.0112869   0.0114355 -0.00539476   0.00227927 -0.000716424 -0.000892664 -0.00871473  -0.0134918  -0.0160766 -0.0613964 -0.0305168   -9.80876 
                22.7  -0.12086 0.0907024 0.0275813 0.00789731  0.0209091 0.00666708 0 0 0   -0.011 -0.02329  0.04412  0.0259601  0.0199022 -0.0035055   0.00226051 -0.000715049 -0.000907367 -0.00902827  -0.0135001  -0.0162771 -0.061198  -0.03051  -9.80876 
                22.8 -0.117137 0.0770495 0.0123299 0.00538628  0.0186129 0.00370052 0 0 0   -0.011 -0.02329  0.04412  0.0101049 0.00840464 -0.0240361   0.00228153 -0.000726674 -0.000859256 -0.00842221   -0.012974   -0.015902 -0.0615794 -0.0308495   -9.80876 
                22.9 -0.121427 0.0875278 0.0244545 0.00272943  0.0169478 0.00545617 0 0 0   -0.011 -0.02329  0.04412  0.00573407  0.00261007 -0.00644344   0.00231723 -0.000749392 -0.000835487 -0.00795566  -0.0126564  -0.0166198 -0.0618829 -0.0310537   -9.80876 
                  23 -0.127061 0.0673509 0.0193235 0.00122524  0.0169688 0.00619679 0 0 0   -0.011 -0.02329  0.04412 0.00837116 0.00626881 0.00147541   0.00229978 -0.000714649 -0.000829422 -0.00767517  -0.0126373  -0.0168651 -0.0620638 -0.0310682   -9.80875 
                23.1 -0.137239 0.0710903 0.0231197 0.00566271  0.0155057 0.00758657 0 0 0   -0.011 -0.02329  0.04412  0.0266511 0.00210672 0.00308488   0.00231214 -0.000711583 -0.000837864 -0.00806799   -0.012354  -0.0170703 -0.0618151 -0.0312443   -9.80876 
                23.2 -0.113975 0.0844823 0.0197475 0.00474533  0.0163631 0.00669768 0 0 0   -0.011 -0.02329  0.04412  0.0230435 0.00863038 0.00712006   0.00228072 -0.000755066 -0.000808978 -0.00756702  -0.0123943  -0.0167751 -0.0621282 -0.0312234   -9.80875 
              23.299 -0.116428 0.0656693 0.0260279 0.00523891  0.0150739 0.00628671 0 0 0   -0.011 -0.02329  0.04412   0.0222044   0.0059521 0.000659382   0.00230382 -0.000692846 -0.000785388 -0.00733122   -0.012101  -0.0165887 -0.0622714 -0.0314108   -9.80875 
              23.398 -0.129596 0.0835029 0.0223404 0.0085188 0.0176369 0.0080072 0 0 0   -0.011 -0.02329  0.04412 0.0329791 0.0198415 0.0173055   0.00230388 -0.000691723 -0.000780906 -0.00741541  -0.0122738  -0.0168131 -0.0622229 -0.0313011   -9.80875 
                23.5 -0.111951 0.0510736 0.0178487 0.00653993  0.0204534 0.00852106 0 0 0   -0.011 -0.02329  0.04412 0.0114286 0.0280759 0.0144084   0.00229595 -0.000637614 -0.000766195 -0.00680252  -0.0123393  -0.0165904 -0.0626045 -0.0312662   -9.80875 
              23.599 -0.107735 0.0815338 0.0173974 0.00260738  0.0206803 0.00887825 0 0 0   -0.011 -0.02329  0.04412 -0.000510698     0.025871    0.0073982   0.00224263 -0.000649214  -0.00073746 -0.00621619  -0.0120201  -0.0163936 -0.0629659   -0.03147   -9.80875 
              23.698 -0.125023 0.0768298 0.0238771 0.00714137  0.0175705 0.00834361 0 0 0   -0.011 -0.02329  0.04412  0.0294645  0.0128744 0.00790946   0.00221641 -0.000610289 -0.000722151 -0.0066882 -0.0113291 -0.0160875 -0.0626637 -0.0318969   -9.80875 
                23.8 -0.119464 0.0684923 0.0201392 0.0078727 0.0196999 0.0049374 0 0 0   -0.011 -0.02329  0.04412   0.0216197   0.0255185 -0.00546818   0.00217851 -0.000583216 -0.000691185 -0.00639342  -0.0113522  -0.0153224 -0.0628379  -0.031888   -9.80875 
                23.9  -0.10426  0.090845 0.0258495 0.00498932    0.01898 0.00590013 0 0 0   -0.011 -0.02329  0.04412  0.00614222   0.0203147 0.000507399   0.00216167 -0.000607691 -0.000737179 -0.0057987 -0.0109629 -0.0156123 -0.0632053 -0.0321321   -9.80874 
                  24 -0.113743 0.0688457 0.0222306 0.000868768   0.0166987   0.0070639 0 0 0   -0.011 -0.02329  0.04412 -0.00436053  0.00413584 0.000406922    0.0021738 -0.000583334 -0.000749474 -0.00520254  -0.0104695  -0.0158011 -0.0635724 -0.0324381   -9.80874 
                24.1 -0.100077 0.0655559 0.0207933 0.00391076  0.0159679 0.00606417 0 0 0   -0.011 -0.02329  0.04412    0.013853 -0.00179737 -0.00511692   0.00215009 -0.000582583  -0.00072817 -0.00558637  -0.0103413  -0.0156581 -0.0633344 -0.0325153   -9.80874 
                24.2 -0.128722 0.0809169 0.0132137 0.00449662  0.0182993 0.00659834 0 0 0   -0.011 -0.02329  0.04412  0.00859423  0.00817893 -0.00498273   0.00214599 -0.000619146 -0.000715978 -0.0055023 -0.0106206 -0.0158967 -0.0633906 -0.0323448   -9.80874 
                24.3 -0.107425 0.0576597 0.0297931 0.00734713  0.0168352 0.00548852 0 0 0   -0.011 -0.02329  0.04412  0.0192026 0.00576677 -0.0021218   0.00209831 -0.000641111 -0.000743953 -0.0056894  -0.010352 -0.0157052 -0.0632718 -0.0325075   -9.80874 
                24.4 -0.108467 0.0711895 0.0249632 0.00602517  0.0183447 0.00616088 0 0 0   -0.011 -0.02329  0.04412  0.0151428  0.0134541 0.00415707   0.00208131 -0.000664502  -0.00070734 -0.00528433   -0.010474  -0.0158772 -0.0635218 -0.0324358   -9.80874 
              24.499 -0.132381 0.0705889 0.0227749 0.00392991  0.0170535 0.00693189 0 0 0   -0.011 -0.02329  0.04412  0.00478753    0.012013 0.000977562   0.00209985 -0.000654761 -0.000709684 -0.00487605  -0.0101514  -0.0159211 -0.0637674 -0.0326346   -9.80874 
              24.598 -0.113196 0.0696623 0.0166662 0.00500861  0.0199177 0.00707424 0 0 0   -0.011 -0.02329  0.04412   0.0188578   0.0267635 -0.00120157   0.00202959  -0.00061732 -0.000696836 -0.00488336  -0.0102924  -0.0159646 -0.0637646 -0.0325492   -9.80874 
              24.699 -0.129929 0.0728777 0.0190829 0.00556412  0.0221713 0.00625061 0 0 0   -0.011 -0.02329  0.04412   0.0263586   0.0428682 -0.00409753   0.00200067 -0.000638351 -0.000677005 -0.00467448  -0.0101706  -0.0158399 -0.0638883  -0.032624   -9.80874 
                24.8 -0.108528 0.0670413 0.0198655 0.00807812  0.0218709 0.00541672 0 0 0   -0.011 -0.02329  0.04412   0.042001  0.0261468 -0.0063552   0.00198673 -0.000645821 -0.000674935 -0.00456094 -0.00965018  -0.0157952  -0.063954 -0.0329373   -9.80874 
              24.899 -0.118405 0.0947175 0.0183858 0.00764095  0.0219201 0.00563642 0 0 0   -0.011 -0.02329  0.04412  0.0259657  0.0251008 0.00876072   0.00198793 -0.000662162  -0.00064124 -0.00402101 -0.00931581  -0.0158708 -0.0642771 -0.0331394   -9.80873 
                  25 -0.110305 0.0717053 0.0253104 0.00572813  0.0231634 0.00703521 0 0 0   -0.011 -0.02329  0.04412  0.0122793  0.0355345 0.00807375   0.00197845 -0.000658834  -0.00061084 -0.00348311 -0.00912676  -0.0159763 -0.0645989 -0.0332544   -9.80873 
              25.101 -0.110943 0.0722786 0.0219638 0.00535947  0.0225459 0.00672725 0 0 0   -0.011 -0.02329  0.04412  0.0126122  0.0254568 -0.0020097   0.00199466 -0.000644569  -0.00060199 -0.00327483 -0.00860905  -0.0158647 -0.0647186 -0.0335637   -9.80873 
              25.201 -0.0992211  0.0725315  0.0189465 0.00642845  0.0234674 0.00741319 0 0 0   -0.011 -0.02329  0.04412    0.021636   0.0197293 -0.00113472   0.00198277 -0.000639743 -0.000574801  -0.0032046 -0.00843828  -0.0160375 -0.0647617 -0.0336657   -9.80873 
                25.3 -0.121835 0.0646177 0.0223563 0.00793423  0.0177589 0.00451665 0 0 0   -0.011 -0.02329  0.04412   0.0318648 -0.00446598  -0.0115726   0.00201858 -0.000596513  -0.00053574 -0.00308482 -0.00757143  -0.0155837 -0.0648215 -0.0341774   -9.80873 
                25.4 -0.140926 0.0690036 0.0217275  0.0100869  0.0154401 0.00538422 0 0 0   -0.011 -0.02329  0.04412   0.0318506 -0.00562304 -0.00175618   0.00198587 -0.000598126  -0.00057793  -0.0029448 -0.00734747  -0.0159728 -0.0649073 -0.0343123   -9.80873 
              25.501 -0.128375 0.0619426 0.0145781 0.00457504   0.016717  0.0071674 0 0 0   -0.011 -0.02329  0.04412 -0.00182827 0.000611871   0.0160707   0.00198282 -0.000563633 -0.000557545 -0.00194923 -0.00758948   -0.016227 -0.0654959 -0.0341722   -9.80872 
              25.601 -0.118326 0.0512298 0.0258662 0.00501264  0.0200925 0.00822928 0 0 0   -0.011 -0.02329  0.04412 0.00731226  0.0230568   0.020201   0.00196427 -0.000566568  -0.00059092 -0.00194327 -0.00788377  -0.0160939 -0.0654979 -0.0340001   -9.80872 
              25.699 -0.141706 0.0839878 0.0139667 0.00471276  0.0167883 0.00984901 0 0 0   -0.011 -0.02329  0.04412 0.00891118   0.010009  0.0235297   0.00195809 -0.000582613 -0.000566939 -0.00180068 -0.00725098  -0.0159978 -0.0655799 -0.0343698   -9.80872 
              25.799 -0.115367 0.0658511 0.0253259 0.00420627  0.0199805 0.00629993 0 0 0   -0.011 -0.02329  0.04412   0.00908249    0.0219896 -0.000647129   0.00196667 -0.000567606 -0.000539361 -0.00158037 -0.00742698  -0.0150537 -0.0656923 -0.0342694   -9.80872 
                25.9 -0.107317 0.0833252 0.0145113 0.00489736  0.0192883 0.00719209 0 0 0   -0.011 -0.02329  0.04412  0.0173537  0.0146309 0.00602194   0.00196924 -0.000559634 -0.000569427 -0.00150661 -0.00708968  -0.0151868 -0.0657361 -0.0344653   -9.80872 
              26.002 -0.115331 0.0723854 0.0307204 0.00559563  0.0203805 0.00760398 0 0 0   -0.011 -0.02329  0.04412  0.0217475  0.0224082 0.00577265   0.00198356  -0.00052867 -0.000577301 -0.00133348 -0.00701556  -0.0151783  -0.065836 -0.0345082   -9.80872 
              26.099 -0.115634 0.0735089 0.0255403 0.00368679  0.0182651 0.00777968 0 0 0   -0.011 -0.02329  0.04412   0.013633  0.0132165 0.00422838   0.00196824 -0.000533085 -0.000569138 -0.000874111  -0.00649673   -0.0150835 -0.0660997 -0.0348069   -9.80872 
                26.2 -0.117518 0.0952495 0.0202557 0.00430518  0.0198453 0.00658648 0 0 0   -0.011 -0.02329  0.04412   0.0180486   0.0220724 -0.00453921   0.00194483 -0.000578506  -0.00052061 -0.000744336   -0.0064883   -0.0148288 -0.0661705 -0.0348112   -9.80872 
              26.299 -0.126309 0.0644983 0.0241549 0.00767081  0.0208974 0.00507451 0 0 0   -0.011 -0.02329  0.04412    0.0291372    0.0218555 -0.000972881   0.00195509 -0.000566368 -0.000503057 -0.00087209 -0.00635607  -0.0145722 -0.0660927 -0.0348861   -9.80872 
              26.399  -0.12797 0.0647455 0.0201391 0.00737569   0.016814 0.00636324 0 0 0   -0.011 -0.02329  0.04412  0.0209946  0.0059726 0.00803861   0.00198146 -0.000567692 -0.000534701 -0.000488054  -0.00560725   -0.0148291 -0.0663129  -0.035316   -9.80871 
              26.499 -0.123621 0.0641571 0.0144402 0.00294085  0.0181126 0.00689322 0 0 0   -0.011 -0.02329  0.04412 0.00394252  0.0162265 0.00501279   0.00198298 -0.000588956 -0.000513502 0.000298254 -0.00564976  -0.0148505 -0.0667607 -0.0352923   -9.80871 
              26.601 -0.124795  0.086397 0.0220724 0.00172743  0.0179961 0.00810297 0 0 0   -0.011 -0.02329  0.04412 0.00776918  0.0194041 0.00511296   0.00199961 -0.000602239 -0.000509668 0.000532464 -0.00541623  -0.0149534 -0.0668954 -0.0354249   -9.80871 
                26.7 -0.119979 0.0757462 0.0250671 0.00788487  0.0201572  0.0079874 0 0 0   -0.011 -0.02329  0.04412 0.0371978 0.0261662 0.0117614   0.00199604 -0.000572643 -0.000542708 -1.48622e-05  -0.00539019    -0.014825 -0.0665838 -0.0354395   -9.80871 
              26.799 -0.116672 0.0688283 0.0262209 0.00559262  0.0212576 0.00618893 0 0 0   -0.011 -0.02329  0.04412   0.0245256   0.0228103 -0.00232229    0.0019755  -0.00054062 -0.000521929 0.000692617 -0.00523414  -0.0142924 -0.0669739  -0.035525   -9.80871 
              26.901 -0.119797 0.0920525 0.0214725 0.00473199  0.0198048 0.00556519 0 0 0   -0.011 -0.02329  0.04412  0.0236159  0.0204266 -0.0123811   0.00195455 -0.000552381 -0.000567179 0.00114399 -0.0047757 -0.0142662 -0.0672272 -0.0357824    -9.8087 
                  27 -0.120327 0.0780105 0.0171786 0.00783729  0.0191866  0.0064445 0 0 0   -0.011 -0.02329  0.04412  0.0363255  0.0139307 0.00279135   0.00188321 -0.000563106  -0.00056012  0.00112509 -0.00448635  -0.0145692 -0.0672222 -0.0359444    -9.8087 
                27.1 -0.140813 0.0800703 0.0234472 0.00636545  0.0154366 0.00754146 0 0 0   -0.011 -0.02329  0.04412    0.0198915    0.0015032 -0.000921603   0.00189297  -0.00057509 -0.000547582 0.00167191 -0.0039112 -0.0146993 -0.0675312 -0.0362633    -9.8087 
              27.202 -0.115238 0.0782026 0.0275175 0.00546117  0.0171143 0.00666762 0 0 0   -0.011 -0.02329  0.04412  0.0116419  0.0136208 -0.0035176   0.00185852 -0.000542564 -0.000512182  0.00199026 -0.00401023  -0.0145692 -0.0677064 -0.0362082    -9.8087 
              27.299 -0.124833 0.0811181 0.0272706 0.00145464  0.0177908 0.00516908 0 0 0   -0.011 -0.02329  0.04412 -0.00717309   0.0257075 -0.00370375   0.00187471 -0.000509096 -0.000506938  0.00255473 -0.00383762  -0.0143798 -0.0680164 -0.0363057    -9.8087 
              27.399 -0.131221 0.0610131 0.0134223 0.00289164  0.0194647 0.00761932 0 0 0   -0.011 -0.02329  0.04412 0.00166052  0.0348115 0.00527997   0.00186988 -0.000498123 -0.000502169  0.00232357 -0.00368174  -0.0148876  -0.067894 -0.0363919    -9.8087 
              27.501 -0.117575 0.0718098 0.0179098 0.00396146  0.0204399  0.0063438 0 0 0   -0.011 -0.02329  0.04412   0.0188963   0.0317688 -0.00647643   0.00185955 -0.000514877 -0.000495914  0.00229019 -0.00339296  -0.0146554 -0.0678727 -0.0365508    -9.8087 
              27.601 -0.0997723  0.0616745  0.0308816 0.00654185  0.0202152 0.00635562 0 0 0   -0.011 -0.02329  0.04412  0.0241079  0.0254151 -0.0040257   0.00178662 -0.000515032 -0.000473501  0.00220886 -0.00298378   -0.014788 -0.0678313 -0.0367759    -9.8087 
                27.7 -0.126103 0.0729212 0.0152545 0.00571952  0.0209255 0.00565678 0 0 0   -0.011 -0.02329  0.04412   0.0157918   0.0221431 -0.00975538   0.00178468 -0.000499722 -0.000454734  0.00256632 -0.00278723  -0.0147736 -0.0680272 -0.0368827   -9.80869 
              27.801 -0.118468 0.0641959 0.0310531  0.0092482  0.0184888 0.00455714 0 0 0   -0.011 -0.02329  0.04412  0.0276573 0.00832013 -0.0106687   0.00177691 -0.000483758 -0.000479479  0.00240226 -0.00226488  -0.0147843 -0.0679385 -0.0371679   -9.80869 
              27.899 -0.114734 0.0756079 0.0265099 0.00395548   0.017603 0.00562367 0 0 0   -0.011 -0.02329  0.04412 -0.00482265   0.0131588 -0.00057742   0.00177867 -0.000486218  -0.00043706  0.00328983 -0.00199659  -0.0151019 -0.0684264 -0.0373136   -9.80869 
              28.001 -0.140559 0.0685718 0.0242697 0.00288053  0.0194212 0.00631908 0 0 0   -0.011 -0.02329  0.04412 -0.00358064   0.0130157  0.00833001    0.0018032 -0.000488808 -0.000420482  0.00337987 -0.00203411  -0.0151766 -0.0684765 -0.0372937   -9.80869 
              28.099 -0.127585 0.0748865 0.0258881 0.00263003   0.018768 0.00734536 0 0 0   -0.011 -0.02329  0.04412 -0.00101682   0.0130833  0.00476319    0.0017972 -0.000513202 -0.000399027  0.00338015 -0.00182899  -0.0152015 -0.0684766 -0.0374046   -9.80869 
              28.201 -0.116519 0.0927425 0.0285286 0.00514178  0.0214549 0.00664573 0 0 0   -0.011 -0.02329  0.04412   0.0198386   0.0256953 2.06639e-05   0.00180817 -0.000538184  -0.00038211  0.00317457 -0.00191748  -0.0150007 -0.0683624 -0.0373556   -9.80869 
                28.3 -0.111683 0.0739431 0.0306196 0.00582922  0.0194928 0.00411302 0 0 0   -0.011 -0.02329  0.04412  0.0216386 0.00190868  -0.020539   0.00181001 -0.000534286  -0.00037414 0.00333964 -0.0014851 -0.0147005 -0.0684455 -0.0375865   -9.80869 
              28.401 -0.125498 0.0582875 0.0171775 0.00932618  0.0166983 0.00584172 0 0 0   -0.011 -0.02329  0.04412   0.0328426 -0.00211195 -0.00588701   0.00178365 -0.000554372 -0.000346997  0.00321528 -0.00113431  -0.0153564 -0.0683893 -0.0377758   -9.80869 
                28.5 -0.118368 0.0628498 0.0098747 0.00792675  0.0196084 0.00640443 0 0 0   -0.011 -0.02329  0.04412   0.0179231   0.0182082 -0.00662309    0.0017217 -0.000554275 -0.000372382  0.00373409 -0.00142833  -0.0156083 -0.0686702  -0.037619   -9.80869 
              28.601 -0.117623 0.0729911  0.023934 0.00341352  0.0206203 0.00640273 0 0 0   -0.011 -0.02329  0.04412 -0.00259249   0.0210047  0.00357545   0.00170914 -0.000538751 -0.000373868  0.00444724 -0.00127725  -0.0156282 -0.0690503 -0.0376952   -9.80868 
              28.701 -0.110839  0.097407 0.0275138 0.00588721  0.0191106 0.00842225 0 0 0   -0.011 -0.02329  0.04412  0.0131368  0.0164093 0.00947041   0.00172704 -0.000551886 -0.000320183     0.004198 -0.000826001   -0.0158595 -0.0689253 -0.0379362   -9.80868 
                28.8  -0.127106  0.0661503 0.00437937 0.00460635  0.0181317 0.00557028 0 0 0   -0.011 -0.02329  0.04412   0.0119308    0.015677 -0.00677323   0.00172815 -0.000520125 -0.000317499   0.00451257 -0.000499073    -0.015292  -0.069083 -0.0381056   -9.80868 
              28.901 -0.135623 0.0622241 0.0232327 0.00764525  0.0203298 0.00602718 0 0 0   -0.011 -0.02329  0.04412   0.0239277   0.0185638 -0.00161109   0.00174196 -0.000558103 -0.000335629   0.00434576 -0.000569738   -0.0154829  -0.068998 -0.0380699   -9.80868 
              29.001 -0.121505 0.0643752 0.0152207 0.00564782  0.0162188 0.00671218 0 0 0   -0.011 -0.02329  0.04412    0.0152029  0.000857998 -0.000171311   0.00171592 -0.000508082 -0.000332046  0.00484432 5.79402e-05  -0.0155957 -0.0692645 -0.0383971   -9.80868 
                29.1 -0.120088 0.0695188 0.0336063 0.00558238  0.0172089 0.00650789 0 0 0   -0.011 -0.02329  0.04412   0.0119177  0.00665679 -0.00615256   0.00168271 -0.000515941 -0.000338553  0.00502126 -2.2797e-05  -0.0155939 -0.0693566  -0.038354   -9.80868 
              29.201 -0.109497 0.0915084 0.0178153 0.00377532  0.0201487 0.00579496 0 0 0   -0.011 -0.02329  0.04412   0.0075624   0.0252187 -0.00373292   0.00169117 -0.000546765 -0.000344373   0.00536841 -0.000191509   -0.0155925 -0.0695366 -0.0382643   -9.80868 
                29.3 -0.111212  0.065593 0.0327462 0.00621502  0.0191818  0.0051396 0 0 0   -0.011 -0.02329  0.04412    0.0216483    0.0107828 -0.000219127   0.00166427 -0.000535552  -0.00038275  0.00523206 0.000172321  -0.0155273 -0.0694664 -0.0384537   -9.80868 
              29.401 -0.123519 0.0656676  0.025195 0.00992077   0.014997 0.00718771 0 0 0   -0.011 -0.02329  0.04412  0.0238251 0.00312953  0.0111361   0.00167892 -0.000511933 -0.000364518  0.00506322 0.000812961  -0.0158417 -0.0693875 -0.0387875   -9.80868 
              29.501 -0.117893 0.0768946 0.0224851 0.00183243  0.0193676 0.00657208 0 0 0   -0.011 -0.02329  0.04412 -0.00302213     0.01761 0.000374557   0.00167954 -0.000497986  -0.00033013  0.00625469 0.000372579   -0.015583  -0.069997 -0.0385564   -9.80867 
              29.601 -0.138525 0.0784695 0.0295637  0.0021432  0.0183049 0.00614711 0 0 0   -0.011 -0.02329  0.04412  0.00259486   0.0112755 0.000275699   0.00168005 -0.000492218 -0.000300563  0.00621281 0.000698787  -0.0155061  -0.069974 -0.0387238   -9.80867 
                29.7 -0.142841 0.0921791 0.0237878 0.00421504  0.0159914 0.00695236 0 0 0   -0.011 -0.02329  0.04412  0.0140465 0.00124943 0.00192318   0.00171085 -0.000518611 -0.000301318 0.00602003 0.00108082 -0.0156292 -0.0698768 -0.0389196   -9.80867 
              29.799 -0.129386 0.0627572 0.0194464 0.00521994  0.0186491 0.00583076 0 0 0   -0.011 -0.02329  0.04412     0.022899   0.00858821 -0.000129613   0.0016922 -0.00049629 -0.00028535  0.00614189 0.000816145  -0.0154434 -0.0699358 -0.0387839   -9.80867 
                29.9 -0.122725 0.0915342 0.0214345 0.00808521  0.0199455 0.00700593 0 0 0   -0.011 -0.02329  0.04412   0.030504  0.0177864 0.00200717   0.00167764  -0.00054546 -0.000337574  0.00614512 0.000767423  -0.0157014 -0.0699415 -0.0387595   -9.80867 
              30.001 -0.108428 0.0686512 0.0307005 0.00391082  0.0203115 0.00769772 0 0 0   -0.011 -0.02329  0.04412  0.0140763  0.0166142 0.00703244   0.00165971 -0.000530381 -0.000368703  0.00699803 0.000965294  -0.0157523 -0.0703767 -0.0388523   -9.80867 
              30.099 -0.125441 0.0745751 0.0248364 0.00487175  0.0175056 0.00808315 0 0 0   -0.011 -0.02329  0.04412  0.0116149 0.00896813 0.00155303   0.00168338 -0.000523743 -0.000350673 0.00701491 0.00147864 -0.0157201 -0.0703891 -0.0391117   -9.80867 
              30.199 -0.125144 0.0763362 0.0251229 0.00216034  0.0176104 0.00623407 0 0 0   -0.011 -0.02329  0.04412 -0.000275236    0.0135904   0.00186245   0.00169523 -0.000534935 -0.000337491 0.00740919 0.00160401 -0.0153445 -0.0705817 -0.0391716   -9.80867 
              30.301 -0.117415 0.0753455 0.0202898 0.00569447  0.0216248 0.00603684 0 0 0   -0.011 -0.02329  0.04412   0.0185571   0.0314032 -0.00294422   0.00171384 -0.000507236 -0.000338247 0.00704747 0.00134226 -0.0153012 -0.0703987 -0.0390406   -9.80867 
                30.4 -0.122302 0.0734685 0.0194528 0.00702066  0.0203059 0.00727175 0 0 0   -0.011 -0.02329  0.04412 0.0257675  0.020024   0.01106   0.00168532 -0.000529579 -0.000378376 0.00712799  0.0018255 -0.0154754 -0.0704434 -0.0392834   -9.80867 
              30.501 -0.112674 0.0685655 0.0143014 0.00738377  0.0166744 0.00695541 0 0 0   -0.011 -0.02329  0.04412   0.0341296 -0.00202101  0.00496594   0.00169416 -0.000560202  -0.00036528 0.00745585 0.00240676  -0.015224 -0.0706064 -0.0395701   -9.80867 
              30.599 -0.127588 0.0893277 0.0226484 0.00742144  0.0155661  0.0073353 0 0 0   -0.011 -0.02329  0.04412  0.0274317 -0.0030047  0.0122648   0.00170097 -0.000538435 -0.000402868 0.00779891 0.00254575 -0.0151415 -0.0707765 -0.0396362   -9.80866 
              30.699 -0.120531 0.0899399 0.0261215  0.0051934  0.0187573 0.00959561 0 0 0   -0.011 -0.02329  0.04412 0.0105012 0.0258654 0.0185213   0.00174043 -0.000541733 -0.000373992 0.00831865 0.00224968 -0.0152323 -0.0710332 -0.0394859   -9.80866 
              30.802 -0.105155 0.0565607 0.0204931 0.00657767  0.0207964 0.00615587 0 0 0   -0.011 -0.02329  0.04412 0.0104912 0.0230905 0.0086739   0.00168338 -0.000509428 -0.000402209 0.00828772 0.00230545 -0.0143735 -0.0710051 -0.0395069   -9.80866 
                30.9 -0.102129 0.0510506 0.0264957 0.00657382   0.021241 0.00792678 0 0 0   -0.011 -0.02329  0.04412 0.0127617 0.0184493 0.0106698   0.00166173  -0.00047111 -0.000327851 0.00842223 0.00250501 -0.0145077 -0.0710747  -0.039605   -9.80866 
                  31 -0.129324 0.0630664 0.0130046 0.00281231  0.0194278 0.00635755 0 0 0   -0.011 -0.02329  0.04412  -0.00146814   0.00966884 -0.000491379   0.00165978 -0.000441562 -0.000308969  0.0089947 0.00288706 -0.0141687 -0.0713505 -0.0397899   -9.80866 
              31.099 -0.110977  0.072483 0.0322672  0.0045793  0.0178925 0.00670385 0 0 0   -0.011 -0.02329  0.04412  0.0104127 0.00285909 0.00622467   0.00164797 -0.000455899 -0.000353268 0.00881129  0.0031622 -0.0142039 -0.071262 -0.039925  -9.80866 
                31.2 -0.134304 0.0703799 0.0320895 0.00966906  0.0185042 0.00772392 0 0 0   -0.011 -0.02329  0.04412  0.0377454 0.00701881  0.0107027   0.00166484 -0.000442336 -0.000359339 0.00844288 0.00315785 -0.0142308 -0.0710831 -0.0399259   -9.80866 
              31.301 -0.106186 0.0659423 0.0105848 0.00888416  0.0203235 0.00653102 0 0 0   -0.011 -0.02329  0.04412 0.0276435 0.0185209 0.0101314   0.00161711 -0.000443624 -0.000361441 0.00897282  0.0030757 -0.0138113 -0.0713314 -0.0398794   -9.80866 
              31.399 -0.121402 0.0422008 0.0233525 0.00975195   0.019761 0.00735506 0 0 0   -0.011 -0.02329  0.04412 0.0253248  0.019814 0.0105223   0.00159467 -0.000413919 -0.000360825 0.00918298 0.00337898 -0.0137332 -0.0714342  -0.040024   -9.80866 
              31.501   -0.1283 0.0521862 0.0159153 0.00599802  0.0177915 0.00787426 0 0 0   -0.011 -0.02329  0.04412 0.0126183  0.011499 0.0103217   0.00160434 -0.000407651 -0.000334403 0.00988963 0.00385068 -0.0136316 -0.0717764 -0.0402458   -9.80865 
              31.599 -0.0882547  0.0605981  0.0176281 0.00818684  0.0194967 0.00827555 0 0 0   -0.011 -0.02329  0.04412  0.0199338  0.0111537 0.00526852   0.00158735 -0.000405157 -0.000372102   0.009793 0.00375442 -0.0136007 -0.0717288 -0.0401998   -9.80866 
                31.7 -0.107555 0.0451521 0.0248442 0.00734642  0.0211446 0.00643199 0 0 0   -0.011 -0.02329  0.04412  0.00631941   0.0200019 -0.00788517   0.00159712 -0.000398341 -0.000392264  0.0100657 0.00373634 -0.0132675 -0.0718524 -0.0401871   -9.80865 
                31.8 -0.112776 0.0648615  0.016554 0.00909921  0.0223998 0.00400635 0 0 0   -0.011 -0.02329  0.04412  0.0133241  0.0325189 -0.0205534   0.00160837 -0.000422388 -0.000399781 0.00997141 0.00389436 -0.0130853 -0.0718049  -0.040262   -9.80865 
              31.899 -0.0929814   0.071698  0.0253254 0.00818555  0.0228514 0.00570248 0 0 0   -0.011 -0.02329  0.04412  0.00164945   0.0245614 -0.00667922   0.00160451 -0.000453592 -0.000446666  0.0101614 0.00418396 -0.0136966 -0.0719117 -0.0404034   -9.80865 
              32.001 -0.104569 0.0628116 0.0275734 0.00560627  0.0184346 0.00615007 0 0 0   -0.011 -0.02329  0.04412 -0.000132602   0.00201063  -0.00907233   0.00164117 -0.000467102 -0.000451138  0.0104947 0.00491523 -0.0139214 -0.0720833 -0.0407486   -9.80865 
              32.101 -0.133405 0.0500234 0.0158129 0.00494826  0.0147122 0.00658366 0 0 0   -0.011 -0.02329  0.04412  0.00390764  -0.0110231 -0.00820345   0.00169009 -0.000488872 -0.000428713  0.0106067 0.00533988  -0.014151 -0.0721451  -0.040951   -9.80865 
              32.199 -0.135163 0.0818017 0.0124843 0.00230199  0.0176216  0.0060766 0 0 0   -0.011 -0.02329  0.04412   0.00163168   0.00833766 -0.000730253     0.001702 -0.000512657 -0.000428332  0.0109651 0.00496891 -0.0141494 -0.0723115 -0.0407738   -9.80865 
              32.301 -0.124356  0.050831 0.0326638 0.00724132  0.0199443 0.00591247 0 0 0   -0.011 -0.02329  0.04412     0.01944   0.0200885 0.000354956  0.00170901 -0.00052137  -0.0004533  0.0104716 0.00485508 -0.0141366 -0.0720789 -0.0407236   -9.80865 
              32.401 -0.130903 0.0732251 0.0155567 0.00881154  0.0168528 0.00696358 0 0 0   -0.011 -0.02329  0.04412   0.0255774 0.000168726  0.00671423   0.00167823 -0.000494186 -0.000447266  0.0105195 0.00540151 -0.0142334 -0.0721068 -0.0409796   -9.80865 
              32.501 -0.124638 0.0781844 0.0150244 0.00349423  0.0190829 0.00649296 0 0 0   -0.011 -0.02329  0.04412 0.00470778  0.0106195 0.00489051   0.00165389 -0.000480131 -0.000476722   0.011404 0.00518913 -0.0139757  -0.072513 -0.0408748   -9.80865 
                32.6 -0.115747 0.0654959 0.0154274 0.00477234  0.0190721 0.00700495 0 0 0   -0.011 -0.02329  0.04412  0.0130802  0.0125288 0.00138363    0.0016591 -0.000453138 -0.000513976  0.0113383 0.00528601 -0.0139882 -0.0724836 -0.0409204   -9.80865 
              32.701 -0.125693 0.0783763 0.0348907 0.00953842  0.0205597 0.00758033 0 0 0   -0.011 -0.02329  0.04412  0.0325784  0.0106896 0.00257966   0.00165828 -0.000455548 -0.000502042  0.0110303 0.00523688 -0.0140272 -0.0723411 -0.0409014   -9.80865 
              32.799 -0.117039 0.0778929 0.0128401 0.00617154  0.0187391 0.00446261 0 0 0   -0.011 -0.02329  0.04412 0.00823111  0.0122873 -0.0102791   0.00161846 -0.000413912  -0.00047877  0.0117109 0.00559554 -0.0135328 -0.0726498  -0.041058   -9.80865 
              32.902 -0.122616 0.0870055 0.0256455 0.00345463  0.0180277 0.00599856 0 0 0   -0.011 -0.02329  0.04412  -0.00131577 -0.000166062  -0.00824083   0.00163294 -0.000450222 -0.000434799  0.0121179 0.00580033 -0.0139766 -0.0728456 -0.0411514   -9.80864 
              33.001 -0.131583 0.0621045 0.0211808 0.000871386   0.0178805  0.00637726 0 0 0   -0.011 -0.02329  0.04412 -0.00859837  0.00745838  0.00445037   0.00163288 -0.000414943 -0.000429424  0.0123569  0.0058548 -0.0140977 -0.0729574 -0.0411764   -9.80864 
              33.104 -0.133949 0.0727568 0.0247248  0.0049331  0.0161964 0.00760947 0 0 0   -0.011 -0.02329  0.04412   0.014351 0.00747671 0.00613646   0.00161157 -0.000417116 -0.000470472   0.011899 0.00611507 -0.0142152 -0.0727512 -0.0412978   -9.80864 
              33.199 -0.111796 0.0864283 0.0213644 0.00429045  0.0176735 0.00663224 0 0 0   -0.011 -0.02329  0.04412  0.00978288   0.0274898 0.000561305   0.00155219 -0.000489431  -0.00046199  0.0121522 0.00610641 -0.0139963 -0.0728623 -0.0412911   -9.80864 
              33.301 -0.117181 0.0671387 0.0247005 0.00533717  0.0174123 0.00569657 0 0 0   -0.011 -0.02329  0.04412   0.0205092   0.0311038 -0.00121618    0.0015574 -0.000487696 -0.000476234  0.0121863 0.00649932 -0.0138599  -0.072878 -0.0414688   -9.80864 
              33.401 -0.127384 0.0847377  0.024331 0.00932069  0.0200321 0.00705296 0 0 0   -0.011 -0.02329  0.04412    0.030859    0.031861 0.000174377   0.00154573  -0.00051387 -0.000449082  0.0120172 0.00656871 -0.0141332 -0.0728077 -0.0415023   -9.80864 
              33.501 -0.111162 0.0532058 0.0193529 0.00668238  0.0220545 0.00713761 0 0 0   -0.011 -0.02329  0.04412  0.0128192  0.0350627 0.00662564   0.00152355 -0.000443549 -0.000431517   0.012614 0.00672652 -0.0141055  -0.073077 -0.0415697   -9.80864 
              33.599 -0.109011 0.0792153 0.0150783 0.00465999  0.0209155 0.00825181 0 0 0   -0.011 -0.02329  0.04412 0.00971069  0.0177879 0.00714115    0.0014995 -0.000475759 -0.000424361  0.0130229 0.00722332 -0.0141596 -0.0732644 -0.0417906   -9.80864 
                33.7 -0.123981  0.074795 0.0248498 0.00854936  0.0182411 0.00792434 0 0 0   -0.011 -0.02329  0.04412  0.0273135  0.0110824 0.00185159   0.00151789 -0.000427235 -0.000427305   0.012767 0.00770869 -0.0140285 -0.0731504 -0.0420086   -9.80864 
                33.8 -0.122085 0.0713625 0.0229492 0.00794879  0.0185922 0.00490451 0 0 0   -0.011 -0.02329  0.04412   0.0221157   0.0130457 -0.00117896   0.00151421 -0.000445714 -0.000415806  0.0131542 0.00778893 -0.0135122 -0.0733158 -0.0420377   -9.80864 
              33.902 -0.106084 0.0910488 0.0264138 0.00559244  0.0185305 0.00646996 0 0 0   -0.011 -0.02329  0.04412 0.00997829  0.0152939 0.00401369   0.00148271   -0.0004554 -0.000433881  0.0136329 0.00797026 -0.0137446 -0.0735336 -0.0421164   -9.80863 
                  34  -0.11309 0.0778264 0.0223783 0.000729254   0.0167386  0.00760979 0 0 0   -0.011 -0.02329  0.04412 -0.00875412   0.0046659  0.00632576   0.00150038 -0.000469657 -0.000424659  0.0142499 0.00831784 -0.0138789 -0.0738118 -0.0422664   -9.80863 
              34.101 -0.113708 0.0616079 0.0259065 0.00547048  0.0153688 0.00650077 0 0 0   -0.011 -0.02329  0.04412    0.0235662   0.00656744 -0.000960339   0.00148263 -0.000476586 -0.000403731  0.0137336 0.00854127 -0.0136643 -0.0735813 -0.0423662   -9.80863 
              34.201 -0.131484 0.0778165 0.0140353 0.00704106  0.0194453 0.00693381 0 0 0   -0.011 -0.02329  0.04412     0.02762   0.0294813 -0.00449965   0.00149995 -0.000492521 -0.000372951  0.0138413 0.00820267 -0.0137947 -0.0736302 -0.0422179   -9.80863 
                34.3 -0.108956 0.0565326 0.0298177 0.00919049  0.0189438 0.00448423 0 0 0   -0.011 -0.02329  0.04412  0.0295313  0.0216793 -0.0201075   0.00148341 -0.000485731 -0.000387295  0.0139219 0.00857417 -0.0135796 -0.0736624 -0.0423787   -9.80863 
              34.401 -0.107539 0.0774204 0.0343067 0.00687518  0.0205798 0.00456284 0 0 0   -0.011 -0.02329  0.04412   0.0127749   0.0293833 -0.00470762   0.00147189 -0.000465958 -0.000408256  0.0144986 0.00868195 -0.0138768 -0.0739207 -0.0424242   -9.80863 
              34.504 -0.127964  0.071383 0.0227546 0.00455336  0.0197573 0.00627699 0 0 0   -0.011 -0.02329  0.04412 0.00880732  0.0242469 0.00737028    0.0015371 -0.000462512 -0.000404999  0.0149265 0.00912103 -0.0141716 -0.0741161 -0.0426144   -9.80863 
                34.6 -0.108253  0.066965 0.0169868 0.00659666  0.0206371 0.00794609 0 0 0   -0.011 -0.02329  0.04412 0.0205012  0.019133 0.0105121   0.00149828 -0.000461807 -0.000365993  0.0148433 0.00926531 -0.0142903 -0.0740832 -0.0426789   -9.80863 
              34.701 -0.127841  0.067355  0.020749 0.00662007  0.0212509 0.00707304 0 0 0   -0.011 -0.02329  0.04412   0.0214485   0.0196408 -0.00193533   0.00148114 -0.000500442 -0.000397453  0.0150839 0.00942149 -0.0140591 -0.0741838  -0.042743   -9.80863 
              34.799 -0.110487 0.0703967  0.020552 0.00692887  0.0207802 0.00546316 0 0 0   -0.011 -0.02329  0.04412  0.0189416  0.0245171 -0.0127797    0.0014871 -0.000479171 -0.000427864  0.0152746 0.00971107 -0.0138998 -0.0742657 -0.0428647   -9.80863 
                34.9 -0.117916 0.0948178 0.0188784 0.00602785  0.0222295 0.00427539 0 0 0   -0.011 -0.02329  0.04412  0.0130898   0.026858 -0.0139314   0.00145465 -0.000501369 -0.000455874   0.015565 0.00983748 -0.0139034 -0.0743921 -0.0429151   -9.80862 
              34.999 -0.112462 0.0734172 0.0243151 0.00541587  0.0226497 0.00547359 0 0 0   -0.011 -0.02329  0.04412   0.0097432   0.0240052 -0.00603685   0.00145954 -0.000450052 -0.000444586  0.0157705  0.0100772 -0.0142555 -0.0744896  -0.043017   -9.80862 
              35.101 -0.114382 0.0773137 0.0239482 0.00492366  0.0217332 0.00592458 0 0 0   -0.011 -0.02329  0.04412  0.00405717    0.013635 -0.00860209   0.00140977 -0.000442001 -0.000446761  0.0159189  0.0104165 -0.0144477 -0.0745595 -0.0431613   -9.80862 
              35.201  -0.10235 0.0762944 0.0205854 0.00597029  0.0232007 0.00717015 0 0 0   -0.011 -0.02329  0.04412  0.0152826  0.0248412 0.00187497   0.00138254 -0.000439457 -0.000477557   0.015902  0.0104635 -0.0147473 -0.0745573 -0.0431834   -9.80862 
                35.3 -0.124493 0.0658188 0.0212221  0.0077116  0.0189049 0.00465293 0 0 0   -0.011 -0.02329  0.04412   0.0233051  0.00270984 -0.00973472   0.00139815 -0.000477828 -0.000502886  0.0159247  0.0111894 -0.0143897 -0.074569 -0.043488  -9.80862 
                35.4  -0.13873 0.0667161 0.0234958  0.0110847   0.017003 0.00571479 0 0 0   -0.011 -0.02329  0.04412    0.0364938   -0.0021433 -0.000618039   0.00143852 -0.000513751 -0.000501579  0.0158649  0.0114459 -0.0147051 -0.0745528 -0.0435996   -9.80862 
                35.5 -0.135912 0.0636106 0.0167913 0.00436682  0.0168007 0.00612108 0 0 0   -0.011 -0.02329  0.04412 -0.000610147   0.00690952   0.00361974   0.00142923 -0.000507628 -0.000502024  0.0169411  0.0114912 -0.0147983 -0.0750079 -0.0436089   -9.80862 
              35.601 -0.118983 0.0678347 0.0256986 0.00309388  0.0208915  0.0071768 0 0 0   -0.011 -0.02329  0.04412 -0.00315345   0.0299377  0.00526111   0.00140544 -0.000489397 -0.000457707  0.0170404  0.0111961 -0.0148964 -0.0750491  -0.043485   -9.80862 
              35.699 -0.143411 0.0839049 0.0171519 0.00449983  0.0182995 0.00846211 0 0 0   -0.011 -0.02329  0.04412 -0.00388197    0.018133  0.00582475   0.00140338 -0.000486037  -0.00044023   0.016834  0.0117995 -0.0149971 -0.0749684 -0.0437387   -9.80862 
              35.799   -0.1163 0.0655514 0.0270588 0.00337852  0.0206376 0.00581527 0 0 0   -0.011 -0.02329  0.04412 -0.000714707    0.0276189   0.00518646   0.00135921 -0.000517185 -0.000427131  0.0169256  0.0117472 -0.0144683 -0.0749958 -0.0437141   -9.80862 
              35.901 -0.110019 0.0835381 0.0163049 0.00388029  0.0198206 0.00739408 0 0 0   -0.011 -0.02329  0.04412 -0.00164363    0.018135  0.00633232   0.00133092 -0.000516929  -0.00042831  0.0168518  0.0121204 -0.0146284 -0.0749708 -0.0438702   -9.80862 
              36.001 -0.117207 0.0720312 0.0348975 0.00479239  0.0204909 0.00751981 0 0 0   -0.011 -0.02329  0.04412   0.0100408   0.0110685 -0.00287472   0.00130583 -0.000526101 -0.000440355  0.0167881  0.0122075 -0.0146035 -0.0749449 -0.0439067   -9.80862 
                36.1 -0.112753 0.0777305 0.0248121 0.00314184  0.0180951 0.00709811 0 0 0   -0.011 -0.02329  0.04412  0.00764244 4.27243e-05 0.000828964   0.00130239  -0.00051192 -0.000439813  0.0170762  0.0125885 -0.0145643 -0.0750669 -0.0440603   -9.80861 
              36.199 -0.118671 0.0940846 0.0199907 0.00423686  0.0192063 0.00650315 0 0 0   -0.011 -0.02329  0.04412    0.012504  0.00835697 0.000930552   0.00130639 -0.000526547 -0.000425316  0.0170356  0.0125238 -0.0144447 -0.0750475 -0.0440334   -9.80861 
              36.301 -0.127344 0.0654137 0.0255413 0.00827494  0.0196266 0.00520803 0 0 0   -0.011 -0.02329  0.04412   0.0310909   0.0104845 -0.00366152   0.00130935 -0.000504746 -0.000417164 0.0168205 0.0125572 -0.014246 -0.0749565 -0.0440478   -9.80861 
              36.402 -0.129113 0.0653227 0.0211546 0.00806862  0.0156664 0.00650734 0 0 0   -0.011 -0.02329  0.04412  0.0247238 0.00116198 0.00196488   0.00127434 -0.000493543 -0.000425929   0.017176  0.0131017 -0.0145003 -0.0751108 -0.0442683   -9.80861 
                36.5 -0.123062 0.0674231  0.017266 0.00331189  0.0181812 0.00591456 0 0 0   -0.011 -0.02329  0.04412 1.66232e-05   0.0152297 -0.00649312   0.00126856 -0.000464021 -0.000425857  0.0179573  0.0128786 -0.0144477  -0.075425 -0.0441694   -9.80861 
              36.601 -0.128738 0.0850065  0.022546 0.00157233  0.0187683 0.00700553 0 0 0   -0.011 -0.02329  0.04412  -0.00502635    0.0225557 -0.000716254   0.00126049 -0.000476289 -0.000400632  0.0181412  0.0130429 -0.0146949 -0.0755057 -0.0442355   -9.80861 
                36.7 -0.119765 0.0782306 0.0266775 0.00655577  0.0206506 0.00773449 0 0 0   -0.011 -0.02329  0.04412  0.0139009  0.0308637 0.00958222   0.00125719 -0.000483514 -0.000400405  0.0175706  0.0131156 -0.0147834 -0.0752778 -0.0442704   -9.80861 
              36.801  -0.11615 0.0697732 0.0262283 0.00399242  0.0223668 0.00584571 0 0 0   -0.011 -0.02329  0.04412    0.0106024    0.0345262 -0.000914039   0.00127872 -0.000471363 -0.000383413  0.0180098  0.0133324 -0.0143746 -0.0754485  -0.044351   -9.80861 
              36.901 -0.118927 0.0923516 0.0227682   0.003805  0.0209579 0.00627386 0 0 0   -0.011 -0.02329  0.04412 0.00974197  0.0208799 0.00392831     0.001274 -0.000496873 -0.000390627  0.0181677  0.0138465 -0.0144596 -0.0755168 -0.0445568   -9.80861 
              36.999 -0.121574 0.0811736 0.0170541 0.00638615  0.0188159 0.00780196 0 0 0   -0.011 -0.02329  0.04412  0.0308597 0.00504767   0.017822    0.0012565  -0.00048913 -0.000393032  0.0180424  0.0142821 -0.0145927 -0.0754727  -0.044733   -9.80861 
              37.101 -0.141204 0.0804147 0.0257361 0.00760456  0.0155759 0.00908613 0 0 0   -0.011 -0.02329  0.04412    0.0307619 -0.000586675    0.0161136   0.00127977 -0.000492797  -0.00039202  0.0182827  0.0147361 -0.0144939 -0.0755708 -0.0449106   -9.80861 
              37.201 -0.114844  0.077392 0.0275372 0.00675541  0.0170734 0.00832236 0 0 0   -0.011 -0.02329  0.04412 0.0222284 0.0107294 0.0123892   0.00128314 -0.000517194   -0.0003596   0.018693  0.0145927 -0.0141459 -0.0757262 -0.0448468   -9.80861 
              37.301 -0.125947 0.0806732 0.0263361 0.00274778    0.01707 0.00594949 0 0 0   -0.011 -0.02329  0.04412  0.00546842   0.0107098 -0.00658442   0.00124949 -0.000519784 -0.000390822  0.0193444  0.0147186 -0.0136779 -0.0759761 -0.0448869    -9.8086 
              37.401 -0.131493 0.0594564 0.0153926 0.00483354  0.0182255 0.00738383 0 0 0   -0.011 -0.02329  0.04412  0.0193464  0.0150301 0.00158667   0.00125917 -0.000543095 -0.000365718  0.0192222  0.0147323 -0.0139885  -0.075934 -0.0448956    -9.8086 
              37.499 -0.112016 0.0627569 0.0190902 0.00648586  0.0199337 0.00631493 0 0 0   -0.011 -0.02329  0.04412   0.0284124   0.0133532 -0.00798536   0.00125478 -0.000538589 -0.000365565  0.0193047  0.0146868 -0.0138388 -0.0759629 -0.0448759    -9.8086 
              37.601 -0.0967872  0.0594976  0.0315224 0.00734057  0.0192055  0.0061489 0 0 0   -0.011 -0.02329  0.04412   0.0222945  0.00886064 -0.00952422   0.00118826  -0.00052531 -0.000367643   0.019516  0.0149114 -0.0139594 -0.0760504 -0.0449623    -9.8086 
              37.701 -0.125945 0.0708348 0.0148861  0.0052652  0.0206172 0.00497373 0 0 0   -0.011 -0.02329  0.04412 0.00302526   0.011692 -0.0113643   0.00120564 -0.000530974 -0.000371121  0.0199355  0.0148674 -0.0139643 -0.0762135 -0.0449408    -9.8086 
                37.8   -0.1145 0.0742555 0.0389328 0.00790823  0.0180868 0.00483448 0 0 0   -0.011 -0.02329  0.04412   0.0193908  0.00442199 -0.00636324   0.00118174 -0.000577435 -0.000374949  0.0197426  0.0152351 -0.0140682 -0.0761444 -0.0450865    -9.8086 
              37.901   -0.1143 0.0790258   0.02761 0.00384888  0.0177414 0.00548579 0 0 0   -0.011 -0.02329  0.04412 -0.000320519   0.00646996   -0.0033621   0.00119265 -0.000558164 -0.000345402  0.0204023  0.0153175 -0.0143011 -0.0764051 -0.0451136    -9.8086 
              38.001 -0.139091 0.0689985 0.0249999 0.00340007  0.0199983 0.00549063 0 0 0   -0.011 -0.02329  0.04412  0.00102569   0.0269218 -0.00453707    0.0011762 -0.000523934 -0.000312957  0.020446 0.0152375 -0.014401 -0.0764232 -0.0450831    -9.8086 
              38.101 -0.127254 0.0742847 0.0253729 0.00336984   0.021415 0.00682056 0 0 0   -0.011 -0.02329  0.04412 -0.00183771   0.0297035   0.0168768   0.00113128 -0.000547729 -0.000334703  0.0204522  0.0154236 -0.0145825 -0.0764296 -0.0451558    -9.8086 
              38.201  -0.11467 0.0913241 0.0295657 0.00485049  0.0235911 0.00766969 0 0 0   -0.011 -0.02329  0.04412 0.00536044  0.0383138  0.0129714   0.00115121   -0.0005285 -0.000334523 0.0202892 0.0155596 -0.014466  -0.076366 -0.0452084    -9.8086 
              38.302 -0.110429 0.0743031 0.0317224 0.00509277   0.021588 0.00599671 0 0 0   -0.011 -0.02329  0.04412 0.00891728  0.0220166 0.00574785   0.00116283 -0.000472673 -0.000310493  0.0203572  0.0162116 -0.0140187 -0.0763894 -0.0454533    -9.8086 
              38.401 -0.126565 0.0573668 0.0181545 0.00917729  0.0186342 0.00801543 0 0 0   -0.011 -0.02329  0.04412  0.0277102 0.00216157 0.00748165    0.0011715 -0.000488402 -0.000314735  0.0200478  0.0167449 -0.0142906 -0.0762799 -0.0456617    -9.8086 
              38.501  -0.116241  0.0653416 0.00916338  0.0077475  0.0193799 0.00830059 0 0 0   -0.011 -0.02329  0.04412   0.0201787 -0.00057318   0.0179705   0.00116858 -0.000481688 -0.000307569  0.0205014  0.0166977 -0.0141638 -0.0764492 -0.0456375    -9.8086 
              38.601  -0.11756 0.0742536 0.0246521 0.00443471  0.0192532 0.00779687 0 0 0   -0.011 -0.02329  0.04412  0.0125026 0.00547698 0.00699565   0.00112954 -0.000444872 -0.000334804  0.0210915  0.0167346 -0.0138558 -0.0766668 -0.0456399   -9.80859 
              38.699  -0.11549 0.0958414 0.0259413 0.00743231  0.0178386  0.0085047 0 0 0   -0.011 -0.02329  0.04412  0.0234338 0.00927199 0.00914604   0.00112479 -0.000403443 -0.000317564  0.0209303   0.016971 -0.0138483 -0.0766098 -0.0457314   -9.80859 
              38.801  -0.135299  0.0617531 0.00763339 0.00588127  0.0175568 0.00538304 0 0 0   -0.011 -0.02329  0.04412   0.0134244   0.0115592 -0.00587182   0.00113173 -0.000372575 -0.000300266 0.0213267 0.0171285 -0.013298 -0.0767527 -0.0457809   -9.80859 
              38.901 -0.127672 0.0714139  0.022644 0.00629377  0.0213654 0.00626116 0 0 0   -0.011 -0.02329  0.04412  0.0121762  0.0257079 0.00421781   0.00106593 -0.000327333 -0.000338466  0.0214476  0.0168775 -0.0134505 -0.0767969 -0.0456868   -9.80859 
                  39 -0.119562 0.0625671 0.0144263 0.00484092  0.0180585 0.00685242 0 0 0   -0.011 -0.02329  0.04412  0.00249078  0.00349422 -0.00234296    0.0010905 -0.000351201 -0.000358851  0.0217044  0.0174682 -0.0134948 -0.0769015 -0.0459034   -9.80859 
                39.1 -0.118895  0.067556 0.0342306 0.00554146  0.0178743 0.00654522 0 0 0   -0.011 -0.02329  0.04412  0.00438244 -0.00252286 -0.00880217   0.00108936 -0.000355999 -0.000358404  0.0216518  0.0175163 -0.0135007 -0.0768827  -0.045922   -9.80859 
                39.2 -0.108095 0.0903971 0.0191701 0.00291665  0.0199046 0.00596757 0 0 0   -0.011 -0.02329  0.04412 -0.00205686   0.0169412 -0.00410215    0.0010643 -0.000376689 -0.000343038 0.0219671 0.0173419  -0.01353 -0.0769978  -0.045854   -9.80859 
              39.299 -0.112729 0.0677327 0.0355404 0.00558551  0.0198696 0.00494619 0 0 0   -0.011 -0.02329  0.04412   0.0179062   0.0211264 -0.00334739   0.00107501 -0.000381608 -0.000327976  0.0217051   0.017568 -0.0134594  -0.076902 -0.0459392   -9.80859 
              39.401 -0.121921 0.0688216 0.0258561 0.00981161  0.0165444 0.00661402 0 0 0   -0.011 -0.02329  0.04412  0.0290932  0.0100376 0.00170481   0.00106776 -0.000360324 -0.000288381  0.0214569  0.0181955 -0.0137407 -0.0768206 -0.0461741   -9.80859 
                39.5 -0.116124 0.0780737 0.0217747 0.00236029  0.0209388 0.00585816 0 0 0   -0.011 -0.02329  0.04412 -0.00709096   0.0253207 -0.00453895   0.00109044 -0.000383899 -0.000302653  0.0225264  0.0178697 -0.0136276 -0.0772083 -0.0460483   -9.80859 
              39.601 -0.137734 0.0737806 0.0290873 0.00192658   0.019366 0.00592286 0 0 0   -0.011 -0.02329  0.04412  -0.010219  0.0159675 -0.0103197   0.00108484 -0.000391332 -0.000315403 0.0224629 0.0183158 -0.013721 -0.0771904 -0.0462125   -9.80859 
              39.701 -0.141442 0.0910401 0.0244575 0.00446453  0.0171517 0.00570033 0 0 0   -0.011 -0.02329  0.04412  0.0112198 0.00796248 -0.0170901   0.00110965 -0.000372981 -0.000315306  0.0221238  0.0187341 -0.0138927 -0.0770747 -0.0463694   -9.80859 
              39.799 -0.128151 0.0611883  0.017679 0.00524994  0.0202589 0.00428064 0 0 0   -0.011 -0.02329  0.04412 0.00853723  0.0211732  -0.014598   0.00107968 -0.000385117 -0.000332487  0.0221566  0.0185197 -0.0139219 -0.0770848 -0.0462917   -9.80859 
              39.901 -0.121779 0.0916641 0.0206862 0.00690866  0.0210766 0.00554011 0 0 0   -0.011 -0.02329  0.04412   0.0124236   0.0248905 -0.00918848   0.00107744 -0.000431163 -0.000344841  0.0220796  0.0186921 -0.0143534 -0.0770667 -0.0463578   -9.80859 
                  40 -0.108737 0.0683794 0.0312171 0.00250308  0.0207732 0.00666062 0 0 0   -0.011 -0.02329  0.04412 -0.00449956   0.0147418  0.00493495   0.00107664 -0.000408687 -0.000369533   0.022692   0.018987 -0.0146167  -0.077296 -0.0464577   -9.80859 
              40.101 -0.124693 0.0735979 0.0262138 0.00532263  0.0182055 0.00794022 0 0 0   -0.011 -0.02329  0.04412  0.015503 0.0106729 0.0116194   0.00105628 -0.000383244 -0.000347469  0.0224011  0.0194476 -0.0147394 -0.0772003  -0.046628   -9.80859 
              40.201 -0.125537 0.0706716 0.0260249 0.00376582  0.0179921 0.00691754 0 0 0   -0.011 -0.02329  0.04412  0.00607626   0.0135348 0.000288776   0.00105313 -0.000402141 -0.000357513  0.0227239  0.0196012 -0.0144666 -0.0773129 -0.0466763   -9.80858 
                40.3 -0.117751  0.073618  0.022298 0.00684925   0.022034 0.00582591 0 0 0   -0.011 -0.02329  0.04412   0.0197541   0.0337136 -0.00215938   0.00105584 -0.000400918 -0.000360548  0.0225126  0.0193853 -0.0143017 -0.0772326 -0.0466002   -9.80859 
                40.4 -0.121035  0.069004 0.0209414 0.00832188  0.0210682 0.00658112 0 0 0   -0.011 -0.02329  0.04412   0.0236733   0.0238151 -0.00311645   0.00105032 -0.000405467 -0.000399334 0.0225897 0.0198651  -0.01444 -0.0772678 -0.0467708   -9.80858 
                40.5 -0.115354 0.0651631 0.0135915 0.00742852  0.0177507 0.00580949 0 0 0   -0.011 -0.02329  0.04412    0.026265  0.00930978 -0.00615509    0.0010475 -0.000398052  -0.00040716 0.0229642 0.0204612  -0.01437 -0.0774069 -0.0469757   -9.80858 
              40.601 -0.128269 0.0922591 0.0255685 0.00731341  0.0166457  0.0054332 0 0 0   -0.011 -0.02329  0.04412 0.0121824 0.0112889 -0.009062   0.00105037 -0.000401869 -0.000416993  0.0232253  0.0206998 -0.0144241 -0.0775032 -0.0470565   -9.80858 
                40.7 -0.119942 0.0898562 0.0254418 0.00467092  0.0201123 0.00711558 0 0 0   -0.011 -0.02329  0.04412  0.00607306   0.0269516 0.000969733   0.00103054 -0.000372211  -0.00042723  0.0236417  0.0205102 -0.0147885 -0.0776529 -0.0469873   -9.80858 
              40.801 -0.119476 0.0567354 0.0230455  0.0070065  0.0202478 0.00450221 0 0 0   -0.011 -0.02329  0.04412  0.0158029  0.0155807 -0.0165777   0.00101246 -0.000353097 -0.000437964 0.0235061 0.0207629 -0.014451 -0.0776034 -0.0470746   -9.80858 
              40.902 -0.100451 0.0579678 0.0257361 0.00695812  0.0209878 0.00537616 0 0 0   -0.011 -0.02329  0.04412   0.0104183   0.0163829 -0.00357142  0.000992033 -0.000344908 -0.000442974  0.0236946  0.0208692 -0.0148218 -0.0776763 -0.0471124   -9.80858 
              41.001 -0.130524 0.0627218 0.0143729 0.00285099  0.0203761 0.00520464 0 0 0   -0.011 -0.02329  0.04412 -0.00704506   0.0101618 -0.00943333  0.000968701 -0.000333936 -0.000408709 0.0242209 0.0211192  -0.01488  -0.077863 -0.0471935   -9.80858 
              41.101 -0.107199 0.0792714 0.0397169 0.00441049  0.0184718 0.00543447 0 0 0   -0.011 -0.02329  0.04412  0.0126085 0.00380339 -0.0147729  0.000942426 -0.000322643 -0.000426939 0.0240406 0.0214367 -0.015131  -0.077809 -0.0473077   -9.80858 
              41.201 -0.132997 0.0764437 0.0372711 0.00900612   0.019228 0.00540612 0 0 0   -0.011 -0.02329  0.04412    0.033077   0.0138866 -0.00641537   0.00096077 -0.000325809 -0.000431165  0.0236945  0.0214256 -0.0153322 -0.0776934 -0.0473098   -9.80858 
              41.301 -0.113764 0.0641241 0.0115505 0.00825652  0.0207835 0.00404274 0 0 0   -0.011 -0.02329  0.04412 0.0173889 0.0229257 -0.017906  0.000963798  -0.00032587 -0.000430312  0.0241124   0.021452 -0.0153129 -0.0778368 -0.0473145   -9.80858 
              41.401 -0.121141 0.0430753 0.0243992 0.00931732  0.0200092   0.004661 0 0 0   -0.011 -0.02329  0.04412   0.0241014  0.00923877 -0.00152928  0.000946526 -0.000316684 -0.000430091  0.0241799   0.021737 -0.0156158 -0.0778683 -0.0474151   -9.80858 
              41.501 -0.126632 0.0517187 0.0165729 0.00597725  0.0173496 0.00749815 0 0 0   -0.011 -0.02329  0.04412  0.00611747 -0.00249946   0.0174775    0.0009528 -0.000347456 -0.000417951  0.0247759  0.0221243 -0.0159561 -0.0780828  -0.047544   -9.80857 
              41.599 -0.0893976  0.0621151  0.0163479 0.00792172  0.0189157 0.00946367 0 0 0   -0.011 -0.02329  0.04412 0.0172413 0.0126421  0.023554  0.000918982 -0.000360281 -0.000415288  0.0246256  0.0219664 -0.0159732 -0.0780303 -0.0474922   -9.80857 
                41.7 -0.106824 0.0467047 0.0269521  0.0077134  0.0211449 0.00834676 0 0 0   -0.011 -0.02329  0.04412 0.0134454 0.0152397 0.0193215  0.000940873 -0.000313856 -0.000453582  0.024836 0.0218774 -0.015456 -0.0780887 -0.0474542   -9.80857 
              41.802 -0.114271 0.0655022 0.0163837 0.00988148  0.0211581 0.00646234 0 0 0   -0.011 -0.02329  0.04412  0.0133063 0.00787886 0.00439933  0.000940239  -0.00033891 -0.000431626  0.0247666  0.0220051 -0.0149619 -0.0780571 -0.0474923   -9.80857 
                41.9 -0.0956344   0.069516   0.024943 0.00887094  0.0210643 0.00725391 0 0 0   -0.011 -0.02329  0.04412  0.0072075 0.00887592 0.00020568  0.000916428 -0.000339748 -0.000417164  0.0250152  0.0221167 -0.0150969 -0.0781448 -0.0475284   -9.80857 
              42.001 -0.105012  0.057252 0.0291291 0.00651283  0.0171611 0.00626029 0 0 0   -0.011 -0.02329  0.04412 -0.00231134  -0.0077397  -0.0100583  0.000924143 -0.000318026 -0.000418084  0.0253311   0.022585 -0.0150485 -0.0782547 -0.0476815   -9.80857 
              42.101  -0.13316 0.0494705 0.0162423 0.00425628  0.0148076 0.00675763 0 0 0   -0.011 -0.02329  0.04412  -0.0141374 -0.00932593 -0.00237612  0.000931847 -0.000334336 -0.000379852  0.0255107  0.0227805 -0.0152596 -0.0783202  -0.047748   -9.80857 
              42.201 -0.129984 0.0814411 0.0128706 0.000861611   0.0190239  0.00640562 0 0 0   -0.011 -0.02329  0.04412 -0.0169237  0.0177905 0.00275275  0.000904608 -0.000351625  -0.00037822  0.0257235  0.0223032 -0.0152331 -0.0783872 -0.0475871   -9.80857 
              42.301 -0.112892 0.0622517  0.031883 0.00536102  0.0219011 0.00593159 0 0 0   -0.011 -0.02329  0.04412   0.0111255   0.0295145 0.000567101   0.00088087 -0.000338184 -0.000421103  0.0251496  0.0222243 -0.0151372 -0.0781939 -0.0475657   -9.80857 
              42.401 -0.131161 0.0733549 0.0157824 0.00955507  0.0176336 0.00706093 0 0 0   -0.011 -0.02329  0.04412   0.0327624 -0.00567109   0.0111447  0.000851726 -0.000344394 -0.000397762   0.024859  0.0229286 -0.0152448 -0.0781089 -0.0478029   -9.80857 
              42.501 -0.123468 0.0784289 0.0206576 0.00466341  0.0192446 0.00675907 0 0 0   -0.011 -0.02329  0.04412   0.013714 0.00748158 0.00376936  0.000859678 -0.000341199 -0.000360261  0.0257401  0.0227389 -0.0150458 -0.0783928 -0.0477292   -9.80857 
                42.6 -0.116573 0.0664141 0.0156436 0.00534103  0.0199041 0.00712211 0 0 0   -0.011 -0.02329  0.04412  0.0108027  0.0117253 0.00947709  0.000850106  -0.00034874 -0.000364625  0.0258517  0.0227896 -0.0150174 -0.0784294 -0.0477447   -9.80857 
              42.701   -0.1272 0.0741892  0.035078 0.00981126  0.0210342 0.00817313 0 0 0   -0.011 -0.02329  0.04412  0.0280508   0.022091 0.00577301  0.000863119 -0.000350702 -0.000349541  0.0255174  0.0228388 -0.0150322 -0.0783208 -0.0477642   -9.80857 
              42.801  -0.11865 0.0792115 0.0141011 0.00710446  0.0199192 0.00473314 0 0 0   -0.011 -0.02329  0.04412  0.0172363  0.0168273 -0.0105916   0.00081455 -0.000323449 -0.000330057  0.0261258  0.0232201 -0.0144961 -0.0785132 -0.0478772   -9.80857 
              42.901 -0.121369 0.0862705 0.0259954 0.00470443  0.0182831 0.00631485 0 0 0   -0.011 -0.02329  0.04412 0.00733417  0.0010993 0.00390341  0.000796478 -0.000364064 -0.000314713   0.026604  0.0235408 -0.0148634 -0.0786778 -0.0479796   -9.80857 
              43.001 -0.130537 0.0616999  0.021714 0.0024264 0.0187862 0.0070756 0 0 0   -0.011 -0.02329  0.04412 0.00279834 0.00833553 0.00460809  0.000815802  -0.00033925 -0.000343325  0.0269316   0.023565 -0.0149241 -0.0787851 -0.0479848   -9.80857 
              43.101  -0.13457 0.0714824 0.0255242 0.00594042  0.0164829 0.00701099 0 0 0   -0.011 -0.02329  0.04412  0.0159307 0.00157917 0.00160401  0.000825405 -0.000356242 -0.000329775  0.0266187  0.0238789 -0.0149121 -0.0786876 -0.0480896   -9.80857 
                43.2 -0.111719 0.0856791 0.0231531 0.00453118  0.0171435 0.00623789 0 0 0   -0.011 -0.02329  0.04412   0.0024652   0.0126908 -0.00591066  0.000793491 -0.000351462 -0.000325813 0.0269202 0.0238826 -0.014793 -0.0787824 -0.0480859   -9.80857 
                43.3 -0.118141 0.0674435 0.0245707 0.00480739   0.016684 0.00507366 0 0 0   -0.011 -0.02329  0.04412  0.00461802   0.0113191 -0.00896839  0.000811976 -0.000344323 -0.000312611  0.0269327  0.0240784 -0.0147568 -0.0787881 -0.0481481   -9.80857 
                43.4 -0.127677 0.0829385 0.0247408 0.00828659  0.0186526 0.00643803 0 0 0   -0.011 -0.02329  0.04412   0.0168208   0.0204174 -0.00502503  0.000807039 -0.000358516 -0.000303635  0.0266298  0.0240249 -0.0150878 -0.0786961 -0.0481383   -9.80857 
              43.501  -0.11221  0.053669 0.0198774 0.00622043  0.0216887 0.00602379 0 0 0   -0.011 -0.02329  0.04412  0.00943402   0.0265108 -0.00810902  0.000798441 -0.000332899 -0.000293906  0.0270321  0.0239643 -0.0151503 -0.0788245 -0.0481161   -9.80857 
              43.599 -0.108764 0.0797207 0.0171236 0.00379478  0.0210522 0.00736363 0 0 0   -0.011 -0.02329  0.04412 -0.000457248    0.0143942   0.00750844  0.000801434 -0.000323791 -0.000311499  0.0273786  0.0242938 -0.0153519 -0.0789406 -0.0482197   -9.80856 
              43.701 -0.125457 0.0752515 0.0255256 0.00748563  0.0174181  0.0081265 0 0 0   -0.011 -0.02329  0.04412   0.0166955 -0.00765048    0.009199  0.000809287 -0.000302584 -0.000305127  0.0270112  0.0247698 -0.0153536 -0.0788297 -0.0483742   -9.80856 
              43.801 -0.123559 0.0691783 0.0229883 0.00780195  0.0179946 0.00522515 0 0 0   -0.011 -0.02329  0.04412  0.0132388 0.00274619 -0.0122053  0.000856662 -0.000305626  -0.00026224  0.0271794  0.0247096 -0.0148882 -0.0788742  -0.048348   -9.80856 
              43.899 -0.108486 0.0914277 0.0269127 0.00479335  0.0176264 0.00562012 0 0 0   -0.011 -0.02329  0.04412 0.000272263 -0.00463394  0.00160325  0.000822329  -0.00030135 -0.000270528  0.0276544   0.024771 -0.0150547 -0.0790265 -0.0483648   -9.80856 
                  44  -0.11646 0.0780427 0.0238661 0.000266487   0.0154401  0.00745914 0 0 0   -0.011 -0.02329  0.04412  -0.0126124 0.000319715  0.00520868  0.000818004 -0.000277912 -0.000261285  0.0281134  0.0249759 -0.0152883 -0.0791754 -0.0484268   -9.80856 
              44.101 -0.119982 0.0617077 0.0247348 0.00545103  0.0155891 0.00606819 0 0 0   -0.011 -0.02329  0.04412    0.017039   0.0147446 -0.00475914  0.000821518 -0.000255505 -0.000283416  0.0274855  0.0250436 -0.0151057  -0.078978 -0.0484519   -9.80856 
              44.201 -0.131537 0.0763525 0.0129766 0.00698366  0.0209243 0.00706851 0 0 0   -0.011 -0.02329  0.04412  0.0247017  0.0334344 0.00627009  0.000846196 -0.000286907 -0.000321283  0.0275862    0.02466 -0.0152691 -0.0790074 -0.0483337   -9.80856 
                44.3 -0.106518 0.0593301 0.0301702  0.0086881  0.0198321 0.00618663 0 0 0   -0.011 -0.02329  0.04412  0.0218716  0.0228959 0.00464298  0.000828333 -0.000286052 -0.000287779  0.0276602   0.025139 -0.0150284 -0.0790324 -0.0484779   -9.80856 
              44.401 -0.115203 0.0864509 0.0372487 0.00529067   0.019733  0.0068293 0 0 0   -0.011 -0.02329  0.04412 -0.00352011   0.0232655  0.00241464  0.000842651 -0.000320557 -0.000276791  0.0282392  0.0254047 -0.0150607 -0.0792142  -0.048554   -9.80856 
              44.501 -0.132824 0.0743765 0.0235202 0.00259195  0.0192199 0.00670607 0 0 0   -0.011 -0.02329  0.04412  -0.0102566   0.0222764 -0.00238091  0.000871978 -0.000311996  -0.00026405  0.0284965  0.0257419 -0.0149967 -0.0792942 -0.0486551   -9.80856 
                44.6  -0.10794 0.0716287  0.016626 0.00527043  0.0214401 0.00695229 0 0 0   -0.011 -0.02329  0.04412   0.0129243    0.025547 0.000503686  0.000878325 -0.000317262  -0.00027283  0.0281617  0.0257613 -0.0150346 -0.0791926 -0.0486636   -9.80856 
              44.701 -0.126248 0.0727969 0.0209356 0.00612422  0.0228303 0.00620836 0 0 0   -0.011 -0.02329  0.04412  0.0136439  0.0211509 -0.0039113  0.000899997 -0.000283214 -0.000272368  0.0282457  0.0259323 -0.0149682 -0.0792185 -0.0487142   -9.80856 
              44.801 -0.109809 0.0696264  0.021182 0.00661618  0.0206609 0.00571142 0 0 0   -0.011 -0.02329  0.04412   0.0109704  0.00733815 -0.00257404  0.000905689 -0.000281972 -0.000253069  0.0283233  0.0263813 -0.0149596 -0.0792471 -0.0488496   -9.80856 
              44.901  -0.12011 0.0955453 0.0206625 0.00553486  0.0214377 0.00521344 0 0 0   -0.011 -0.02329  0.04412  0.00618567   0.0126785 -0.00817485  0.000894261 -0.000295909 -0.000252792  0.0285806  0.0264102 -0.0149436  -0.079325 -0.0488551   -9.80856 
              45.001 -0.109493 0.0738205 0.0239707  0.0054807  0.0229058 0.00619306 0 0 0   -0.011 -0.02329  0.04412 0.00974306  0.0233072 0.00162503  0.000888888 -0.000254931 -0.000269081  0.0286662  0.0264505 -0.0151491 -0.0793547 -0.0488687   -9.80856 
              45.101 -0.114105 0.0767088 0.0241126 0.00611325  0.0225192 0.00644742 0 0 0   -0.011 -0.02329  0.04412   0.0260723    0.016389 -0.00419434  0.000900655 -0.000280001  -0.00025533  0.0287865  0.0267629 -0.0152152 -0.0793952 -0.0489621   -9.80856 
                45.2 -0.101826 0.0723561 0.0230987 0.00865366  0.0232144 0.00766432 0 0 0   -0.011 -0.02329  0.04412  0.0294522  0.0164873 0.00656159  0.000914922 -0.000264247 -0.000277117 0.0288394 0.0268788 -0.015427 -0.0794154 -0.0489988   -9.80856 
              45.299 -0.122705 0.0654986 0.0231797 0.00873786   0.018182 0.00513745 0 0 0   -0.011 -0.02329  0.04412   0.0187077 -0.00705681 -0.00286124  0.000932288 -0.000234303 -0.000291433  0.0291239  0.0275451 -0.0150164 -0.0795026 -0.0491888   -9.80855 
              45.401 -0.138038 0.0640967 0.0228625 0.0103451 0.0169681 0.0062611 0 0 0   -0.011 -0.02329  0.04412   0.0187284 -0.00201995 -0.00357975  0.000926242 -0.000278009 -0.000261466   0.029153  0.0276236 -0.0152178 -0.0795155 -0.0492145   -9.80855 
                45.5 -0.131712 0.0661948 0.0167487 0.00291664  0.0175369 0.00615182 0 0 0   -0.011 -0.02329  0.04412 -0.00888051  0.00643236 -0.00281086  0.000935767 -0.000299549 -0.000247835  0.0301162  0.0275738 -0.0152591 -0.0798015 -0.0491899   -9.80855 
              45.599 -0.118715 0.0748716 0.0253987 0.00318691  0.0214416 0.00572703 0 0 0   -0.011 -0.02329  0.04412 -0.00631533    0.027916 -0.00554678  0.000930781 -0.000312626 -0.000258008   0.030009  0.0272735 -0.0152423 -0.0797664 -0.0491021   -9.80855 
              45.699 -0.139616 0.0821338 0.0162408 0.00520136  0.0188934 0.00753738 0 0 0   -0.011 -0.02329  0.04412 0.0142847 0.0176063 0.0124618  0.000946833 -0.000331022 -0.000283387  0.0297693   0.027864 -0.0155299 -0.0797082 -0.0492813   -9.80855 
              45.799 -0.117128 0.0665612 0.0263878 0.00582527  0.0201288 0.00614827 0 0 0   -0.011 -0.02329  0.04412  0.0187142  0.0155645 0.00168009  0.000930978 -0.000324652 -0.000281528  0.0299044  0.0279137 -0.0151743 -0.0797411 -0.0492909   -9.80855 
                45.9  -0.10815 0.0825827 0.0180419 0.00668248  0.0193533 0.00714397 0 0 0   -0.011 -0.02329  0.04412 0.0254355 0.0131977 0.0106873  0.000930204 -0.000300272 -0.000276293  0.0300607  0.0281702 -0.0152641 -0.0797916 -0.0493649   -9.80855 
              45.999 -0.122188 0.0629595 0.0341173 0.00734262  0.0203858 0.00842278 0 0 0   -0.011 -0.02329  0.04412 0.0191515  0.020782 0.0166582  0.000923943 -0.000268667 -0.000281661  0.0302528  0.0282561 -0.0152828 -0.0798487 -0.0493882   -9.80855 
              46.101 -0.115682 0.0813841 0.0264908 0.00317503  0.0194256 0.00846247 0 0 0   -0.011 -0.02329  0.04412 0.00201284  0.0248325 0.00951017  0.000934309 -0.000327212 -0.000245211  0.0308863   0.028629 -0.0150563 -0.0800325 -0.0494882   -9.80855 
              46.199  -0.11821 0.0948883 0.0214833 0.00458317  0.0215817 0.00714309 0 0 0   -0.011 -0.02329  0.04412   0.0123909    0.027883 0.000426557  0.000924611 -0.000322116 -0.000217426  0.0308069  0.0287128 -0.0147384 -0.0800041 -0.0495097   -9.80855 
              46.301 -0.124983 0.0607403 0.0267315 0.00857208  0.0216415 0.00559027 0 0 0   -0.011 -0.02329  0.04412  0.020303 0.0256267 0.0033785  0.000945244 -0.000295352 -0.000221563  0.0304993  0.0290088 -0.0144872 -0.0799133  -0.049595   -9.80855 
              46.401   -0.1268 0.0647777 0.0214915 0.00763974  0.0182584  0.0069674 0 0 0   -0.011 -0.02329  0.04412 0.0155913 0.0120766 0.0111494  0.000957419 -0.000329094 -0.000219618  0.0308437   0.029689 -0.0146146 -0.0800211 -0.0497884   -9.80855 
              46.501  -0.12065 0.0707832  0.018557 0.00183846  0.0189341 0.00703683 0 0 0   -0.011 -0.02329  0.04412 -0.00865426   0.0119943  0.00642315  0.000974167 -0.000329824  -0.00023198  0.0315856  0.0297715 -0.0144799 -0.0802319 -0.0498021   -9.80855 
              46.601 -0.127564 0.0874224 0.0226985 0.00124245  0.0182736 0.00803798 0 0 0   -0.011 -0.02329  0.04412 -0.00590623   0.0119428  0.00529537  0.000981617 -0.000317783 -0.000235524  0.0315778  0.0299697 -0.0145473 -0.0802336 -0.0498595   -9.80855 
              46.701 -0.114209 0.0770204 0.0269314 0.00713367  0.0207078 0.00780828 0 0 0   -0.011 -0.02329  0.04412 0.0212444 0.0224932  0.009292  0.000958085 -0.000331108 -0.000282877  0.0309298  0.0298696 -0.0144475 -0.0800462 -0.0498392   -9.80855 
              46.802 -0.116054 0.0694301 0.0272567 0.00450502  0.0217877 0.00597144 0 0 0   -0.011 -0.02329  0.04412 0.00849975  0.0235205 0.00421661  0.000943466 -0.000316797 -0.000278596  0.0314336  0.0300036 -0.0140453 -0.0801841 -0.0498649   -9.80855 
                46.9 -0.120798 0.0907872  0.023394 0.00388858  0.0197633  0.0064332 0 0 0   -0.011 -0.02329  0.04412 0.00662895 0.00974448 0.00294047  0.000937049 -0.000336476 -0.000277522  0.0316021  0.0304593 -0.0140619 -0.0802383 -0.0499914   -9.80854 
              47.002 -0.119383 0.0848076 0.0167131 0.00524281  0.0188292 0.00705318 0 0 0   -0.011 -0.02329  0.04412   0.00929593 -0.000478232 -7.32758e-05  0.000957098 -0.000310147 -0.000270697 0.0315204 0.0306672 -0.014165 -0.0802196  -0.050052   -9.80854 
              47.099 -0.141269 0.0839715 0.0264021 0.00542724   0.014754  0.0073282 0 0 0   -0.011 -0.02329  0.04412   0.0140743  -0.0145481 -0.00133433  0.000950677 -0.000276899 -0.000275316  0.0316018  0.0310995 -0.0141854  -0.080248 -0.0501725   -9.80854 
                47.2 -0.121145 0.0791016 0.0259466 0.00527397  0.0166589 0.00651744 0 0 0   -0.011 -0.02329  0.04412  0.00364452   0.0045806 -0.00814026  0.000906966 -0.000252577 -0.000286068  0.0317664  0.0307977 -0.0141416 -0.0802897 -0.0500857   -9.80854 
              47.301 -0.125105 0.0809347 0.0265635  0.0015927  0.0171656 0.00457713 0 0 0   -0.011 -0.02329  0.04412 -0.00915528    0.017465  -0.0155948  0.000911091 -0.000237833 -0.000317511 0.0321766 0.0308461 -0.014009  -0.080403 -0.0500929   -9.80854 
                47.4  -0.12999 0.0616131 0.0144471 0.00378751  0.0192017 0.00613957 0 0 0   -0.011 -0.02329  0.04412   0.0115213   0.0302988 -0.00688486  0.000873009 -0.000267169 -0.000310947 0.0318987 0.0308784 -0.014478 -0.0803322 -0.0501088   -9.80854 
              47.501  -0.11062 0.0640454  0.021832 0.00589655  0.0226587 0.00576606 0 0 0   -0.011 -0.02329  0.04412    0.015995   0.0397936 -0.00386908  0.000879134 -0.000294933 -0.000323346  0.0318173  0.0308657 -0.0145336 -0.0803104 -0.0501066   -9.80854 
                47.6 -0.0950159  0.0646233   0.031342 0.00599276  0.0218243 0.00686179 0 0 0   -0.011 -0.02329  0.04412   0.0157361    0.030356 -0.00220895  0.000874805 -0.000332725 -0.000303656  0.0319735  0.0314122 -0.0147088 -0.0803637 -0.0502566   -9.80854 
              47.701 -0.129485 0.0784004 0.0116464 0.00473453  0.0219032 0.00565118 0 0 0   -0.011 -0.02329  0.04412    0.012656   0.0201892 -0.00651929  0.000907311 -0.000353895 -0.000262671  0.0322842  0.0317235 -0.0146101  -0.08045 -0.050338  -9.80854 
                47.8 -0.113601 0.0852358 0.0429095 0.00813531  0.0194361 0.00490641 0 0 0   -0.011 -0.02329  0.04412  0.0283489 0.00963413  -0.002716  0.000917802 -0.000354111 -0.000321623  0.0321342  0.0322131 -0.0145667 -0.0804124 -0.0504729   -9.80854 
              47.901 -0.111134 0.0790547 0.0292711 0.00493899  0.0187058 0.00641099 0 0 0   -0.011 -0.02329  0.04412  0.0091925 0.00433848  0.0056544   0.00096828 -0.000386138 -0.000322673  0.0327732  0.0324057 -0.0147857  -0.080593 -0.0505202   -9.80854 
              47.999 -0.138504 0.0704483 0.0253679 0.00399984  0.0198419 0.00644834 0 0 0   -0.011 -0.02329  0.04412 0.00229931  0.0169928 0.00551448  0.000992967 -0.000393117 -0.000285034  0.0329734  0.0323838 -0.0147258  -0.080646 -0.0505108   -9.80854 
              48.101   -0.1259 0.0767029 0.0261699 0.00405793  0.0202591 0.00674365 0 0 0   -0.011 -0.02329  0.04412  0.00851474   0.0146951 1.18948e-06   0.00097819 -0.000406798 -0.000298422  0.0330133  0.0325183 -0.0147395 -0.0806586 -0.0505469   -9.80854 
              48.199 -0.115778 0.0897709  0.031068  0.0059689  0.0217384 0.00599657 0 0 0   -0.011 -0.02329  0.04412    0.013527   0.0179588 -0.00355261  0.000975197 -0.000426749 -0.000287481  0.0329207  0.0325463 -0.0146571 -0.0806324 -0.0505547   -9.80854 
                48.3 -0.112338 0.0733167  0.032225 0.00546232  0.0198267 0.00496958 0 0 0   -0.011 -0.02329  0.04412  0.00867376     0.00554 -0.00547404  0.000940584 -0.000414916 -0.000267601  0.0330984  0.0329534 -0.0145306 -0.0806823 -0.0506611   -9.80854 
              48.401 -0.130752 0.0636746  0.020548 0.00836931  0.0171271 0.00708463 0 0 0   -0.011 -0.02329  0.04412   0.0156871 -0.00461855  0.00450132  0.000939448 -0.000398882 -0.000245433  0.0328816  0.0333011 -0.0149219  -0.080633 -0.0507597   -9.80854 
              48.499  -0.119888  0.0652007 0.00946832 0.00642165     0.0193 0.00796219 0 0 0   -0.011 -0.02329  0.04412  0.0036409 0.00296181  0.0110767  0.000940365 -0.000402602 -0.000234501  0.0332223  0.0330329 -0.0149322 -0.0807217  -0.050685   -9.80854 
              48.599 -0.118075 0.0762485 0.0264285 0.00301165  0.0199662   0.007305 0 0 0   -0.011 -0.02329  0.04412 -0.00184899  0.00940138  0.00538803  0.000913907 -0.000430203 -0.000252896  0.0336813  0.0330354 -0.0147126   -0.08084 -0.0506781   -9.80854 
              48.701 -0.116923 0.0987181 0.0267097 0.00642951   0.018273  0.0080438 0 0 0   -0.011 -0.02329  0.04412   0.0222485  0.00567755 0.000926425  0.000893459 -0.000420586 -0.000227075   0.033338  0.0333306 -0.0147771 -0.0807543 -0.0507617   -9.80854 
              48.801  -0.130079  0.0655759 0.00704993 0.00548752  0.0172757  0.0047035 0 0 0   -0.011 -0.02329  0.04412 0.00819622 0.00534705  -0.011773  0.000917392 -0.000380233 -0.000206704 0.0336742 0.0334981 -0.014361 -0.0808378 -0.0507979   -9.80854 
              48.901 -0.123605 0.0671706  0.024132 0.00717245  0.0218805 0.00463864 0 0 0   -0.011 -0.02329  0.04412  0.0132556  0.0275133 -0.0102399  0.000931781  -0.00035876 -0.000195306  0.0335943  0.0331276 -0.0145254 -0.0808148  -0.050703   -9.80854 
              49.001 -0.117794 0.0642113 0.0145238 0.00493879  0.0186311 0.00571895 0 0 0   -0.011 -0.02329  0.04412  0.00334701   0.0115172 -0.00292312  0.000914754 -0.000392458 -0.000182725  0.0339482  0.0337603 -0.0148044 -0.0809186 -0.0508682   -9.80853 
              49.099 -0.118631 0.0694488 0.0330493 0.00536923  0.0190671 0.00652977 0 0 0   -0.011 -0.02329  0.04412 0.00624612  0.0122487 0.00701063  0.000947788 -0.000384581 -0.000209455 0.0339521 0.0338571 -0.014945  -0.080923 -0.0508951   -9.80853 
                49.2  -0.11931 0.0842166 0.0276529 0.00400786  0.0201457 0.00696027 0 0 0   -0.011 -0.02329  0.04412 -0.00142972   0.0178154  0.00638022  0.000958049 -0.000384756 -0.000155965 0.0341738 0.0339112 -0.014906 -0.0809807 -0.0509062   -9.80853 
              49.302 -0.115393 0.0645529  0.021176 0.00539294  0.0197596  0.0055695 0 0 0   -0.011 -0.02329  0.04412  0.00637385   0.0196412 -0.00465359  0.000958179 -0.000374299 -0.000168415  0.0340198   0.034196 -0.0146855 -0.0809395 -0.0509785   -9.80853 
                49.4 -0.124349 0.0717711 0.0258651 0.00824409  0.0164291 0.00600479 0 0 0   -0.011 -0.02329  0.04412     0.012952   0.00740288 -0.000241736   0.00093308 -0.000346858 -0.000181895  0.0337664  0.0347758 -0.0148326 -0.0808818 -0.0511328   -9.80853 
              49.501 -0.116045 0.0810552 0.0230571  0.0018034  0.0205502 0.00595778 0 0 0   -0.011 -0.02329  0.04412  -0.00667592    0.0152546 -0.000167974  0.000920027 -0.000381121 -0.000150694  0.0346232  0.0344128 -0.0147921 -0.0810981 -0.0510294   -9.80853 
                49.6 -0.136097 0.0801058 0.0311494 0.00193449  0.0182369 0.00695527 0 0 0   -0.011 -0.02329  0.04412 -0.000190662   0.00390457   0.00727083  0.000930877 -0.000385678 -0.000150088  0.0345179  0.0348102 -0.0148716 -0.0810764 -0.0511335   -9.80853 
              49.701 -0.143065 0.0912624 0.0249361 0.00596257  0.0161103 0.00765331 0 0 0   -0.011 -0.02329  0.04412  0.0209515 0.00257429 0.00636352  0.000956456 -0.000383421 -0.000192513  0.0341637  0.0350961 -0.0148923 -0.0809896 -0.0512113   -9.80853 
              49.801  -0.12935  0.058142 0.0199093 0.00626761  0.0199675 0.00659033 0 0 0   -0.011 -0.02329  0.04412  0.0130909   0.027758 0.00723982  0.000945986 -0.000373783 -0.000159516  0.0343436  0.0347907 -0.0146161  -0.081027 -0.0511282   -9.80853 
              49.902 -0.124213 0.0897189 0.0194616 0.00733014   0.021821 0.00766834 0 0 0   -0.011 -0.02329  0.04412   0.010021   0.026773 0.00550874  0.000951069 -0.000414464 -0.000164262  0.0343744  0.0349256 -0.0146952 -0.0810378 -0.0511628   -9.80853 
                  50 -0.107009 0.0703699 0.0332229 0.00251081  0.0214076 0.00760978 0 0 0   -0.011 -0.02329  0.04412 -0.00218122   0.0245916 -0.00247645   0.00093989 -0.000406843 -0.000166922  0.0350244  0.0352709 -0.0146512 -0.0812059 -0.0512417   -9.80853 
              50.101 -0.123046 0.0751762 0.0262222 0.00548648  0.0184716 0.00725083 0 0 0   -0.011 -0.02329  0.04412  0.00994614 0.000860638 -0.00582151  0.000945462 -0.000380852  -0.00014943    0.03472  0.0357857 -0.0146371 -0.0811351 -0.0513753   -9.80853 
              50.201 -0.129226 0.0709123 0.0274638 0.00327646  0.0167113 0.00575229 0 0 0   -0.011 -0.02329  0.04412 -0.000801468 -0.000220172  -0.00197666  0.000966711 -0.000377256 -0.000131344  0.0350539  0.0360015 -0.0144633 -0.0812188 -0.0514239   -9.80853 
              50.301 -0.120223 0.0731681 0.0233935 0.00633264  0.0203178 0.00561306 0 0 0   -0.011 -0.02329  0.04412    0.013293   0.0152495 -0.00593341  0.000957797  -0.00037455 -0.000155974  0.0347526   0.035644 -0.0144831 -0.0811397 -0.0513378   -9.80853 
              50.401 -0.124691 0.0713924 0.0214459 0.00771772  0.0194481 0.00647467 0 0 0   -0.011 -0.02329  0.04412  0.0177472  0.0088631 0.00492661  0.000955478 -0.000379417 -0.000180523  0.0347653  0.0359072 -0.0146712 -0.0811492 -0.0514055   -9.80853 
                50.5 -0.120014  0.066679 0.0142786 0.00624521  0.0164174 0.00625872 0 0 0   -0.011 -0.02329  0.04412  0.00520351   0.0073173 0.000688781  0.000939493 -0.000396586 -0.000193298   0.035065  0.0363445 -0.0145946 -0.0812286 -0.0515094   -9.80853 
                50.6 -0.130439 0.0942944 0.0270116 0.00593899  0.0164389 0.00644775 0 0 0   -0.011 -0.02329  0.04412 0.00881553 0.00756333 0.00138274   0.00094105 -0.000425006 -0.000190132  0.0351903   0.036439 -0.0145763 -0.0812607 -0.0515309   -9.80853 
                50.7 -0.118053  0.089534 0.0271224 0.00447614  0.0197769 0.00845106 0 0 0   -0.011 -0.02329  0.04412 0.00438457  0.0203803  0.0113356  0.000904218 -0.000412163  -0.00017927  0.0354403  0.0361718 -0.0147909 -0.0813226 -0.0514633   -9.80853 
              50.801 -0.121039 0.0598221 0.0239502 0.00604902  0.0193818  0.0061213 0 0 0   -0.011 -0.02329  0.04412 0.00545466 0.00605591 0.00563803  0.000915135 -0.000376786 -0.000180953  0.0353086  0.0364002 -0.0143008 -0.0812855 -0.0515174   -9.80853 
                50.9 -0.102456  0.062086 0.0259171 0.00572772  0.0199769 0.00750532 0 0 0   -0.011 -0.02329  0.04412  0.0011512 0.00240074  0.0164234   0.00088839 -0.000380952 -0.000194917  0.0354079  0.0363831 -0.0143788 -0.0813107 -0.0515127   -9.80853 
              51.001 -0.138027 0.0692078 0.0113953 0.00164801  0.0184168 0.00689094 0 0 0   -0.011 -0.02329  0.04412  -0.0117784 0.000456048  0.00729101   0.00089386 -0.000375487   -0.0001463  0.0358549  0.0365613 -0.0141177 -0.0814181 -0.0515487   -9.80853 
              51.101  -0.11118 0.0908776 0.0429056 0.00214104  0.0173619 0.00740405 0 0 0   -0.011 -0.02329  0.04412 -0.00891467 -0.00157673  0.00347015  0.000919021 -0.000404106  -0.00017435  0.0356625  0.0366755 -0.0141187 -0.0813723 -0.0515784   -9.80853 
                51.2 -0.135494 0.0825509 0.0426769  0.0070913  0.0188028 0.00653661 0 0 0   -0.011 -0.02329  0.04412   0.0174034   0.0046141 -0.00647148  0.000900997 -0.000421118   -0.0001676  0.0350541  0.0365351 -0.0140031 -0.0812212 -0.0515494   -9.80853 
                51.3 -0.113838 0.0670011 0.0126959 0.00761166  0.0196739 0.00368869 0 0 0   -0.011 -0.02329  0.04412 0.00893399 0.00336759 -0.0197813  0.000869787 -0.000426411 -0.000137511  0.0351625  0.0364868 -0.0137824 -0.0812435 -0.0515342   -9.80853 
              51.402  -0.12007 0.0464496 0.0236371 0.00907623  0.0184891 0.00390962 0 0 0   -0.011 -0.02329  0.04412   0.0207516 -0.00129297  -0.0142132  0.000857657 -0.000441537 -0.000146742  0.0351263  0.0366475 -0.0141107 -0.0812413  -0.051576   -9.80853 
              51.501 -0.129903 0.0529748 0.0172403 0.00565413  0.0164432 0.00589068 0 0 0   -0.011 -0.02329  0.04412  0.00127699 -0.00886139 -0.00381311  0.000826422 -0.000426519 -0.000139722  0.0356823  0.0368579 -0.0145169 -0.0813837 -0.0516255   -9.80853 
                51.6 -0.0915016  0.0638285   0.018273 0.00740539  0.0181331 0.00734217 0 0 0   -0.011 -0.02329  0.04412     0.010184  -0.00158842 -8.54794e-05  0.000796284 -0.000423595 -0.000120033  0.0355263  0.0366051 -0.0147561 -0.0813484 -0.0515677   -9.80853 
              51.702 -0.108611  0.046977 0.0269619 0.00699945  0.0207208 0.00573936 0 0 0   -0.011 -0.02329  0.04412 0.00425091  0.0171133 -0.0118819  0.000807635 -0.000421205 -9.73415e-05  0.0356458  0.0363799 -0.0145769 -0.0813713 -0.0515112   -9.80853 
              51.801 -0.114329 0.0656651 0.0170594 0.00932392  0.0221128 0.00414086 0 0 0   -0.011 -0.02329  0.04412  0.0103625  0.0215358 -0.0140303   0.00082956 -0.000471067 -9.47396e-05  0.0354612  0.0364272 -0.0145376 -0.0813271 -0.0515238   -9.80853 
              51.901 -0.0945638  0.0709786  0.0236074  0.0089999  0.0219096 0.00636321 0 0 0   -0.011 -0.02329  0.04412  0.00533798  0.00986795 -0.00198663  0.000803238 -0.000490614 -9.01402e-05  0.0355887  0.0366482 -0.0150127 -0.0813698 -0.0515811   -9.80853 
              52.001 -0.105382 0.0595705 0.0284944 0.00588355  0.0177616 0.00664794 0 0 0   -0.011 -0.02329  0.04412  -0.00863445 -0.000670397  -0.00377079  0.000769523 -0.000468092 -8.83568e-05  0.0359112  0.0371945 -0.0151053 -0.0814538 -0.0517077   -9.80853 
              52.101 -0.129314 0.0510651 0.0164641 0.00356754  0.0156875 0.00736518 0 0 0   -0.011 -0.02329  0.04412  -0.00898628 -0.000175691   0.00532423  0.000781383 -0.000490826 -6.34937e-05  0.0360651   0.037442 -0.0152265 -0.0814946 -0.0517658   -9.80852 
              52.201 -0.126136 0.0837309 0.0136185 0.00179431  0.0206068 0.00678923 0 0 0   -0.011 -0.02329  0.04412 -0.00926754   0.0333842 -0.00337608  0.000805615 -0.000509354 -5.55389e-05  0.0362096  0.0370267 -0.0151326 -0.0815227 -0.0516657   -9.80853 
              52.301 -0.111247 0.0543565 0.0342795 0.00651201  0.0229875 0.00525242 0 0 0   -0.011 -0.02329  0.04412   0.0122068   0.0381655 -0.00140944  0.000765272 -0.000508615 -4.65187e-05  0.0356369   0.037129 -0.0149451 -0.0813867 -0.0516938   -9.80853 
              52.399 -0.127875 0.0729911 0.0184392 0.00880031  0.0193809 0.00664805 0 0 0   -0.011 -0.02329  0.04412 0.0195845 0.0170161 0.0029417  0.000750811 -0.000528741 -5.33195e-05  0.0355313  0.0379321 -0.0151443  -0.081374 -0.0518838   -9.80853 
              52.501 -0.114925 0.0822073 0.0257489 0.00257962  0.0217904 0.00580862 0 0 0   -0.011 -0.02329  0.04412 -0.00244507   0.0245417 -0.00953971  0.000749001 -0.000505809 -6.94511e-05  0.0364388  0.0378918 -0.0150077 -0.0815819 -0.0518624   -9.80852 
              52.601 -0.123548 0.0634467 0.0173013 0.00425652  0.0196106  0.0054391 0 0 0   -0.011 -0.02329  0.04412  0.00313384  0.00842932 -0.00380135  0.000751506 -0.000520485 -6.63845e-05  0.0362058  0.0383673 -0.0151079 -0.0815355 -0.0519764   -9.80852 
              52.701 -0.130802 0.0654724 0.0183111  0.0102653  0.0208886 0.00753569 0 0 0   -0.011 -0.02329  0.04412 0.0240609 0.0218448 0.0102168  0.000748167 -0.000532436 -0.000104368  0.0356077  0.0383655 -0.0153783 -0.0814022 -0.0519866   -9.80852 
              52.801 -0.117887 0.0785341 0.0143416 0.00639433  0.0198721 0.00535312 0 0 0   -0.011 -0.02329  0.04412   0.0126472    0.008847 -0.00181053  0.000757025 -0.000588899 -9.63499e-05  0.0363306  0.0387243 -0.0149858 -0.0815667 -0.0520542   -9.80852 
                52.9 -0.119207 0.0878928 0.0259835 0.00403606  0.0182837 0.00686787 0 0 0   -0.011 -0.02329  0.04412 0.00408161 0.00391963 0.00619488  0.000759078 -0.000599049  -6.8641e-05  0.0367368  0.0389946 -0.0152161 -0.0816677  -0.052113   -9.80852 
              53.001 -0.131605 0.0637169 0.0226622 0.00232831  0.0184696 0.00757171 0 0 0   -0.011 -0.02329  0.04412 -0.000668788    0.0104224   0.00664165  0.000738557 -0.000613732 -6.79833e-05  0.0370018  0.0390303 -0.0151981 -0.0817282 -0.0521179   -9.80852 
              53.101 -0.134263 0.0695484  0.026742 0.00618539  0.0170452 0.00738841 0 0 0   -0.011 -0.02329  0.04412  0.0183535 0.00467322 -0.0021391 0.000789079  -0.0006194 -3.1464e-05 0.0366198 0.0393198 -0.015131 -0.0816436 -0.0521876   -9.80852 
              53.201  -0.11489   0.08407 0.0262819 0.00482783  0.0163746 0.00592357 0 0 0   -0.011 -0.02329  0.04412 -0.000736265  -0.00417731  -0.00260542  0.000754567 -0.000631535   1.5155e-05  0.0369347  0.0394124 -0.0149594  -0.081713 -0.0522037   -9.80852 
              53.299 -0.113012  0.067151 0.0209976 0.00483288  0.0160153 0.00609341 0 0 0   -0.011 -0.02329  0.04412 0.00395633 0.00567876 0.00128149  0.000807578 -0.000579312 -6.13306e-06  0.0369569  0.0394426 -0.0149945 -0.0817187 -0.0522107   -9.80852 
              53.401 -0.126968   0.08454   0.02573  0.0080002  0.0184007 0.00793339 0 0 0   -0.011 -0.02329  0.04412 0.0154954 0.0173413 0.0133039  0.000807963 -0.000577205  1.58727e-05  0.0366872  0.0392756 -0.0152125 -0.0816589  -0.052179   -9.80852 
              53.501  -0.11223  0.053157 0.0205336 0.00550695  0.0213304    0.00759 0 0 0   -0.011 -0.02329  0.04412  -0.0119645   0.0218081 8.80741e-05  0.000771047 -0.000548593  1.10728e-05   0.037041  0.0391633 -0.0150468 -0.0817347 -0.0521474   -9.80852 
              53.601 -0.108094 0.0803562 0.0172311 0.00163229  0.0205049 0.00720134 0 0 0   -0.011 -0.02329  0.04412  -0.0213591   0.0130929 -0.00557482  0.000767152 -0.000591273 -7.67821e-06    0.03728  0.0394494 -0.0150143 -0.0817916 -0.0522077   -9.80852 
              53.699 -0.124801 0.0798387 0.0259119 0.00555898  0.0184133 0.00663439 0 0 0   -0.011 -0.02329  0.04412 0.000542237  0.00602482 -0.00816909  0.000796995 -0.000606264  2.79321e-05  0.0366487   0.039834 -0.0150432 -0.0816573 -0.0523031   -9.80852 
              53.801 -0.121046 0.0717889 0.0234742 0.00676796  0.0193752 0.00410922 0 0 0   -0.011 -0.02329  0.04412 0.00841698 0.00928263 -0.0107496  0.000808842 -0.000602157  3.04601e-05  0.0365625  0.0398283 -0.0148372 -0.0816346 -0.0522998   -9.80852 
              53.903 -0.106832 0.0921335  0.027817 0.00454762  0.0186356 0.00575782 0 0 0   -0.011 -0.02329  0.04412  0.0025288 0.00840167 0.00366975  0.000790845 -0.000589343  1.02769e-05  0.0369068  0.0400339 -0.0151707  -0.081718 -0.0523465   -9.80852 
              53.999 -0.114701 0.0771103 0.0236431 0.000680128   0.0167691  0.00775849 0 0 0   -0.011 -0.02329  0.04412 -0.00472057  0.00899607   0.0070561   0.00079551 -0.000575979  3.96827e-05  0.0373571  0.0403554 -0.0153787 -0.0818235  -0.052415   -9.80852 
              54.101  -0.12424 0.0619545 0.0255718 0.00625175  0.0151468 0.00628749 0 0 0   -0.011 -0.02329  0.04412   0.0214976  0.00693912 -0.00423602  0.000776242 -0.000571212  2.66285e-05  0.0367789  0.0406622 -0.0151673 -0.0816969 -0.0524856   -9.80852 
              54.202 -0.132399 0.0778311 0.0136488 0.00670333  0.0200381  0.0061924 0 0 0   -0.011 -0.02329  0.04412   0.021407  0.0229351 -0.0125576 0.000765883 -0.00056267 7.02432e-06  0.0369905  0.0402251 -0.0152783 -0.0817399 -0.0523887   -9.80852 
              54.302 -0.107929 0.0628223 0.0293958 0.00764638  0.0195759 0.00365066 0 0 0   -0.011 -0.02329  0.04412  0.0188472  0.0188581 -0.0280242  0.000772237 -0.000539107 -9.72909e-06  0.0370766   0.040526 -0.0151814 -0.0817614 -0.0524523   -9.80852 
                54.4 -0.109578 0.0927739 0.0450971 0.00527813  0.0199751 0.00373196 0 0 0   -0.011 -0.02329  0.04412  0.0145668  0.0270803 -0.0184632  0.000753585  -0.00052859 -2.76224e-05  0.0375667  0.0407545 -0.0155686 -0.0818769 -0.0524985   -9.80852 
                54.5  -0.13077 0.0732258 0.0243355 0.00444346  0.0203272 0.00485964 0 0 0   -0.011 -0.02329  0.04412   0.0122936   0.0316348 -0.00911001  0.000776533 -0.000528209  1.76865e-05 0.0378557 0.0410441 -0.015937 -0.0819483 -0.0525613   -9.80852 
                54.6 -0.107022 0.0707367 0.0176299 0.00695093  0.0227642 0.00608614 0 0 0   -0.011 -0.02329  0.04412  0.0247357  0.0301568 -0.0084465 0.000768371 -0.00053962 4.56234e-05  0.0377691   0.041128 -0.0162051  -0.081934 -0.0525834   -9.80852 
              54.699 -0.122928 0.0687176 0.0214951 0.00665182  0.0233536 0.00581461 0 0 0   -0.011 -0.02329  0.04412   0.0160328   0.0303766 -0.00313737   0.00077269 -0.000578159  4.65631e-05  0.0380226  0.0413869 -0.0162575 -0.0819913 -0.0526379   -9.80852 
                54.8 -0.109612 0.0702238 0.0213509 0.00649714  0.0220073  0.0057496 0 0 0   -0.011 -0.02329  0.04412   0.0095036   0.0255105 -0.00233566  0.000741327 -0.000578597   1.3223e-05  0.0382001  0.0418746 -0.0163013  -0.082034 -0.0527415   -9.80852 
              54.901 -0.118705 0.0953742 0.0215153 0.00475326  0.0233872 0.00541823 0 0 0   -0.011 -0.02329  0.04412 -0.00289179   0.0240147  -0.0103552  0.000724542  -0.00055158 -2.22954e-05   0.038454  0.0420222 -0.0163018 -0.0820899 -0.0527701   -9.80851 
              55.001 -0.106316 0.0766452 0.0244821 0.00397983  0.0235397 0.00603006 0 0 0   -0.011 -0.02329  0.04412  0.00109321   0.0292243 -0.00110222  0.000717911 -0.000541256 -3.21411e-05  0.0385029  0.0423262 -0.0165106 -0.0821069 -0.0528361   -9.80851 
              55.101 -0.115471 0.0786188 0.0247193 0.00451489  0.0225884 0.00692535 0 0 0   -0.011 -0.02329  0.04412 -0.00368313   0.0218906  0.00447705  0.000748106 -0.000517841  -5.1113e-05  0.0384198  0.0427446 -0.0166097 -0.0820957 -0.0529269   -9.80851 
              55.201   -0.1004 0.0757459 0.0228303 0.00535467  0.0239939 0.00838621 0 0 0   -0.011 -0.02329  0.04412 -0.00348087   0.0296505  0.00164327  0.000708899 -0.000517883 -3.04708e-05 0.0382787 0.0428445 -0.016753 -0.0820685 -0.0529516   -9.80851 
                55.3 -0.122961 0.0665493 0.0237338 0.00646765  0.0200669 0.00379249 0 0 0   -0.011 -0.02329  0.04412 0.00274951   0.012703 -0.0242732   0.00071111 -0.000500359 -6.24084e-05  0.0381309  0.0436053 -0.0162346 -0.0820402 -0.0531069   -9.80851 
              55.401 -0.141898 0.0683946 0.0236196 0.00951262  0.0188254 0.00381165 0 0 0   -0.011 -0.02329  0.04412  0.0156998 0.00742303  -0.021077  0.000699038 -0.000469915 -0.000113034  0.0378689  0.0438569 -0.0166159 -0.0819934 -0.0531682   -9.80851 
              55.501 -0.129404  0.066579 0.0179457 0.00259355  0.0190257 0.00492217 0 0 0   -0.011 -0.02329  0.04412  -0.0138993   0.0206914 -0.00901271  0.000658537 -0.000481024 -0.000131953  0.0387485   0.043955 -0.0170213 -0.0821841 -0.0531793   -9.80851 
                55.6 -0.110797 0.0593867 0.0281574 0.00395698  0.0231438 0.00586022 0 0 0   -0.011 -0.02329  0.04412 -0.00173192   0.0290405  0.00120739  0.000653727 -0.000469126 -0.000146739  0.0384514  0.0437376 -0.0172156 -0.0821217 -0.0531402   -9.80851 
                55.7 -0.135363 0.0806493 0.0166891 0.00466583  0.0189812 0.00796372 0 0 0   -0.011 -0.02329  0.04412 0.00154606 0.00158067 0.00719989  0.000659743 -0.000490019 -0.000114083   0.038335  0.0444796 -0.0174637 -0.0821121 -0.0532979   -9.80851 
                55.8 -0.114645 0.0639934 0.0269859 0.00461159  0.0193432 0.00578802 0 0 0   -0.011 -0.02329  0.04412  0.00207699   0.0087027 -0.00208878  0.000631147 -0.000499654 -9.38331e-05  0.0383809   0.044494 -0.0171069 -0.0821161 -0.0532975   -9.80851 
              55.899 -0.107191 0.0863996 0.0191466  0.0049893  0.0190108 0.00611291 0 0 0   -0.011 -0.02329  0.04412  0.0103302 0.00575928 0.00379502     0.000649 -0.000511265 -0.000118181 0.0384086 0.0446305 -0.017172 -0.0821241  -0.053326   -9.80851 
              56.001 -0.122814 0.0573279 0.0204394 0.00695362  0.0201111 0.00774775 0 0 0   -0.011 -0.02329  0.04412  0.0174599  0.0120846 0.00926899  0.000641261 -0.000516204 -0.000135677  0.0383091  0.0446009 -0.0173329  -0.082106 -0.0533229   -9.80851 
                56.1  -0.11795 0.0788512 0.0278106 0.00334202  0.0181991 0.00762408 0 0 0   -0.011 -0.02329  0.04412 -0.00133108 -0.00111121  0.00284944  0.000623764 -0.000537759 -0.000165755  0.0388703  0.0449152 -0.0172193 -0.0822235 -0.0533777   -9.80851 
              56.199 -0.122024 0.0968302 0.0210726 0.00395357  0.0184943 0.00682493 0 0 0   -0.011 -0.02329  0.04412 0.00605229 0.00342087 0.00260335  0.000641604 -0.000514441 -0.000140204  0.0388153  0.0448773 -0.0170418  -0.082209 -0.0533688   -9.80851 
                56.3 -0.124965 0.0649753 0.0282346 0.00794978  0.0195705 0.00518069 0 0 0   -0.011 -0.02329  0.04412   0.0186004  0.00567568 -0.00952078  0.000613074 -0.000520336 -0.000123316  0.0384807  0.0447926 -0.0168595 -0.0821376 -0.0533533   -9.80851 
                56.4 -0.127678 0.0663261 0.0226817 0.00746941  0.0162497 0.00581461 0 0 0   -0.011 -0.02329  0.04412   0.0179972  -0.0052789 -0.00618834   0.00065588 -0.000516044 -0.000103645  0.0387754  0.0452134 -0.0170789 -0.0822042  -0.053438   -9.80851 
              56.501 -0.121005 0.0726278 0.0275515 0.00183441  0.0174425 0.00574086 0 0 0   -0.011 -0.02329  0.04412 -0.00832317  0.00219714   0.0089493  0.000652034 -0.000492761 -0.000115652  0.0395406  0.0450527 -0.0171245 -0.0823578 -0.0533984   -9.80851 
              56.599 -0.128168 0.0871607 0.0235848 0.00159407  0.0172939 0.00886118 0 0 0   -0.011 -0.02329  0.04412 -0.00284176  0.00521969    0.022323  0.000649227 -0.000534028 -0.000105161  0.0395031  0.0450764 -0.0173573 -0.0823536 -0.0534062   -9.80851 
                56.7 -0.116075 0.0792641 0.0238693 0.00644653   0.019832 0.00996936 0 0 0   -0.011 -0.02329  0.04412 0.0125016 0.0163872 0.0225434  0.000648731 -0.000540055 -0.000122905  0.0389529    0.04488 -0.0171788 -0.0822385 -0.0533709   -9.80851 
              56.801 -0.113897 0.0688048 0.0269157 0.00341449  0.0214043 0.00610679 0 0 0   -0.011 -0.02329  0.04412  -0.0117165   0.0188271 0.000958522   0.00065479 -0.000571421 -0.000104323  0.0393874  0.0448742 -0.0164279 -0.0823146 -0.0533571   -9.80851 
              56.899 -0.119435 0.0942262 0.0249072 0.00212447  0.0200813  0.0065615 0 0 0   -0.011 -0.02329  0.04412 -0.0105464  0.0159577 0.00213724  0.000640258 -0.000597443  -0.00010613  0.0394199  0.0452455 -0.0164625 -0.0823252 -0.0534312   -9.80851 
              56.999 -0.122049 0.0877815 0.0177262  0.0034808  0.0200108 0.00727927 0 0 0   -0.011 -0.02329  0.04412 -0.00880415   0.0200672  0.00590055   0.00064606 -0.000577671 -0.000100718  0.0391096  0.0454679 -0.0165304 -0.0822669 -0.0534793   -9.80851 
                57.1 -0.138221 0.0887016  0.026698 0.00272466  0.0171785 0.00803309 0 0 0   -0.011 -0.02329  0.04412 -0.0170536 0.00811692 0.00597059  0.000683171 -0.000566315  -0.00010206  0.0390435  0.0459903 -0.0165314 -0.0822603 -0.0535835   -9.80851 
              57.201 -0.112949 0.0852848 0.0273504 0.00259466  0.0191649 0.00735698 0 0 0   -0.011 -0.02329  0.04412  -0.0133545   0.0188645 -0.00467903   0.00065661 -0.000624907  -0.00013505  0.0388843  0.0459054 -0.0163782 -0.0822259 -0.0535671   -9.80851 
              57.299 -0.123409 0.0833757  0.028199 0.000211361   0.0191045  0.00501274 0 0 0   -0.011 -0.02329  0.04412  -0.0157003   0.0139669 -0.00719574  0.000627922 -0.000647808 -0.000124992  0.0390052  0.0461423 -0.0161505 -0.0822495 -0.0536096   -9.80851 
              57.399 -0.127844 0.0652517 0.0149978 0.00259821   0.018863 0.00681676 0 0 0   -0.011 -0.02329  0.04412 -0.00173672   0.0184587 0.000188362  0.000639404  -0.00062034 -0.000114044  0.0385523  0.0463639 -0.0165102 -0.0821682 -0.0536614   -9.80851 
              57.499 -0.123591 0.0798202 0.0253053 0.00305368  0.0203825 0.00696411 0 0 0   -0.011 -0.02329  0.04412  0.00200274   0.0202219 0.000529079  0.000637039  -0.00061911 -0.000129426  0.0384942  0.0464244 -0.0165026 -0.0821575 -0.0536738   -9.80851 
              57.601 -0.0966906  0.0687772  0.0319418  0.0051015  0.0208205 0.00711178 0 0 0   -0.011 -0.02329  0.04412  0.0137025  0.0234179 0.00135615  0.000627815 -0.000627362 -0.000134857  0.0383334  0.0466361 -0.0165146 -0.0821289 -0.0537171   -9.80851 
                57.7 -0.136432 0.0830967 0.0123702  0.0044847  0.0208817 0.00584532 0 0 0   -0.011 -0.02329  0.04412  0.00561358   0.0264664 -0.00430986  0.000628886 -0.000651439 -0.000108299   0.038545  0.0468858 -0.0163526 -0.0821708 -0.0537614   -9.80851 
                57.8 -0.117387 0.0934806 0.0485957 0.00619634  0.0201915 0.00497504 0 0 0   -0.011 -0.02329  0.04412   0.0156049    0.026711 -0.00731001  0.000613214 -0.000645973 -0.000118649  0.0384448  0.0472937 -0.0163197 -0.0821553 -0.0538409   -9.80851 
              57.901 -0.107384 0.0842541 0.0299572 0.00312615  0.0210622 0.00640348 0 0 0   -0.011 -0.02329  0.04412 -0.0067269  0.0223998 0.00611578  0.000588482 -0.000645662    -9.29e-05 0.0389076 0.0475171  -0.01652 -0.0822487 -0.0538815   -9.80851 
              58.001 -0.135128 0.0736562 0.0253653 0.00265173  0.0207893 0.00664705 0 0 0   -0.011 -0.02329  0.04412 -0.0051865 0.00911405  0.0062499  0.000585992 -0.000653172 -9.34179e-05  0.0388822  0.0477334 -0.0164759 -0.0822448 -0.0539229   -9.80851 
              58.101 -0.126796  0.076511 0.0274553 0.00334472  0.0200006 0.00730009 0 0 0   -0.011 -0.02329  0.04412 0.00297459   0.017388  0.0103606  0.000586763 -0.000633421 -4.53525e-05  0.0387318  0.0479731 -0.0164734 -0.0822178 -0.0539699   -9.80851 
              58.201 -0.116802 0.0906197 0.0317327 0.00626404  0.0224902  0.0069315 0 0 0   -0.011 -0.02329  0.04412  0.0247026  0.0308752 0.00575711  0.000589254 -0.000671727 -4.77469e-05  0.0385401  0.0479447 -0.0163124 -0.0821793 -0.0539643   -9.80851 
              58.301 -0.112306 0.0737174  0.032297 0.00644367  0.0211822 0.00525645 0 0 0   -0.011 -0.02329  0.04412    0.0164708   0.00910335 -0.000207271  0.000599293 -0.000607397 -9.94362e-05  0.0387693  0.0483947 -0.0160366 -0.0822224 -0.0540453   -9.80851 
                58.4 -0.123121 0.0650793 0.0207521 0.00872723  0.0174727 0.00761362 0 0 0   -0.011 -0.02329  0.04412  0.0239131 -0.0115386 0.00346393  0.000596425 -0.000602768 -0.000102034  0.0386901  0.0488649 -0.0163597 -0.0822155  -0.054139   -9.80851 
                58.5 -0.117888 0.0653244 0.0101808 0.00725667  0.0188413 0.00769117 0 0 0   -0.011 -0.02329  0.04412  0.0107569 0.00278285 0.00530953  0.000609471  -0.00059432 -9.53149e-05  0.0390983  0.0486324 -0.0162996 -0.0822889 -0.0540893   -9.80851 
              58.601  -0.12048 0.0755599 0.0259491 0.00337706  0.0196327 0.00692228 0 0 0   -0.011 -0.02329  0.04412  0.00110013   0.0103377 -0.00430553  0.000628264 -0.000583207  -0.00012744  0.0396271  0.0486071 -0.0161285 -0.0823859  -0.054075    -9.8085 
                58.7 -0.116088 0.0960814 0.0278951 0.00682837  0.0184625 0.00730812 0 0 0   -0.011 -0.02329  0.04412    0.015695    0.004813 -0.00249995  0.000601729 -0.000585884 -0.000109936  0.0392959  0.0488424 -0.0162623 -0.0823287 -0.0541254   -9.80851 
                58.8   -0.12919  0.0657397 0.00775673 0.00452415  0.0174539 0.00453367 0 0 0   -0.011 -0.02329  0.04412 -0.00134341  0.00979621  -0.0205987   0.00060472 -0.000551695 -0.000100921  0.0396724   0.049043 -0.0159798 -0.0823987 -0.0541551    -9.8085 
              58.899   -0.1239 0.0602965 0.0242759 0.00729695  0.0221619 0.00458531 0 0 0   -0.011 -0.02329  0.04412  0.0101639   0.029818 -0.0116538  0.000610522 -0.000529538 -0.000118775  0.0393672  0.0486878 -0.0162365 -0.0823399 -0.0540952   -9.80851 
              58.999 -0.118464 0.0571238 0.0150479  0.0053396   0.018917 0.00529235 0 0 0   -0.011 -0.02329  0.04412 0.000956173   0.0129303  -0.0170981  0.000590489 -0.000550077  -0.00013072  0.0396712  0.0493431 -0.0165329 -0.0824077 -0.0542157    -9.8085 
              59.101 -0.116069 0.0664122 0.0336795 0.00491293  0.0190077 0.00565804 0 0 0   -0.011 -0.02329  0.04412 -0.00626328  0.00711764 -0.00966055  0.000563826 -0.000533353  -0.00016808  0.0397038  0.0494319 -0.0167801 -0.0824184  -0.054234    -9.8085 
                59.2 -0.108649 0.0922494 0.0199308 0.00222496   0.019835 0.00585085 0 0 0   -0.011 -0.02329  0.04412 -0.00461291  0.00929103 -0.00154884  0.000544482 -0.000572672 -0.000195634  0.0399545  0.0494185 -0.0169159 -0.0824664 -0.0542294    -9.8085 
                59.3 -0.117792 0.0550364 0.0151921 0.00615968  0.0175289 0.00460383 0 0 0   -0.011 -0.02329  0.04412   0.0099689 -0.00299397 -0.00786224  0.000574588 -0.000545373 -0.000173603  0.0394741  0.0497335 -0.0168456 -0.0823816 -0.0542932    -9.8085 
                59.4 -0.123247 0.0709201  0.026608 0.00854673  0.0147424   0.005888 0 0 0   -0.011 -0.02329  0.04412    0.0121289   -0.0142483 -0.000674924  0.000555721 -0.000551739 -0.000176653  0.0393256  0.0499877 -0.0171359 -0.0823609 -0.0543447    -9.8085 
              59.501 -0.126161 0.0823022 0.0240898 0.00160572   0.017745 0.00553925 0 0 0   -0.011 -0.02329  0.04412 -0.00658278  0.00624492 -0.00296536  0.000593236 -0.000586868 -0.000220454 0.0402564 0.0495349 -0.017116 -0.0825247 -0.0542507    -9.8085 
              59.601 -0.136627 0.0790972 0.0311184 0.00251753  0.0181814  0.0065219 0 0 0   -0.011 -0.02329  0.04412 0.00361219 0.00754892 0.00186939  0.000616859 -0.000568224 -0.000240417  0.0401087  0.0495576 -0.0172477 -0.0825001 -0.0542583    -9.8085 
              59.699 -0.143884 0.0892541 0.0264454 0.00577239  0.0165402  0.0069225 0 0 0   -0.011 -0.02329  0.04412   0.0201745   0.0047909 -0.00392051  0.000612381 -0.000597219 -0.000274123  0.0398144  0.0498383 -0.0173351 -0.0824517  -0.054314    -9.8085 
              59.801 -0.130579 0.0575848   0.02003 0.00625703  0.0195071 0.00553855 0 0 0   -0.011 -0.02329  0.04412   0.0121485   0.0127513 -0.00883691  0.000596232  -0.00058314 -0.000299434  0.0399601  0.0495872 -0.0171824 -0.0824727 -0.0542653    -9.8085 
              59.901 -0.127151 0.0890395 0.0190925 0.00690925  0.0203613 0.00669898 0 0 0   -0.011 -0.02329  0.04412 0.00844872  0.0217905 0.00142397  0.000612955 -0.000590442  -0.00029653  0.0399947  0.0496832 -0.0174227 -0.0824831 -0.0542841    -9.8085 
              60.002 -0.109644 0.0710558 0.0331901 0.00195705  0.0209968 0.00706382 0 0 0   -0.011 -0.02329  0.04412  -0.0112166   0.0200504 -0.00789631  0.000628698 -0.000560212 -0.000289151  0.0405868  0.0498751 -0.0175048 -0.0825927 -0.0543106    -9.8085 
              60.101 -0.123261 0.0804263 0.0279668 0.00373484  0.0190011 0.00674896 0 0 0   -0.011 -0.02329  0.04412  -0.0034678   0.0112703 -0.00769006  0.000642134 -0.000548053 -0.000289248 0.0402681 0.0503251 -0.017573 -0.0825423 -0.0543958    -9.8085 
                60.2 -0.127896 0.0761964 0.0282091 0.0022805 0.0180497 0.0046826 0 0 0   -0.011 -0.02329  0.04412 -0.00375111   0.0108654  -0.0171209   0.00065693  -0.00055954 -0.000284313  0.0403977   0.050552 -0.0174449 -0.0825665 -0.0544332    -9.8085 
              60.301 -0.118902  0.071313 0.0244829 0.00658191  0.0214855 0.00453237 0 0 0   -0.011 -0.02329  0.04412   0.016926  0.0310837 -0.0111261  0.000642745 -0.000546493 -0.000284529  0.0399381  0.0503313 -0.0176443 -0.0824852 -0.0544003    -9.8085 
              60.399 -0.123291 0.0705934 0.0224897 0.00763119  0.0211387 0.00605023 0 0 0   -0.011 -0.02329  0.04412   0.0126855   0.0242229 -0.00354586  0.000647677  -0.00049544 -0.000284352  0.0399768  0.0507381 -0.0179494 -0.0824985 -0.0544747    -9.8085 
              60.501 -0.117645  0.063885 0.0137963 0.00637527  0.0174636 0.00616841 0 0 0   -0.011 -0.02329  0.04412  0.00436118 -0.00333606 -0.00454893  0.000667124 -0.000490959  -0.00028449   0.040214  0.0513802 -0.0179845 -0.0825462  -0.054586    -9.8085 
              60.601 -0.129966 0.0923563 0.0260936 0.00588082  0.0163611 0.00567215 0 0 0   -0.011 -0.02329  0.04412 0.00464674 0.00135641 -0.0118661  0.000691186 -0.000465639 -0.000284098  0.0403157  0.0515245 -0.0180309  -0.082566 -0.0546108    -9.8085 
              60.699 -0.125555 0.0846315  0.026989 0.00445268  0.0184132  0.0067927 0 0 0   -0.011 -0.02329  0.04412 0.00171011  0.0178046 -0.0071537  0.000661964 -0.000465827  -0.00029035  0.0405146  0.0513292 -0.0183327 -0.0826013 -0.0545781    -9.8085 
              60.801 -0.124689 0.0620425 0.0248029 0.00561837  0.0195667 0.00419887 0 0 0   -0.011 -0.02329  0.04412 0.00787337  0.0219614 -0.0118064   0.00063562 -0.000445066 -0.000278978  0.0404225  0.0514016 -0.0181078 -0.0825839 -0.0545895    -9.8085 
              60.901   -0.1042 0.0616524 0.0266759 0.00580436  0.0215086 0.00555981 0 0 0   -0.011 -0.02329  0.04412  0.00507402   0.0235691 -0.00410124  0.000599277 -0.000464809 -0.000309207  0.0404685  0.0514214 -0.0184557 -0.0825961 -0.0545951    -9.8085 
                  61  -0.140547  0.0738904 0.00947542 0.00152179  0.0202467 0.00540682 0 0 0   -0.011 -0.02329  0.04412  -0.0140293   0.0125478 -0.00248456  0.000659779 -0.000453789 -0.000333026  0.0409579  0.0518558 -0.0185007 -0.0826868 -0.0546645    -9.8085 
              61.101 -0.112405 0.0988818  0.048463 0.00183899  0.0176858 0.00673526 0 0 0   -0.011 -0.02329  0.04412  -0.00294196   0.00582912 -0.000213153  0.000653771 -0.000493047 -0.000305062   0.040804   0.052274 -0.0186997  -0.082669 -0.0547409    -9.8085 
                61.2 -0.143222 0.0913395 0.0443101 0.00695259  0.0187351 0.00669176 0 0 0   -0.011 -0.02329  0.04412   0.0237574   0.0165107 -0.00345693  0.000663418 -0.000512567  -0.00028918  0.0402382  0.0522598 -0.0187139 -0.0825719 -0.0547445    -9.8085 
              61.301 -0.114351 0.0670229 0.0140677 0.00848951  0.0207284 0.00450992 0 0 0   -0.011 -0.02329  0.04412   0.0230468   0.0167274 -0.00104922  0.000631087 -0.000498029 -0.000298238   0.040356  0.0522234 -0.0184658 -0.0825888 -0.0547346    -9.8085 
              61.401   -0.1195 0.0434887 0.0257865  0.0104097  0.0195645 0.00577725 0 0 0   -0.011 -0.02329  0.04412    0.0250617   0.00971165 -0.000678013  0.000617887 -0.000472528  -0.00032475  0.0404262  0.0525292 -0.0186602 -0.0826056 -0.0547878    -9.8085 
                61.5 -0.132294 0.0508803 0.0187395  0.0054406  0.0173813 0.00696669 0 0 0   -0.011 -0.02329  0.04412 -0.00695572 -0.00340363  0.00733182   0.00061556 -0.000520481  -0.00031693  0.0411768  0.0528707 -0.0187635 -0.0827389 -0.0548371    -9.8085 
              61.601 -0.0902194  0.0652631  0.0200267 0.00687917  0.0194857 0.00824287 0 0 0   -0.011 -0.02329  0.04412 0.00711871  0.0126059 0.00685519  0.000570345 -0.000525889 -0.000282775  0.0409836  0.0526732 -0.0188361 -0.0827049 -0.0548066    -9.8085 
                61.7  -0.10853 0.0489597 0.0272119 0.00713894  0.0212692 0.00652728 0 0 0   -0.011 -0.02329  0.04412   0.0126976   0.0228478 -0.00335868  0.000561139 -0.000509668 -0.000321089  0.0410792  0.0526379 -0.0185175 -0.0827153 -0.0547971    -9.8085 
                61.8 -0.115373  0.066859 0.0183297 0.00977839  0.0226028  0.0050315 0 0 0   -0.011 -0.02329  0.04412   0.0174888   0.0195859 -0.00427031  0.000566912 -0.000490136 -0.000267159  0.0409248    0.05274 -0.0183687 -0.0826881 -0.0548146    -9.8085 
              61.901 -0.0926948  0.0699977  0.0233279 0.00940542  0.0222613 0.00729063 0 0 0   -0.011 -0.02329  0.04412  0.0103105  0.0169027 0.00633442  0.000541995 -0.000513929 -0.000264502  0.0411381  0.0529724 -0.0187005 -0.0827306 -0.0548555    -9.8085 
              62.001 -0.105827 0.0594512 0.0288933 0.00669096  0.0182772 0.00762897 0 0 0   -0.011 -0.02329  0.04412 -0.00443518   0.0018351  0.00861204  0.000542814 -0.000522066 -0.000281274  0.0415148  0.0535801 -0.0186544 -0.0827981 -0.0549535    -9.8085 
              62.099 -0.129171 0.0499219 0.0169554 0.00407064  0.0158402 0.00845603 0 0 0   -0.011 -0.02329  0.04412  -0.0101941 -0.00521698  0.00925489  0.000548726 -0.000510039 -0.000245211  0.0417436  0.0538693 -0.0186267 -0.0828383 -0.0549993    -9.8085 
                62.2  -0.12796  0.080176 0.0125709 0.00144651  0.0199827 0.00737524 0 0 0   -0.011 -0.02329  0.04412 -0.0176118  0.0272281 0.00539511  0.000567614 -0.000529605 -0.000235814  0.0418977  0.0534829 -0.0183765 -0.0828574 -0.0549311    -9.8085 
                62.3 -0.113438  0.055363 0.0378806 0.00538522  0.0224592 0.00563283 0 0 0   -0.011 -0.02329  0.04412  0.00652029   0.0360672 -0.00177188  0.000597505 -0.000512832 -0.000263499  0.0413001  0.0535542 -0.0180893  -0.082755 -0.0549452    -9.8085 
                62.4 -0.126942 0.0752478 0.0181768 0.00851936  0.0195361 0.00656217 0 0 0   -0.011 -0.02329  0.04412   0.0208512   0.0207355 -0.00319528  0.000610084 -0.000513424 -0.000273178  0.0410492  0.0542893 -0.0182382 -0.0827236 -0.0550711    -9.8085 
              62.499 -0.0977474  0.0931642   0.023101 0.00138058  0.0247396 0.00583276 0 0 0   -0.011 -0.02329  0.04412  -0.0144573   0.0422472 -0.00191281  0.000536223 -0.000502266 -0.000248831  0.0420503  0.0539976 -0.0181831  -0.082884 -0.0550107    -9.8085 
              62.599 -0.124499 0.0667461 0.0171962 0.00335373  0.0206953 0.00591331 0 0 0   -0.011 -0.02329  0.04412 -0.00177403  0.00740857 -0.00423319  0.000575302 -0.000499005 -0.000226323 0.0416766 0.0548583 -0.018231 -0.0828317 -0.0551558    -9.8085 
              62.701 -0.127442  0.086758 0.0223417 0.00781024  0.0203346 0.00703128 0 0 0   -0.011 -0.02329  0.04412    0.0152049   0.00535655 -0.000481061  0.000599464 -0.000549203 -0.000226102  0.0411936  0.0549899 -0.0184399 -0.0827563 -0.0551834    -9.8085 
                62.8   -0.1254 0.0840233 0.0204908 0.00507897  0.0178195 0.00481781 0 0 0   -0.011 -0.02329  0.04412  -0.0037517  0.00502943 -0.00809257  0.000611287 -0.000551709 -0.000187897  0.0416045  0.0553795 -0.0181727 -0.0828236   -0.05524   -9.80849 
              62.899 -0.124009 0.0876022 0.0258349 0.00202226  0.0176078 0.00586463 0 0 0   -0.011 -0.02329  0.04412  -0.0248106  0.00535921 -0.00648619  0.000597733 -0.000560396 -0.000175731  0.0418369  0.0554527 -0.0184687 -0.0828653 -0.0552532   -9.80849 
              62.999 -0.132285 0.0704776 0.0220275 -0.00114045   0.0189611  0.00645974 0 0 0   -0.011 -0.02329  0.04412  -0.0280136    0.017927 -0.00089126  0.000635047 -0.000552567 -0.000205043   0.041907  0.0554296 -0.0186048 -0.0828779 -0.0552502   -9.80849 
                63.1  -0.13604 0.0664541 0.0286583 0.00449609   0.017141 0.00688422 0 0 0   -0.011 -0.02329  0.04412  0.00429436  0.00780507 -0.00460973  0.000630623 -0.000556525 -0.000217427  0.0410345  0.0557912 -0.0186938 -0.0827426 -0.0553195    -9.8085 
              63.201 -0.114768 0.0857947 0.0310562 0.00404094  0.0176863 0.00565195 0 0 0   -0.011 -0.02329  0.04412  0.00182229   0.0121095 -0.00297967  0.000602278 -0.000561366 -0.000200797  0.0411394  0.0558547 -0.0185879 -0.0827589 -0.0553275   -9.80849 
              63.301 -0.108856 0.0738726 0.0257172 0.00431673  0.0175852 0.00594983 0 0 0   -0.011 -0.02329  0.04412 0.0108627 0.0121668 0.0057368  0.000618463 -0.000536836 -0.000144393 0.0411506 0.0560532 -0.018655 -0.0827632 -0.0553597   -9.80849 
              63.399 -0.129408 0.0875112 0.0259905 0.00801797  0.0177072  0.0079696 0 0 0   -0.011 -0.02329  0.04412  0.0249408 0.00807778 0.00805683  0.000600115 -0.000552566 -0.000139758  0.0408811  0.0561597 -0.0188562 -0.0827228 -0.0553807   -9.80849 
              63.501 -0.113887 0.0536137 0.0209273 0.00689077  0.0205809 0.00772773 0 0 0   -0.011 -0.02329  0.04412 0.0148625 0.0205232 0.0113778  0.000568901 -0.000538749 -0.000135354  0.0412694  0.0559776 -0.0186849 -0.0827818 -0.0553473   -9.80849 
                63.6 -0.110275 0.0783044  0.018596 0.00446068  0.0203245 0.00815165 0 0 0   -0.011 -0.02329  0.04412 -0.0041568   0.014635 0.00479215  0.000553874 -0.000589176 -0.000150897  0.0416977  0.0562231 -0.0186479 -0.0828515  -0.055382   -9.80849 
              63.701 -0.126763 0.0750554 0.0247037 0.00577929  0.0181029 0.00802482 0 0 0   -0.011 -0.02329  0.04412 -0.00273599  0.00245547  0.00736198  0.000561354 -0.000563431 -0.000174313  0.0414458  0.0566211 -0.0185535 -0.0828154 -0.0554472   -9.80849 
                63.8 -0.122187 0.0703697 0.0246233 0.00666393  0.0189295 0.00547079 0 0 0   -0.011 -0.02329  0.04412  0.00677548   0.0139033 -0.00843429  0.000556529 -0.000541745 -0.000179251  0.0413541  0.0565911 -0.0181444 -0.0827955 -0.0554395   -9.80849 
              63.901 -0.108238 0.0913981 0.0284426 0.00473811  0.0187673 0.00557583 0 0 0   -0.011 -0.02329  0.04412  0.00204205  0.00907504 -0.00196518  0.000552898 -0.000568561 -0.000192261  0.0416457  0.0567464 -0.0182829 -0.0828445 -0.0554619   -9.80849 
                  64  -0.11722 0.0766976 0.0267048 0.000169989   0.0162082  0.00742562 0 0 0   -0.011 -0.02329  0.04412  -0.0223348 -0.00524183  0.00738362  0.000576412 -0.000561713 -0.000189054  0.0420993  0.0571009 -0.0185021 -0.0829213 -0.0555151   -9.80849 
              64.101  -0.12545  0.062743 0.0249994 0.00410079  0.0139325 0.00678909 0 0 0   -0.011 -0.02329  0.04412 -0.00108857  0.00278138  0.00768941  0.000591961  -0.00055032 -0.000210918  0.0414532  0.0573466 -0.0183325  -0.082821 -0.0555573   -9.80849 
              64.201 -0.134753 0.0805262 0.0138969 0.00491874  0.0197414 0.00795023 0 0 0   -0.011 -0.02329  0.04412 0.00640046  0.0271109  0.0131324  0.000609512 -0.000535877 -0.000233051  0.0414013  0.0567486 -0.0183616 -0.0828066 -0.0554654   -9.80849 
              64.299  -0.10995 0.0673376 0.0310756 0.00656912  0.0199396 0.00616409 0 0 0   -0.011 -0.02329  0.04412   0.0104579   0.0236753 -0.00279412  0.000597149 -0.000496742 -0.000267621 0.0413049 0.0570491 -0.017989 -0.0827923 -0.0555089   -9.80849 
              64.399 -0.107788  0.105411 0.0473449 0.00278976  0.0197448 0.00577687 0 0 0   -0.011 -0.02329  0.04412  -0.0157422   0.0136871 -0.00674769  0.000575475 -0.000478208 -0.000276117  0.0417693  0.0573216 -0.0179888 -0.0828678 -0.0555439   -9.80849 
              64.501 -0.133632 0.0764881 0.0248979 0.00185202  0.0185444 0.00546621 0 0 0   -0.011 -0.02329  0.04412 -0.00483315  0.00387889   -0.011682  0.000582865 -0.000442652 -0.000240311  0.0417306  0.0576146 -0.0180874 -0.0828658 -0.0555903   -9.80849 
              64.599 -0.109813 0.0722735 0.0184074 0.00532791  0.0203367  0.0059397 0 0 0   -0.011 -0.02329  0.04412  0.00867946  0.00993658 -0.00190105  0.000578623 -0.000475518 -0.000227089  0.0413158  0.0574575 -0.0182768 -0.0828021 -0.0555712   -9.80849 
                64.7 -0.128156 0.0742419 0.0217973 0.00549164  0.0208214  0.0057279 0 0 0   -0.011 -0.02329  0.04412 0.00432605 0.00902948 -0.0111531  0.000576041 -0.000466803 -0.000225329    0.04141  0.0575119 -0.0183044 -0.0828171 -0.0555791   -9.80849 
                64.8 -0.112831 0.0705682 0.0221976  0.0056987  0.0196523 0.00526544 0 0 0   -0.011 -0.02329  0.04412 0.000717086  0.00607123 -0.00825837  0.000551134 -0.000472663 -0.000225139  0.0414306  0.0577455 -0.0184044 -0.0828237 -0.0556153   -9.80849 
              64.901 -0.121382 0.0977762 0.0220281 0.00389282  0.0216769 0.00517855 0 0 0   -0.011 -0.02329  0.04412 -0.00889391  0.00672758   0.0029528  0.000565759 -0.000473412 -0.000240294  0.0415983  0.0576247 -0.0184661 -0.0828484 -0.0555956   -9.80849 
              65.001 -0.105954 0.0775503 0.0251559 0.00420913  0.0217322 0.00750348 0 0 0   -0.011 -0.02329  0.04412 -0.000320968     0.011849    0.0128296  0.000564839 -0.000438665 -0.000235189  0.0414882  0.0576914 -0.0186699 -0.0828343 -0.0556089   -9.80849 
                65.1 -0.118552 0.0782716 0.0227092 0.00475813  0.0205384 0.00777694 0 0 0   -0.011 -0.02329  0.04412 0.00335669 0.00071712 0.00958259   0.00053397 -0.000453846 -0.000221142  0.0414353  0.0579329 -0.0185792 -0.0828285  -0.055645   -9.80849 
              65.201 -0.0987156  0.0737069  0.0232679 0.00654414   0.022165 0.00907639 0 0 0   -0.011 -0.02329  0.04412  0.0105553 0.00323804  0.0182629  0.000490158 -0.000506028 -0.000241404  0.0413129  0.0577499 -0.0185696  -0.082808 -0.0556188   -9.80849 
              65.302 -0.125057 0.0643282 0.0236497 0.00748495  0.0179708 0.00584493 0 0 0   -0.011 -0.02329  0.04412    0.013803 -0.00669875  0.00331001  0.000488141 -0.000472768 -0.000241925  0.0413373  0.0582819 -0.0179501 -0.0828114 -0.0556929   -9.80849 
              65.399 -0.145416 0.0706093 0.0238692 0.00959523  0.0173104 0.00655823 0 0 0   -0.011 -0.02329  0.04412   0.0152374 0.000280089   0.0047183  0.000486735  -0.00045356 -0.000259496  0.0412389  0.0583235 -0.0180063 -0.0827979 -0.0557008   -9.80849 
              65.499 -0.130955 0.0657313 0.0182587  0.0032935  0.0179409 0.00743684 0 0 0   -0.011 -0.02329  0.04412 -0.00668477   0.0121444   0.0118123  0.000497651 -0.000473017 -0.000266701  0.0421081  0.0583074 -0.0179971 -0.0829265 -0.0556868   -9.80849 
              65.601 -0.116509 0.0596296 0.0280883  0.0051422  0.0215711 0.00708596 0 0 0   -0.011 -0.02329  0.04412 0.00810645  0.0164966 0.00522931  0.000491185 -0.000451587 -0.000270523  0.0418728  0.0580591 -0.0178064 -0.0828863 -0.0556517   -9.80849 
              65.699 -0.139904 0.0818667 0.0165365 0.00556759  0.0172731 0.00834309 0 0 0   -0.011 -0.02329  0.04412  0.00505136 -0.00717086  0.00784954  0.000495757 -0.000467937 -0.000275444  0.0418945  0.0586772 -0.0178867 -0.0828974 -0.0557433   -9.80849 
              65.799 -0.114295 0.0625966 0.0267684  0.0048597  0.0191464 0.00625319 0 0 0   -0.011 -0.02329  0.04412  0.0100758 0.00999728 0.00312944   0.00051391 -0.000412472 -0.000289519  0.0420626  0.0584472 -0.0174847 -0.0829154 -0.0557046   -9.80849 
              65.901 -0.111049  0.082651 0.0182453 0.00559186  0.0187114 0.00666287 0 0 0   -0.011 -0.02329  0.04412  0.0113671 0.00251046 0.00135867  0.000515742 -0.000419182 -0.000323384  0.0421114  0.0585752 -0.0175082 -0.0829241  -0.055723   -9.80849 
              65.999 -0.120804 0.0703012  0.024066 0.00605053  0.0190476 0.00802272 0 0 0   -0.011 -0.02329  0.04412   0.021315 0.00177016  0.0144317  0.000519767 -0.000394033 -0.000324137  0.0422248  0.0585853 -0.0176098 -0.0829416 -0.0557241   -9.80849 
              66.101 -0.120163 0.0800255 0.0285871 0.00414209  0.0169612 0.00865885 0 0 0   -0.011 -0.02329  0.04412   0.0114708 -0.00183423   0.0155605  0.000545078 -0.000405628 -0.000339949  0.0426807  0.0588301 -0.0174799 -0.0830097 -0.0557531   -9.80849 
              66.201 -0.125768 0.0951722 0.0230043 0.00495462  0.0180783 0.00759351 0 0 0   -0.011 -0.02329  0.04412    0.0146353  -0.00268724 -0.000770172  0.000554869 -0.000441009  -0.00034569   0.042746  0.0586957 -0.0171645 -0.0830149 -0.0557296   -9.80849 
              66.299  -0.12454 0.0616054 0.0307885  0.0088434  0.0189797 0.00464166 0 0 0   -0.011 -0.02329  0.04412   0.0288413 0.000533287  -0.0171502  0.000537155 -0.000424334 -0.000346296   0.042501  0.0585639 -0.0168666 -0.0829751 -0.0557103   -9.80849 
              66.401 -0.128522 0.0640305 0.0228001  0.0077711  0.0156908 0.00541038 0 0 0   -0.011 -0.02329  0.04412   0.0178092 -0.00406201 -0.00804099   0.00053025 -0.000425035 -0.000320663 0.0429322 0.0589657 -0.017163 -0.0830443 -0.0557661   -9.80849 
              66.499 -0.127018 0.0729615 0.0276703 0.00172455  0.0173059 0.00538626 0 0 0   -0.011 -0.02329  0.04412  -0.0126852  0.00760553 -0.00371179  0.000532321 -0.000434347 -0.000362944  0.0437341  0.0587758 -0.0172509 -0.0831586  -0.055732   -9.80849 
                66.6  -0.13009 0.0884379 0.0238919 0.000479211   0.0176281  0.00708605 0 0 0   -0.011 -0.02329  0.04412 -0.0161083  0.0085634 0.00228588  0.000545207 -0.000430957 -0.000380056  0.0436906  0.0588443 -0.0175329 -0.0831561 -0.0557445   -9.80849 
              66.699 -0.113459  0.083594  0.026404 0.00569806  0.0205141 0.00791207 0 0 0   -0.011 -0.02329  0.04412  0.0175209  0.0243337 0.00655214  0.000585444 -0.000425216 -0.000390802  0.0430185  0.0586685 -0.0175756 -0.0830588 -0.0557272   -9.80849 
                66.8 -0.114813 0.0697584 0.0273382 0.00403329  0.0222703 0.00504317 0 0 0   -0.011 -0.02329  0.04412 -0.000861599    0.0267721  -0.00982952  0.000595609 -0.000414351 -0.000380986  0.0433454  0.0587735 -0.0171753 -0.0831027 -0.0557343   -9.80849 
                66.9 -0.117002 0.0947176 0.0259966 0.00287275  0.0211966 0.00574356 0 0 0   -0.011 -0.02329  0.04412 -0.00250476   0.0260181 -0.00345618  0.000610567 -0.000416086 -0.000349269  0.0434568  0.0592087 -0.0173807 -0.0831243 -0.0557973   -9.80849 
              67.001 -0.122386 0.0864923 0.0172722 0.00468982  0.0205623  0.0067025 0 0 0   -0.011 -0.02329  0.04412   0.005527  0.0263735 0.00383952  0.000607936 -0.000374957 -0.000354435   0.043227  0.0596077 -0.0175588 -0.0830964 -0.0558573   -9.80849 
              67.101 -0.136582 0.0851443  0.026521 0.00432958  0.0176761 0.00754698 0 0 0   -0.011 -0.02329  0.04412 -0.00209984   0.0079851  0.00154488  0.000597485 -0.000345936 -0.000332681  0.0433145  0.0602036 -0.0176302 -0.0831144 -0.0559411   -9.80849 
                67.2 -0.116102 0.0792503 0.0288458 0.00453223  0.0183452 0.00659631 0 0 0   -0.011 -0.02329  0.04412 0.00485584 0.00318268 -0.0047316  0.000561778 -0.000340013 -0.000298418  0.0432976   0.060194 -0.0175212 -0.0831114 -0.0559391   -9.80849 
              67.301 -0.123207 0.0814658 0.0291944 0.00178542  0.0171482 0.00518437 0 0 0   -0.011 -0.02329  0.04412 -0.00369848  0.00304348 -0.00609002  0.000585744 -0.000341311 -0.000282291   0.043627  0.0603501 -0.0173934  -0.083158 -0.0559577   -9.80849 
              67.399 -0.131688 0.0622865 0.0154309 0.00362463  0.0171674 0.00771601 0 0 0   -0.011 -0.02329  0.04412 0.00656345 0.00233888  0.0100669  0.000558011 -0.000295453 -0.000290338  0.0433658  0.0603858 -0.0177288  -0.083124 -0.0559675   -9.80849 
              67.499 -0.125873 0.0798617 0.0259065  0.0034998  0.0191982 0.00725279 0 0 0   -0.011 -0.02329  0.04412  0.00238942   0.0172261 -0.00111076  0.000553653 -0.000288259 -0.000284485  0.0434597  0.0602481 -0.0175723 -0.0831349 -0.0559463   -9.80849 
              67.599 -0.0968554  0.0692211  0.0331649 0.00436632  0.0199443 0.00665628 0 0 0   -0.011 -0.02329  0.04412  0.00224095   0.0150784 -0.00935711  0.000549894 -0.000236208 -0.000278039  0.0433666  0.0603497 -0.0175303 -0.0831228  -0.055961   -9.80849 
              67.701 -0.142452 0.0852892 0.0127587 0.00344578  0.0197688  0.0043596 0 0 0   -0.011 -0.02329  0.04412 -0.00136638   0.0138679  -0.0203036  0.000564484 -0.000225865 -0.000306726  0.0434902  0.0605728 -0.0174212 -0.0831413 -0.0559896   -9.80849 
              67.801 -0.113008  0.105805  0.050693 0.00422094  0.0196114 0.00317162 0 0 0   -0.011 -0.02329  0.04412 -0.00137713   0.0135847  -0.0168673  0.000550657 -0.000215409 -0.000311994  0.0433786  0.0607772 -0.0175451 -0.0831285   -0.05602   -9.80849 
              67.901  -0.10863 0.0864607 0.0296222 0.00188265  0.0203654 0.00486054 0 0 0   -0.011 -0.02329  0.04412  -0.0117554   0.0221385 0.000867892  0.000538068 -0.000271161 -0.000306669  0.0436018  0.0609066 -0.0179753 -0.0831626 -0.0560401   -9.80849 
              67.999 -0.135574 0.0744003 0.0260487 0.00265256  0.0213543 0.00627182 0 0 0   -0.011 -0.02329  0.04412 0.00320009   0.023384 0.00536847  0.000541827  -0.00025862 -0.000301757  0.0434495  0.0610644 -0.0181322 -0.0831443 -0.0560644   -9.80849 
              68.099 -0.125124 0.0781373 0.0276765 0.00462799  0.0212399 0.00749498 0 0 0   -0.011 -0.02329  0.04412 0.0164607 0.0255236 0.0140023  0.000481612 -0.000260888 -0.000278266  0.0433016  0.0613865 -0.0181863 -0.0831272 -0.0561099   -9.80849 
              68.201 -0.116481 0.0900215 0.0332576 0.00692364  0.0230606 0.00728087 0 0 0   -0.011 -0.02329  0.04412 0.0222234 0.0234484 0.0068904  0.000497131   -0.0002986 -0.000229675  0.0432397   0.061508 -0.0179982 -0.0831176 -0.0561257   -9.80849 
              68.299 -0.111743 0.0751062 0.0352869 0.00608188  0.0201114  0.0055711 0 0 0   -0.011 -0.02329  0.04412 0.00981884 0.00528607 0.00134165  0.000492502 -0.000297557 -0.000240091  0.0435653  0.0620893 -0.0176858 -0.0831613 -0.0561999   -9.80849 
                68.4 -0.130675 0.0650053 0.0210383 0.00869235  0.0170915 0.00817725 0 0 0   -0.011 -0.02329  0.04412   0.0235616 0.000637869   0.0172931   0.00049451 -0.000312554 -0.000245281  0.0434075   0.062487 -0.0179559 -0.0831456 -0.0562572   -9.80849 
              68.501 -0.118142 0.0651127 0.0103873 0.00727301  0.0199594 0.00856036 0 0 0   -0.011 -0.02329  0.04412 0.00817318  0.0139285 0.00617128   0.00049666 -0.000319245 -0.000207794  0.0438054  0.0622051 -0.0178136 -0.0831951 -0.0562148   -9.80849 
              68.601 -0.117986 0.0747461 0.0274796 0.00331066  0.0206204 0.00664904 0 0 0   -0.011 -0.02329  0.04412 -0.00247439   0.0161825 -0.00232367  0.000502604 -0.000326661 -0.000181827  0.0443219  0.0622979 -0.0175169 -0.0832608 -0.0562203   -9.80849 
                68.7 -0.113248 0.0951445 0.0280341 0.00657444  0.0191732 0.00737796 0 0 0   -0.011 -0.02329  0.04412    0.011184   0.0104626 -0.00159133   0.00051771 -0.000334905 -0.000194921  0.0439698  0.0626403 -0.0176529 -0.0832183 -0.0562699   -9.80849 
                68.8  -0.130269  0.0639906 0.00840967 0.00496738  0.0170376 0.00534229 0 0 0   -0.011 -0.02329  0.04412 0.00636388 0.00012172 0.00265618  0.000533774 -0.000313476 -0.000153363  0.0442909  0.0629609 -0.0173756 -0.0832608 -0.0563069   -9.80849 
              68.902 -0.127055 0.0610204 0.0257046 0.00775357  0.0209365 0.00618345 0 0 0   -0.011 -0.02329  0.04412    0.0110139    0.0145662 -0.000593677  0.000534703 -0.000324392 -0.000147187  0.0440454  0.0625622 -0.0174505 -0.0832256  -0.056257   -9.80849 
                  69 -0.122108 0.0589214 0.0173313 0.00517758  0.0173677 0.00639149 0 0 0   -0.011 -0.02329  0.04412  -0.00329726 -4.66578e-05   -0.0060038  0.000545467 -0.000351255 -0.000118633  0.0444291  0.0631164 -0.0175168  -0.083282 -0.0563272   -9.80848 
              69.101  -0.11649 0.0646997 0.0339833  0.0047873  0.0184395 0.00609022 0 0 0   -0.011 -0.02329  0.04412 0.000205184  0.00803722 -0.00421529  0.000564334 -0.000363707  -0.00010652  0.0444867  0.0629937 -0.0175777 -0.0832893 -0.0563112   -9.80848 
                69.2 -0.108273 0.0929102 0.0211808 0.00198126  0.0206507 0.00632083 0 0 0   -0.011 -0.02329  0.04412   -0.016725   0.0173733 -0.00570923  0.000581902 -0.000394688 -0.000110021   0.044738  0.0628614 -0.0176591 -0.0833222 -0.0562926   -9.80848 
                69.3 -0.124922 0.0654303 0.0207338 0.00418974  0.0183981 0.00439826 0 0 0   -0.011 -0.02329  0.04412 -0.00513845   0.0108494  -0.0149672  0.000601361 -0.000354716 -8.16266e-05  0.0443039  0.0633152 -0.0175032 -0.0832677 -0.0563541   -9.80848 
              69.401 -0.120579 0.0717617 0.0274302 0.00783421  0.0160051 0.00553772 0 0 0   -0.011 -0.02329  0.04412   0.0150204 -0.00153585 -0.00308144  0.000601918 -0.000358566 -7.80406e-05  0.0438878  0.0636743 -0.0178335 -0.0832192 -0.0564074   -9.80848 
                69.5 -0.125533 0.0847913 0.0264702 0.00158907  0.0192277 0.00557543 0 0 0   -0.011 -0.02329  0.04412 -0.00977152   0.0195015 -0.00713647  0.000603356 -0.000338999  -5.8868e-05  0.0447563  0.0633588 -0.0178814   -0.08333 -0.0563604   -9.80848 
              69.599 -0.136738 0.0780408 0.0305645 0.00248429  0.0191432 0.00568017 0 0 0   -0.011 -0.02329  0.04412  0.00183237   0.0164927 -0.00680269  0.000582923  -0.00031519 -3.93571e-05  0.0445777  0.0635548 -0.0179909 -0.0833091 -0.0563883   -9.80848 
              69.699 -0.144212  0.090857 0.0264244 0.00536122  0.0166947 0.00646557 0 0 0   -0.011 -0.02329  0.04412   0.0168097 -0.00100654 -0.00156597  0.000598395 -0.000330688 -1.53721e-05  0.0443085      0.064 -0.0181989 -0.0832788 -0.0564492   -9.80848 
              69.801 -0.132134 0.0566177 0.0209544 0.00692192  0.0190621 0.00550957 0 0 0   -0.011 -0.02329  0.04412   0.0213851   0.0141769 -0.00620941  0.000593341 -0.000292438 -1.95704e-05  0.0443667  0.0637615 -0.0181108  -0.083284 -0.0564175   -9.80848 
              69.899 -0.124609 0.0896514 0.0205167 0.00781356  0.0205093 0.00672567 0 0 0   -0.011 -0.02329  0.04412   0.0161904   0.0189875 -0.00139746  0.000605186 -0.000313507 -3.11331e-05  0.0444711  0.0637772 -0.0183494 -0.0832993 -0.0564202   -9.80848 
                  70 -0.109726  0.069809  0.033818  0.0027547  0.0202578 0.00689076 0 0 0   -0.011 -0.02329  0.04412 -0.00126592   0.0144848 -0.00428044  0.000599925 -0.000313871 -3.07936e-05  0.0451879  0.0639972 -0.0184236 -0.0833935 -0.0564418   -9.80848 
              70.099 -0.126228 0.0788696 0.0278923 0.00531419  0.0177717 0.00707192 0 0 0   -0.011 -0.02329  0.04412    0.0138966  -0.00325855 -0.000818616   0.00062054  -0.00032105 -3.09305e-05  0.0449344  0.0643863 -0.0185024 -0.0833657 -0.0564945   -9.80848 
              70.201 -0.129504 0.0737735 0.0286864 0.00369738  0.0168419 0.00539105 0 0 0   -0.011 -0.02329  0.04412 0.00341778 0.00134605 -0.0102141  0.000602506 -0.000293123   9.9175e-06  0.0452424  0.0644766 -0.0183332  -0.083404 -0.0565014   -9.80848 
              70.301 -0.125202 0.0732249  0.024814 0.00648504  0.0195935 0.00447755 0 0 0   -0.011 -0.02329  0.04412  0.0111598 0.00587825 -0.0149078   0.00056352 -0.000292363  3.85877e-05  0.0449972  0.0641842 -0.0183628 -0.0833714 -0.0564664   -9.80848 
              70.399 -0.125728 0.0699403 0.0235206 0.00708647  0.0188674 0.00502593 0 0 0   -0.011 -0.02329  0.04412 0.000589725   0.0046171  -0.0104675 0.000574199  -0.0002934 3.84506e-05  0.0450134  0.0643338 -0.0186728 -0.0833769 -0.0564871   -9.80848 
              70.501 -0.120355 0.0674942 0.0141245 0.00522149  0.0158356 0.00544583 0 0 0   -0.011 -0.02329  0.04412 -0.00414772 -0.00508848 0.000107091  0.000559261 -0.000277316  4.48171e-05  0.0452146   0.064729 -0.0188361 -0.0834062 -0.0565365   -9.80848 
              70.599 -0.132273 0.0924179 0.0261074 0.00583633  0.0154247 0.00646775 0 0 0   -0.011 -0.02329  0.04412  0.00462997 -0.00203293  0.00175075  0.000529189 -0.000333836  5.09287e-05  0.0451305  0.0647188 -0.0189795  -0.083397 -0.0565369   -9.80848 
                70.7 -0.120737 0.0943194 0.0281092 0.00365852  0.0189469 0.00861213 0 0 0   -0.011 -0.02329  0.04412 -0.00195119   0.0134429   0.0145521  0.000546317 -0.000362037  4.81695e-05  0.0454218  0.0643215 -0.0191732  -0.083432 -0.0564857   -9.80848 
              70.799 -0.127589 0.0626066 0.0248031 0.00481448  0.0190161  0.0056608 0 0 0   -0.011 -0.02329  0.04412 -0.00132383   0.0157081 -0.00291015 0.000542959 -0.00030519  4.4581e-05  0.0452484  0.0644911 -0.0186433 -0.0834057 -0.0565047   -9.80848 
              70.899 -0.102317 0.0654994 0.0276283 0.00479202  0.0218524 0.00667786 0 0 0   -0.011 -0.02329  0.04412 -0.00215796   0.0219701   0.0054658  0.000471495 -0.000299673   3.3947e-05 0.0452301 0.0643616 -0.018776 -0.0834032 -0.0564899   -9.80848 
              71.001 -0.145096 0.0772832 0.0101605 0.000757003   0.0193574  0.00592653 0 0 0   -0.011 -0.02329  0.04412 -0.0177737  0.0069449 0.00441854  0.000513776 -0.000291588  3.99328e-05  0.0456303  0.0648458 -0.0186078 -0.0834559 -0.0565447   -9.80848 
                71.1 -0.106923    0.1134 0.0472831 -0.000196948    0.0177609   0.00651408 0 0 0   -0.011 -0.02329  0.04412 -0.00973657 -0.00205949 -0.00323695  0.000499902 -0.000301821 -8.82357e-06  0.0455322  0.0651062 -0.0186636 -0.0834468 -0.0565781   -9.80848 
                71.2 -0.151342  0.106531  0.039189 0.00467067  0.0169519 0.00638742 0 0 0   -0.011 -0.02329  0.04412   0.0167086 -0.00972581 0.000484435 0.000505234 -0.00027621 1.08831e-05  0.0448877  0.0651637 -0.0186656 -0.0833686 -0.0565924   -9.80848 
                71.3 -0.106639 0.0667494 0.0175144 0.00885872   0.019429 0.00523186 0 0 0   -0.011 -0.02329  0.04412    0.031242  0.00852993 -0.00442938  0.000461443 -0.000241711  1.96467e-05  0.0446344  0.0647827 -0.0185171  -0.083334 -0.0565467   -9.80848 
                71.4 -0.121493 0.0412768 0.0265296  0.0117076  0.0192077 0.00568955 0 0 0   -0.011 -0.02329  0.04412  0.0380041  0.0117747 0.00146676  0.000470116 -0.000219824  1.34245e-05  0.0447297  0.0649174 -0.0186221 -0.0833469 -0.0565631   -9.80848 
              71.499   -0.1331 0.0508656 0.0192031  0.0071331  0.0183553 0.00678444 0 0 0   -0.011 -0.02329  0.04412    0.0124933    0.0158427 -0.000123084  0.000479719 -0.000235594   4.8319e-06  0.0456613  0.0652169 -0.0187653  -0.083463 -0.0565934   -9.80848 
              71.601 -0.0887308  0.0609054  0.0212353 0.00863279  0.0209559 0.00752302 0 0 0   -0.011 -0.02329  0.04412  0.0138086  0.0175769 0.00898347  0.000439699 -0.000197085 -2.32533e-05  0.0456196  0.0651036 -0.0188632  -0.083458 -0.0565809   -9.80848 
              71.699 -0.109046 0.0492845 0.0285802 0.00739693  0.0214882 0.00655925 0 0 0   -0.011 -0.02329  0.04412  0.00448593   0.0168585 0.000698732  0.000437944 -0.000197653 -2.23862e-05  0.0459142  0.0652574 -0.0186355 -0.0834928 -0.0565939   -9.80848 
              71.801  -0.11642 0.0659987 0.0189988  0.0090656  0.0224082 0.00470044 0 0 0   -0.011 -0.02329  0.04412 0.00307631  0.0184866 -0.0140189  0.000441001 -0.000232407 -2.12694e-05  0.0457692  0.0653754 -0.0184824 -0.0834748 -0.0566081   -9.80848 
              71.901 -0.0953088   0.074581  0.0230255 0.00775357  0.0216279 0.00611958 0 0 0   -0.011 -0.02329  0.04412  0.00206979   0.0100677 -0.00582391  0.000397136 -0.000240706 -2.35701e-05 0.0459386 0.0656394 -0.018859 -0.0835032 -0.0566418   -9.80848 
              72.001 -0.107588 0.0608304 0.0290549 0.00676815  0.0177805 0.00641886 0 0 0   -0.011 -0.02329  0.04412 -0.00319475 -0.00866551 -0.00443262  0.000445943 -0.000265629 -1.54038e-05  0.0460885  0.0661653 -0.0189601 -0.0835275 -0.0567039   -9.80848 
                72.1 -0.130857  0.049921 0.0170343 0.00418229  0.0145256 0.00677111 0 0 0   -0.011 -0.02329  0.04412 -0.0133807 -0.0193782 -0.0109925  0.000438715 -0.000267459   2.9987e-05  0.0463231  0.0664011 -0.0191037 -0.0835593 -0.0567314   -9.80848 
              72.201 -0.130562 0.0819533 0.0132545 0.00130522  0.0185343 0.00514122 0 0 0   -0.011 -0.02329  0.04412 -0.0202919  0.0136951 -0.0197459  0.000450325 -0.000251052  3.49478e-05  0.0464951  0.0658489 -0.0190884 -0.0835754 -0.0566645   -9.80848 
              72.299 -0.112479 0.0537085 0.0397748 0.00548806  0.0216916  0.0034704 0 0 0   -0.011 -0.02329  0.04412 0.00312259  0.0225631 -0.0207956  0.000453789 -0.000241443  -1.6334e-05  0.0458169  0.0656493 -0.0191266 -0.0834942  -0.056647   -9.80848 
              72.399 -0.123251 0.0789555 0.0172464 0.00756606   0.019107 0.00441206 0 0 0   -0.011 -0.02329  0.04412  0.0133415  0.0122629 -0.0132585  0.000458763 -0.000250856 -1.77204e-05  0.0456359   0.066208 -0.0195195 -0.0834827 -0.0567183   -9.80848 
              72.499  -0.11765  0.083659 0.0109991 0.00206308  0.0222651  0.0042189 0 0 0   -0.011 -0.02329  0.04412  -0.0133582   0.0298718 -0.00847501  0.000439239 -0.000235164 -6.36225e-06  0.0463764   0.066052 -0.0196861 -0.0835695 -0.0566937   -9.80848 
              72.599 -0.125315 0.0655396 0.0180658 0.00343719  0.0202147 0.00538701 0 0 0   -0.011 -0.02329  0.04412 -0.00496988   0.0117854 -0.00337818  0.000446627 -0.000224173 -1.81261e-05  0.0460745   0.066594 -0.0199426 -0.0835417 -0.0567621   -9.80848 
              72.701 -0.12723  0.08526 0.022772 0.00755793  0.0213946  0.0067001 0 0 0   -0.011 -0.02329  0.04412   0.0119586    0.019513 -0.00523591  0.000473729 -0.000202976 -1.22153e-05  0.0455552   0.066633 -0.0201901 -0.0834835 -0.0567742   -9.80848 
                72.8 -0.126599 0.0833219 0.0207683 0.00468405  0.0186911 0.00454308 0 0 0   -0.011 -0.02329  0.04412 -0.00383168  0.00354341 -0.00816439  0.000510821  -0.00018554 -6.04039e-06  0.0459509  0.0671618 -0.0200044 -0.0835333 -0.0568298   -9.80848 
                72.9 -0.122296 0.0890936 0.0267651  0.0018653  0.0177889 0.00658776 0 0 0   -0.011 -0.02329  0.04412 -0.0129024 0.00274686 0.00705512  0.000503605 -0.000170201 -5.38635e-05   0.046184  0.0672928 -0.0203353 -0.0835637 -0.0568465   -9.80848 
                  73 -0.133207 0.0666184 0.0237854 0.000486221    0.018472  0.00696539 0 0 0   -0.011 -0.02329  0.04412 -0.00956681  0.00522743 -0.00180452  0.000536594 -0.000152776 -1.88631e-05  0.0461848  0.0672627 -0.0203487 -0.0835635 -0.0568431   -9.80848 
              73.099 -0.137956 0.0653705  0.029056 0.00608489  0.0160748 0.00673067 0 0 0   -0.011 -0.02329  0.04412   0.0184769 -0.00405631 -0.00511119  0.000552134 -0.000120749  -4.6199e-06  0.0455044  0.0675742 -0.0203715 -0.0834885 -0.0568859   -9.80848 
                73.2 -0.122743 0.0799313 0.0300557 0.00599189  0.0153417 0.00632498 0 0 0   -0.011 -0.02329  0.04412    0.014144  -0.0076303 -0.00230584  0.000558549 -0.000160869 -1.46383e-05  0.0457283  0.0676045 -0.0203318 -0.0835141  -0.056887   -9.80848 
                73.3 -0.107747 0.0779657 0.0258232 0.00486615  0.0158481  0.0060487 0 0 0   -0.011 -0.02329  0.04412   0.0113826 -0.00321602  0.00239344  0.000568643 -0.000184448  1.56162e-05   0.046015  0.0674638 -0.0203063 -0.0835452 -0.0568679   -9.80848 
                73.4 -0.132488 0.0870174 0.0260649 0.00858754  0.0171892 0.00751768 0 0 0   -0.011 -0.02329  0.04412  0.0277834 0.00647249 0.00664643  0.000570253 -0.000168297  3.86223e-05  0.0457756   0.067327 -0.0204976 -0.0835191 -0.0568564   -9.80848 
                73.5 -0.114124 0.0516371 0.0210646 0.00699288  0.0206542 0.00770251 0 0 0   -0.011 -0.02329  0.04412 0.00483336  0.0173592  0.0117931  0.000536548 -0.000141385  6.05035e-05  0.0462276  0.0670548 -0.0204003 -0.0835674 -0.0568213   -9.80848 
              73.599 -0.115376 0.0793403 0.0189169 0.00322851  0.0195236  0.0080699 0 0 0   -0.011 -0.02329  0.04412 -0.0128525 0.00919768 0.00914566  0.000534641 -0.000174242  7.85491e-05  0.0466791  0.0673547 -0.0203222 -0.0836196 -0.0568518   -9.80848 
              73.701 -0.125532 0.0780254 0.0242742 0.00559705  0.0179603 0.00836933 0 0 0   -0.011 -0.02329  0.04412 0.000444472  0.00107639   0.0146987  0.000535864 -0.000146407  5.38616e-05  0.0462875  0.0676362 -0.0202035 -0.0835761 -0.0568854   -9.80848 
                73.8 -0.122699 0.0720459 0.0248524 0.00690359  0.0184452 0.00584654 0 0 0   -0.011 -0.02329  0.04412   0.0101854  0.00567029 -0.00435385  0.000547334 -9.53562e-05  9.47258e-05  0.0461784  0.0676235 -0.0197518 -0.0835603 -0.0568811   -9.80848 
                73.9 -0.109186 0.0898681 0.0286267 0.00494898  0.0181293 0.00637084 0 0 0   -0.011 -0.02329  0.04412  -0.00290735 -0.000203744  -0.00341073  0.000555426 -0.000114232  8.08206e-05  0.0465133  0.0677271 -0.0198537  -0.083599 -0.0568911   -9.80848 
              74.001 -0.117011 0.0791303 0.0287619 0.000182532   0.0161812  0.00666854 0 0 0   -0.011 -0.02329  0.04412    -0.01831 0.000110127 -0.00676641  0.000579541 -0.000105512  8.44225e-05  0.0470156  0.0679823 -0.0199657 -0.0836576 -0.0569165   -9.80848 
              74.101 -0.128269 0.0597821 0.0240183 0.00420754  0.0135219 0.00505038 0 0 0   -0.011 -0.02329  0.04412 0.00504547 -0.0125753 -0.0118869  0.000579261 -0.000131015  9.00133e-05  0.0463863  0.0682827 -0.0198796 -0.0835899 -0.0569546   -9.80848 
              74.199 -0.135692 0.0813605 0.0143248 0.00524297  0.0187011 0.00626114 0 0 0   -0.011 -0.02329  0.04412 0.00906851  0.0127622 0.00631784  0.00056612 -0.00011786 8.00201e-05  0.0463813  0.0675622 -0.0201374 -0.0835844 -0.0568771   -9.80848 
              74.299 -0.106494 0.0683741 0.0317135 0.00680882  0.0193457 0.00567731 0 0 0   -0.011 -0.02329  0.04412   0.0134564   0.0140144 -0.00448392 0.000547473 -9.6688e-05 6.76822e-05  0.0463042  0.0676533 -0.0199889 -0.0835755 -0.0568869   -9.80848 
                74.4 -0.101661  0.121734 0.0421306 0.00207569  0.0204667  0.0050576 0 0 0   -0.011 -0.02329  0.04412  0.00130559   0.0278232 -0.00674542  0.000508507 -0.000108511  9.87058e-05  0.0470264  0.0677532 -0.0200212 -0.0836562 -0.0568907   -9.80848 
                74.5 -0.134464 0.0817194 0.0244753 0.00338872  0.0196401 0.00598979 0 0 0   -0.011 -0.02329  0.04412   0.0185427   0.0167224 -0.00119168  0.000543572 -8.32975e-05  0.000107534 0.0469248 0.0681634 -0.020201 -0.0836488 -0.0569376   -9.80848 
              74.599 -0.108178 0.0724291 0.0201984 0.00730543   0.022466 0.00684687 0 0 0   -0.011 -0.02329  0.04412  0.0364944  0.0259436 0.00603352  0.000497822 -5.06198e-05  0.000107395  0.0467273  0.0680653 -0.0203068 -0.0836271 -0.0569291   -9.80848 
              74.701 -0.123712 0.0712237 0.0231509  0.0079071  0.0226694 0.00693798 0 0 0   -0.011 -0.02329  0.04412  0.0269672  0.0228453 0.00782531   0.00047371 -5.55843e-05  0.000101707  0.0470454  0.0683331 -0.0202305 -0.0836635 -0.0569552   -9.80848 
                74.8 -0.110571  0.069159  0.021626 0.00756976  0.0202537 0.00692512 0 0 0   -0.011 -0.02329  0.04412   0.0122902 -0.00371362   0.0110078  0.000502889 -6.64359e-05   0.00010331 0.0473596  0.068786  -0.02011 -0.0837008 -0.0570008   -9.80848 
              74.902 -0.119844  0.101269  0.025833 0.00462817   0.020435 0.00719301 0 0 0   -0.011 -0.02329  0.04412 -0.00292719 -0.00188668   0.0130831  0.000548352 -0.000101305  6.69873e-05  0.0478322  0.0687349 -0.0199628 -0.0837502 -0.0569894   -9.80848 
              75.001 -0.106199 0.0789057 0.0252092 0.00394236  0.0216668 0.00792273 0 0 0   -0.011 -0.02329  0.04412 -0.00451502  0.00777365  0.00752954  0.000523973 -7.15815e-05  5.85185e-05  0.0478483  0.0686057 -0.0198849 -0.0837498 -0.0569744   -9.80848 
              75.099 -0.113487 0.0795844 0.0244203 0.00451086  0.0212506  0.0070632 0 0 0   -0.011 -0.02329  0.04412  0.00530918  0.00786815 -0.00403869    0.0005269 -7.80232e-05  6.64998e-05  0.0477874   0.068759 -0.0197281 -0.0837439 -0.0569899   -9.80848 
              75.201 -0.0978203  0.0730526  0.0225819 0.00647734  0.0231765 0.00709066 0 0 0   -0.011 -0.02329  0.04412 0.00846005  0.0160857 -0.0119698  0.000536357 -0.000103348   7.0239e-05  0.0476369  0.0686492 -0.0198288 -0.0837274 -0.0569807   -9.80848 
                75.3 -0.125049  0.063849 0.0258943 0.00743263  0.0189067 0.00296363 0 0 0   -0.011 -0.02329  0.04412   0.010625 0.00226982 -0.0253934   0.00056108 -0.000109784  0.000111579  0.0476181  0.0693122 -0.0195056 -0.0837284  -0.057048   -9.80848 
              75.401 -0.141622 0.0725942 0.0252251 0.00923762  0.0182995 0.00436571 0 0 0   -0.011 -0.02329  0.04412   0.0191119  0.00988138 -0.00677758  0.000541665 -0.000119105  0.000114135  0.0475308  0.0694365 -0.0199654 -0.0837245  -0.057067   -9.80848 
              75.499 -0.133154 0.0645558  0.017667 0.00315546  0.0188718 0.00607964 0 0 0   -0.011 -0.02329  0.04412 -0.0165724  0.0218985  0.0074324  0.000551642 -0.000111423  0.000143291  0.0483772  0.0695504 -0.0202585 -0.0838181 -0.0570762   -9.80848 
                75.6 -0.113003 0.0563621 0.0290086 0.00441643  0.0229894 0.00653242 0 0 0   -0.011 -0.02329  0.04412  -0.011246  0.0272826 0.00550299  0.000537096 -0.000123901  0.000105944  0.0480747  0.0693227 -0.0202532 -0.0837848 -0.0570538   -9.80848 
              75.701 -0.134058 0.0853414 0.0163525 0.00378603  0.0190567 0.00827154 0 0 0   -0.011 -0.02329  0.04412 -0.0129638  0.0122182 0.00968335  0.000538276 -0.000138629  0.000109674  0.0480184  0.0700752 -0.0203827 -0.0837865 -0.0571345   -9.80848 
                75.8 -0.112252 0.0652873  0.027488 0.00354767  0.0202738 0.00539181 0 0 0   -0.011 -0.02329  0.04412  0.00117402   0.0193874 -0.00544118  0.000514133 -9.38098e-05  0.000133945  0.0479529  0.0700858 -0.0199598 -0.0837752 -0.0571336   -9.80848 
                75.9 -0.111178 0.0845089  0.017327  0.0042052  0.0201865 0.00559903 0 0 0   -0.011 -0.02329  0.04412 -0.000469007    0.0160054   -0.0104763  0.000528437 -8.68547e-05  0.000168642  0.0478551   0.070355 -0.0200863 -0.0837675 -0.0571633   -9.80848 
              76.001 -0.117784 0.0712459 0.0247653 0.00536878  0.0210887 0.00613497 0 0 0   -0.011 -0.02329  0.04412   0.0117132    0.019012 -0.00721222  0.000498995 -8.75497e-05  0.000160958  0.0477584  0.0704707 -0.0203001 -0.0837594 -0.0571776   -9.80848 
              76.101 -0.116379 0.0806343 0.0276796 0.00364364  0.0189765 0.00655858 0 0 0   -0.011 -0.02329  0.04412  0.00689232  0.00643296 -0.00392019  0.000503361 -9.67067e-05   0.00011172  0.0481241  0.0709439 -0.0204135 -0.0838019 -0.0572248   -9.80848 
                76.2 -0.124877 0.0980088  0.024831 0.00446888  0.0194286 0.00568635 0 0 0   -0.011 -0.02329  0.04412   0.0116184  0.00776556 -0.00741173   0.00051425 -0.000102142  0.000122324 0.0481254 0.0709778  -0.02038 -0.0838021 -0.0572281   -9.80848 
              76.301   -0.1247 0.0686699 0.0321682 0.00846774  0.0202107 0.00444332 0 0 0   -0.011 -0.02329  0.04412  0.0202749  0.0177428 -0.0130686   0.00050585 -8.43962e-05  0.000121843  0.0478321  0.0710052 -0.0203374 -0.0837717 -0.0572333   -9.80848 
                76.4 -0.127013 0.0671068 0.0234604 0.00679009  0.0170798 0.00559281 0 0 0   -0.011 -0.02329  0.04412  0.00930973 -0.00231179 -0.00705724  0.000513151 -9.73344e-05  0.000113825  0.0482409  0.0715341 -0.0206379 -0.0838202 -0.0572869   -9.80847 
              76.501 -0.130776 0.0681462 0.0281124 0.00231406  0.0164471 0.00543851 0 0 0   -0.011 -0.02329  0.04412 -0.00540422 -0.00592856 -0.00627034  0.000488282 -0.000113135  0.000101246  0.0488301  0.0715521 -0.0207338 -0.0838815 -0.0572847   -9.80847 
              76.599 -0.130565 0.0919572 0.0239587 0.00128088  0.0164779 0.00688434 0 0 0   -0.011 -0.02329  0.04412 -0.00377536 3.98939e-05 0.000193861  0.000502893 -0.000105113  8.21816e-05   0.048905  0.0714926 -0.0209896  -0.083891 -0.0572798   -9.80847 
                76.7 -0.115241 0.0854584 0.0267492 0.00650973  0.0198955 0.00789874 0 0 0   -0.011 -0.02329  0.04412 0.0212775 0.0221683 0.0124025  0.000478492 -9.75278e-05  6.18112e-05  0.0483243  0.0711751 -0.0210816 -0.0838294 -0.0572542   -9.80847 
                76.8  -0.11499 0.0708854 0.0281697 0.00459157  0.0221585 0.00551934 0 0 0   -0.011 -0.02329  0.04412   0.0120712   0.0293157 -0.00278802   0.00046291 -9.34647e-05  5.76875e-05  0.0487761  0.0711962 -0.0206748 -0.0838725 -0.0572487   -9.80847 
              76.901 -0.117294 0.0951827 0.0267422 0.00357884  0.0213251 0.00600042 0 0 0   -0.011 -0.02329  0.04412 -0.00234854   0.0193313 0.000690927  0.000429541 -8.99669e-05  4.81609e-05  0.0489829  0.0716185 -0.0207715 -0.0838979 -0.0572904   -9.80847 
              76.999 -0.127254  0.080056 0.0202537 0.00530212  0.0188375 0.00728534 0 0 0   -0.011 -0.02329  0.04412   0.00192083 -0.000297886   0.00881666  0.000408208 -7.07619e-05  3.56154e-05 0.0487266 0.0720706 -0.020904 -0.0838766  -0.057339   -9.80847 
              77.101 -0.140868 0.0838246 0.0270068 0.00451257   0.015758 0.00800973 0 0 0   -0.011 -0.02329  0.04412 0.00544241 0.00211904 0.00464349  0.000426219 -5.07443e-05  4.71763e-05  0.0488354  0.0724984 -0.0208939 -0.0838913  -0.057381   -9.80847 
              77.204 -0.116747 0.0804824  0.029275 0.00487287  0.0180892 0.00705296 0 0 0   -0.011 -0.02329  0.04412  0.00334478   0.0101454 -0.00202759 0.000445169 -3.7125e-05  7.5232e-05  0.0488528  0.0722724 -0.0207228 -0.0838903 -0.0573572   -9.80847 
              77.301 -0.124915  0.082072 0.0306074 0.00188755  0.0178075 0.00503654 0 0 0   -0.011 -0.02329  0.04412 -0.00500829  0.00703445  -0.0125017  0.000460987 -4.70396e-05  7.99164e-05  0.0492124  0.0724124 -0.0205413 -0.0839262 -0.0573675   -9.80847 
                77.4 -0.131569 0.0650176 0.0152781 0.00390067  0.0172084 0.00646891 0 0 0   -0.011 -0.02329  0.04412     0.010687   0.00525887 -0.000396644  0.000445046 -4.15879e-05  8.23145e-05  0.0489675  0.0725475 -0.0208845 -0.0839047 -0.0573858   -9.80847 
                77.5  -0.12794 0.0790426 0.0272114 0.00398996  0.0189883 0.00654599 0 0 0   -0.011 -0.02329  0.04412 0.00694171  0.0114318 0.00216663  0.000431937 -3.74123e-05   9.1704e-05  0.0490858  0.0724175 -0.0208943 -0.0839156  -0.057372   -9.80847 
              77.599 -0.0980875  0.0702646  0.0317235 0.00483249  0.0190929 0.00694202 0 0 0   -0.011 -0.02329  0.04412 0.00422942 0.00223477 0.00208327  0.000412165 -2.25251e-05  7.10548e-05 0.0490349 0.0724951 -0.020925 -0.0839114 -0.0573803   -9.80847 
              77.699 -0.146525 0.0880627  0.012744 0.00321088  0.0182441 0.00538482 0 0 0   -0.011 -0.02329  0.04412 -0.00757891 -0.00360553   -0.012771  0.000393561 -3.20035e-05   8.2983e-05  0.0492417  0.0725993 -0.0207519 -0.0839314 -0.0573879   -9.80847 
              77.799 -0.113582   0.11777 0.0513226 0.00257459  0.0177949 0.00316311 0 0 0   -0.011 -0.02329  0.04412 -0.00644047 -0.00418901  -0.0225958   0.00037481 -5.24632e-05   6.3544e-05  0.0492784  0.0725956 -0.0206868 -0.0839345  -0.057387   -9.80847 
              77.901 -0.112517 0.0888316 0.0292161 0.00194958  0.0181438 0.00409108 0 0 0   -0.011 -0.02329  0.04412 -0.00254065 -0.00284943 -0.00990333  0.000338012 -5.83613e-05  8.52293e-05 0.0492698 0.0725165 -0.021087 -0.0839354 -0.0573805   -9.80847 
                  78 -0.139028 0.0759124 0.0269164 0.00328833  0.0190141 0.00543612 0 0 0   -0.011 -0.02329  0.04412  0.00630079  0.00362149 -0.00245083   0.00034277 -4.69812e-05  5.62397e-05 0.0490828 0.0723996 -0.021353  -0.083918 -0.0573709   -9.80847 
                78.1  -0.12401 0.0747571 0.0273456 0.00543385   0.019939 0.00638897 0 0 0   -0.011 -0.02329  0.04412   0.0228609   0.0148265 -0.00359785  0.000335349 -4.22934e-05  4.06422e-05  0.0489881  0.0723851 -0.0215218 -0.0839096  -0.057371   -9.80847 
              78.201 -0.117701 0.0895201 0.0325645 0.00779659  0.0223388  0.0056468 0 0 0   -0.011 -0.02329  0.04412   0.0264422   0.0283668 -0.00530115  0.000346254 -4.87935e-05  5.06659e-05  0.0490185  0.0723451 -0.0214845 -0.0839121 -0.0573667   -9.80847 
              78.299 -0.111812 0.0808207 0.0358737 0.00592997  0.0204783 0.00474609 0 0 0   -0.011 -0.02329  0.04412  0.00986099   0.0133922 -0.00927257  0.000377176 -4.48803e-05  5.72679e-05 0.0495158 0.0728613 -0.021417 -0.0839633 -0.0574127   -9.80847 
              78.399 -0.125126 0.0682842  0.021509 0.00829785  0.0186608 0.00608357 0 0 0   -0.011 -0.02329  0.04412   0.0192316  0.00591203 -0.00676406    0.0003903 -3.48373e-05  5.05815e-05   0.049381  0.0732393 -0.0217772 -0.0839544 -0.0574536   -9.80847 
              78.499  -0.114953  0.0667078 0.00973655 0.00668597  0.0209741 0.00717138 0 0 0   -0.011 -0.02329  0.04412 4.09398e-05    0.024164  0.00627306   0.00042223 -1.51131e-05  4.90171e-05  0.0497343  0.0730928 -0.0219425 -0.0839882 -0.0574388   -9.80847 
              78.599 -0.118072 0.0757472 0.0275367 0.00256138  0.0216545 0.00673417 0 0 0   -0.011 -0.02329  0.04412 -0.00751364   0.0267117 -0.00300583  0.000430163 -4.07604e-06  2.92289e-05  0.0502311  0.0732968 -0.0218361 -0.0840367 -0.0574531   -9.80847 
                78.7 -0.111499 0.0944874  0.028062 0.00617583  0.0201843  0.0073393 0 0 0   -0.011 -0.02329  0.04412   0.0100835    0.017143 0.000643107  0.000406331 -3.54047e-05   1.4469e-05  0.0497639  0.0737609 -0.0219563 -0.0839967 -0.0575027   -9.80847 
                78.8  -0.130167  0.0648965 0.00780318  0.0045754  0.0181547 0.00475241 0 0 0   -0.011 -0.02329  0.04412 -0.000316349    0.0103828    -0.011425   0.00041862 -2.77299e-05  6.47862e-05   0.050024  0.0742287 -0.0216709 -0.0840231 -0.0575422   -9.80847 
              78.899 -0.122841 0.0598117 0.0260279 0.00767803  0.0223706    0.00487 0 0 0   -0.011 -0.02329  0.04412  0.0136055  0.0333819 -0.0154308  0.000402452 -3.43445e-05  1.99265e-05   0.049704  0.0739322 -0.0218601 -0.0839918 -0.0575183   -9.80847 
              78.999  -0.11774 0.0631362 0.0156692 0.00545892   0.019259 0.00482082 0 0 0   -0.011 -0.02329  0.04412 0.00768949  0.0133556 -0.0150341  0.000409284 -1.84729e-05  4.28718e-05  0.0501368  0.0746306 -0.0220735 -0.0840412 -0.0575814   -9.80847 
              79.099 -0.112363 0.0686214 0.0346449 0.00554255  0.0202455 0.00543108 0 0 0   -0.011 -0.02329  0.04412   0.00839176    0.0241423 -0.000768925   0.00042028 -1.00294e-05  5.88442e-05  0.0502311  0.0747017 -0.0222864 -0.0840522 -0.0575889   -9.80847 
              79.199 -0.105803 0.0933807 0.0213354 0.00293532  0.0225649 0.00649231 0 0 0   -0.011 -0.02329  0.04412 -0.00850014   0.0281362 -0.00196975  0.00041899 4.09806e-06 6.74203e-05 0.0505878 0.0747772 -0.022456 -0.0840873 -0.0575953   -9.80847 
                79.3 -0.123399 0.0623339 0.0227676 0.00474133  0.0187878 0.00439108 0 0 0   -0.011 -0.02329  0.04412 -0.00136987   0.0010214   -0.015595 0.000428809 9.85515e-06 4.82757e-05  0.0502562  0.0754455 -0.0222577 -0.0840589 -0.0576578   -9.80847 
              79.401 -0.121758 0.0699914 0.0276991 0.00789352  0.0149192 0.00567094 0 0 0   -0.011 -0.02329  0.04412   0.0131278  -0.0113131 -0.00294559  0.000430547 -1.37167e-06  6.29227e-05 0.0498892 0.0758675 -0.022597   -0.08403 -0.0577034   -9.80847 
              79.499 -0.126147 0.0854364 0.0274402 0.00133121  0.0184944 0.00606887 0 0 0   -0.011 -0.02329  0.04412 -0.0135549  0.0116444 0.00763876  0.000439817 -2.96157e-05  6.49962e-05  0.0507773  0.0753794 -0.0226169 -0.0841096 -0.0576524   -9.80847 
              79.601 -0.137422 0.0796441 0.0311775 0.00222318  0.0187625 0.00692233 0 0 0   -0.011 -0.02329  0.04412 -0.00352162    0.015885  0.00448498  0.000439734 -1.22963e-05  5.10402e-05  0.0505586  0.0755217 -0.0226453 -0.0840904 -0.0576672   -9.80847 
                79.7 -0.143594  0.090491 0.0266768 0.00464346  0.0168138 0.00772915 0 0 0   -0.011 -0.02329  0.04412    0.0101303   0.00219127 -0.000554152  0.000463875 -3.62081e-05  4.33278e-05  0.0502281  0.0758979 -0.0226896 -0.0840631 -0.0577048   -9.80847 
              79.801 -0.134214 0.0541535 0.0219657 0.00632908  0.0188739 0.00528802 0 0 0   -0.011 -0.02329  0.04412   0.0238584   0.0117122 -0.00809185  0.000444505 -2.89473e-05  8.98368e-05  0.0501922  0.0757103 -0.0224075 -0.0840562 -0.0576857   -9.80847 
              79.899 -0.126184 0.0905941 0.0219501 0.00840441  0.0206795 0.00653024 0 0 0   -0.011 -0.02329  0.04412   0.0184788   0.0273292 -0.00444432  0.000432834 -2.85978e-05  0.000107115  0.0501992  0.0757139 -0.0226699 -0.0840588 -0.0576874   -9.80847 
              79.999 -0.109457 0.0693706 0.0339571 0.00255701  0.0216646 0.00698556 0 0 0   -0.011 -0.02329  0.04412   -0.0104654    0.0265261 -0.000922914  0.000431137 -4.38313e-05  0.000104322  0.0510096  0.0759395 -0.0227511 -0.0841349 -0.0577036   -9.80847 
              80.099 -0.126366 0.0786343 0.0283418 0.00432312  0.0197566 0.00718868 0 0 0   -0.011 -0.02329  0.04412 0.00684677  0.0108835 -0.0108031  0.000453775 -9.15739e-05  8.91801e-05  0.0507363  0.0764682 -0.0228289  -0.084114 -0.0577541   -9.80847 
              80.201 -0.128178 0.0775934 0.0309296 0.00327894  0.0174154 0.00426104 0 0 0   -0.011 -0.02329  0.04412  0.00106576 -0.00618946  -0.0232772  0.000479051 -9.74569e-05  8.03497e-05  0.0509263  0.0768084 -0.0226505  -0.084132 -0.0577822   -9.80847 
              80.301  -0.12411 0.0712897 0.0254093 0.00631022  0.0194984 0.00339607 0 0 0   -0.011 -0.02329  0.04412  0.0159573 0.00974691 -0.0196344  0.000477107 -0.000113924  6.58136e-05  0.0506286  0.0765401 -0.0228396 -0.0841052 -0.0577619   -9.80847 
              80.401 -0.126545 0.0709448 0.0246089 0.00832794  0.0199186 0.00530625 0 0 0   -0.011 -0.02329  0.04412    0.017725    0.017986 0.000686243   0.00046995 -4.58335e-05  7.24462e-05   0.050601  0.0766982 -0.0232929 -0.0841087 -0.0577801   -9.80847 
                80.5 -0.120273 0.0652953 0.0147784 0.00670847  0.0167188 0.00654556 0 0 0   -0.011 -0.02329  0.04412 -0.000468249   0.00517687   0.00509662  0.000481665 -9.46088e-06  0.000117705  0.0509334  0.0772632 -0.0234115 -0.0841434 -0.0578294   -9.80847 
                80.6 -0.132837 0.0898025 0.0272118 0.00572984   0.016625 0.00709107 0 0 0   -0.011 -0.02329  0.04412 -0.00757889  0.00627162  0.00744003  0.000478728 -1.47045e-05  0.000112786  0.0510162  0.0773475 -0.0234051 -0.0841514 -0.0578364   -9.80847 
              80.699 -0.117609 0.0905533 0.0276306   0.003123   0.019718 0.00894197 0 0 0   -0.011 -0.02329  0.04412 -0.0146132  0.0209638  0.0135324 0.000477277 1.13235e-05 0.000118584  0.0512496  0.0770885 -0.0235407 -0.0841712 -0.0578125   -9.80847 
                80.8  -0.12868 0.0651407 0.0244025 0.00409501  0.0189426 0.00504367 0 0 0   -0.011 -0.02329  0.04412  -0.0099187   0.0194996 -0.00739616 0.000465709 2.98052e-05 0.000135171  0.0509774  0.0773884 -0.0229647  -0.084147 -0.0578379   -9.80847 
              80.901 -0.102086 0.0678625 0.0279888 0.00396278  0.0224396 0.00553298 0 0 0   -0.011 -0.02329  0.04412 -0.0115499  0.0315686 -0.0100415 0.000461673 2.72032e-05 0.000145858 0.0508571 0.0772623 -0.023169 -0.0841364 -0.0578287   -9.80847 
              80.999   -0.14772  0.0806383 0.00976449 -0.000299747    0.0200514   0.00398781 0 0 0   -0.011 -0.02329  0.04412 -0.0274502  0.0158756  -0.019721   0.0004622 2.65042e-06  0.00017404  0.0511859    0.07787 -0.0231526 -0.0841692 -0.0578803   -9.80847 
              81.101 -0.104022  0.129001 0.0422868 -0.0020239  0.0190153 0.00514283 0 0 0   -0.011 -0.02329  0.04412  -0.014147  0.0155047 0.00134314  0.000440799 -3.11553e-05  0.000138291  0.0511318  0.0782063 -0.0234537 -0.0841694 -0.0579121   -9.80847 
                81.2 -0.157026  0.118287 0.0382042  0.0036385  0.0181622 0.00665121 0 0 0   -0.011 -0.02329  0.04412   0.015182  0.0127545 0.00246763  0.000452361 -3.61081e-05  0.000142215  0.0503363  0.0784978 -0.0236334 -0.0841031 -0.0579452   -9.80847 
              81.301 -0.106254 0.0669871 0.0201621 0.00850892  0.0223088  0.0053521 0 0 0   -0.011 -0.02329  0.04412   0.0290469   0.0354037 -0.00920429  0.000425205 -6.58656e-06   0.00015739  0.0499497  0.0782542 -0.0234512 -0.0840671 -0.0579253   -9.80847 
              81.399 -0.116902 0.0442826 0.0261498  0.0104509  0.0215369 0.00483744 0 0 0   -0.011 -0.02329  0.04412   0.0243224   0.0216898 -0.00996881 0.000421777 2.26308e-06 0.000186842  0.0500315  0.0787466 -0.0235338 -0.0840766 -0.0579684   -9.80847 
                81.5 -0.129731 0.0536052 0.0197984 0.00569698  0.0187927 0.00628759 0 0 0   -0.011 -0.02329  0.04412  0.00315935  0.00493977 0.000779727  0.000400837 -5.26757e-05  0.000181366  0.0508321  0.0793075 -0.0238017 -0.0841501 -0.0580157   -9.80847 
              81.601 -0.0869525  0.0626508  0.0216954 0.00868781  0.0198605 0.00809172 0 0 0   -0.011 -0.02329  0.04412  0.0269344 0.00549671 0.00575633   0.00034375 -6.18738e-05  0.000150815  0.0506141  0.0792213 -0.0239941 -0.0841331 -0.0580105   -9.80847 
              81.701 -0.108543 0.0475786  0.029924 0.00859059  0.0206863 0.00638982 0 0 0   -0.011 -0.02329  0.04412  0.0190369  0.0166208 0.00218041  0.000364663 -4.12285e-05  0.000123757  0.0509071  0.0792504 -0.0237097 -0.0841549 -0.0580094   -9.80847 
              81.799 -0.113352 0.0630052 0.0179782  0.0104863  0.0224873 0.00553055 0 0 0   -0.011 -0.02329  0.04412  0.0166902  0.0160714 0.00202752  0.000380923 -2.28184e-05  0.000122121 0.0509001 0.0792453 -0.023575 -0.0841528 -0.0580078   -9.80847 
              81.901 -0.0969501  0.0733174  0.0230562 0.00894009  0.0216733 0.00745716 0 0 0   -0.011 -0.02329  0.04412 0.00610602 0.00912193  0.0030228  0.000417771 -1.87616e-05   0.00011923  0.0512621  0.0795248 -0.0238152 -0.0841885  -0.058031   -9.80847 
              82.001 -0.107866 0.0595448 0.0283408 0.00634676  0.0169775 0.00708446 0 0 0   -0.011 -0.02329  0.04412 -0.00616362  -0.0141588  0.00516003 0.000401389  -8.662e-06  0.00012989  0.0515866  0.0801184 -0.0237265 -0.0842208 -0.0580779   -9.80847 
              82.099 -0.130519 0.0452311 0.0170891 0.00513159  0.0140534 0.00781033 0 0 0   -0.011 -0.02329  0.04412 -0.00960879   -0.018418  0.00862643 0.000407128 7.67022e-06 0.000142393  0.0516719  0.0802914 -0.0237485 -0.0842295 -0.0580923   -9.80847 
                82.2 -0.131648 0.0801886 0.0131104  0.0012195  0.0187048 0.00679864 0 0 0   -0.011 -0.02329  0.04412  -0.0180375   0.0132544 0.000941022  0.000399517 -2.71479e-05  0.000102494  0.0519981  0.0796841 -0.0235755 -0.0842518 -0.0580368   -9.80847 
              82.301 -0.113059 0.0541844 0.0409279 0.0058042 0.0218902 0.0054929 0 0 0   -0.011 -0.02329  0.04412 0.00661843  0.0291559 0.00522392  0.000402087 -3.66714e-05  7.49448e-05 0.0513106 0.0795021 -0.023369 -0.0841898 -0.0580261   -9.80847 
              82.401 -0.126539 0.0779086 0.0181714 0.00799043  0.0187294 0.00750163 0 0 0   -0.011 -0.02329  0.04412 0.0114575 0.0114753 0.0171603  0.000411717 -9.25001e-05  9.94052e-05  0.0511516   0.080171 -0.0234841 -0.0841833 -0.0580847   -9.80847 
              82.501  -0.110157  0.0869253 0.00861254 0.000852274   0.0232496  0.00689117 0 0 0   -0.011 -0.02329  0.04412 -0.0274419  0.0345613 0.00513922  0.000397808 -6.52451e-05  0.000106374  0.0520215   0.079861 -0.0232483 -0.0842513 -0.0580507   -9.80847 
              82.601 -0.125932 0.0656501 0.0192789 0.00239112  0.0209057 0.00667769 0 0 0   -0.011 -0.02329  0.04412 -0.00980888   0.0289671  0.00684631  0.000424337 -7.60563e-05  0.000129156   0.051529  0.0805784 -0.0231338 -0.0842147  -0.058114   -9.80847 
              82.701 -0.124597 0.0832379 0.0271976 0.00768162  0.0226531 0.00766888 0 0 0   -0.011 -0.02329  0.04412 0.00860506  0.0218776  0.0056157  0.000434012 -4.38054e-05  8.61333e-05   0.050786  0.0806912 -0.0231953  -0.084154 -0.0581302   -9.80847 
              82.801 -0.125146 0.0849678 0.0223106 0.00473107  0.0192358 0.00548854 0 0 0   -0.011 -0.02329  0.04412 -0.00104957   0.0107213  0.00123791  0.000436607 -2.36591e-05  8.44292e-05  0.0512195  0.0813556 -0.0228515  -0.084195 -0.0581784   -9.80847 
                82.9  -0.12069  0.090344 0.0262912 0.00231563  0.0186197 0.00718683 0 0 0   -0.011 -0.02329  0.04412 -0.0100177  0.0164631 0.00814041  0.000425811 -2.12389e-05  7.14138e-05  0.051458 0.0815653 -0.023057 -0.0842176 -0.0581952   -9.80847 
              83.001 -0.132188 0.0662075 0.0236513 0.00112584  0.0197403 0.00741477 0 0 0   -0.011 -0.02329  0.04412 -0.00566635   0.0146264  0.00207012  0.000432739 -1.72231e-05  0.000103016  0.0515083  0.0816306 -0.0229844 -0.0842221 -0.0581996   -9.80847 
                83.1 -0.138456 0.0633939 0.0288414 0.00646966  0.0162805 0.00719149 0 0 0   -0.011 -0.02329  0.04412   0.0126593 -0.00253358  0.00380707  0.000435846 -1.29364e-05  0.000110658    0.05085  0.0821495 -0.0229219 -0.0841711 -0.0582468   -9.80847 
                83.2 -0.122012 0.0791879 0.0310736 0.00489285  0.0156143 0.00653104 0 0 0   -0.011 -0.02329  0.04412  0.00120471 -0.00687354 -0.00298287  0.000425199 -4.50209e-05  9.52839e-05  0.0511481   0.082178 -0.0228141 -0.0841952 -0.0582466   -9.80847 
                83.3 -0.110589 0.0765726  0.028822 0.00375667  0.0156779 0.00593197 0 0 0   -0.011 -0.02329  0.04412 -0.00387346 6.88122e-05  0.00242069   0.00040711 -1.76309e-05  8.57255e-05   0.051287   0.082105 -0.0227442 -0.0842056 -0.0582393   -9.80847 
              83.401 -0.134541 0.0885163 0.0255885 0.00673061  0.0170203 0.00798952 0 0 0   -0.011 -0.02329  0.04412 -0.000997666   0.00738469    0.0121295  0.000426181 -1.96325e-05  8.48791e-05  0.0508829  0.0819805 -0.0229511  -0.084173 -0.0582331   -9.80847 
              83.501  -0.11314 0.0549693 0.0212225 0.00460282  0.0210267 0.00796591 0 0 0   -0.011 -0.02329  0.04412 -0.00620209    0.021936   0.0118363 0.000401344 9.94043e-06 8.98451e-05  0.0511185  0.0816544 -0.0227767 -0.0841893 -0.0582039   -9.80847 
                83.6 -0.114283 0.0830369 0.0190665 0.00201457  0.0202812 0.00806522 0 0 0   -0.011 -0.02329  0.04412 -0.0190555  0.0120603 0.00494419  0.000408404 -1.28728e-05  6.37393e-05  0.0512949  0.0819949 -0.0226577 -0.0842055 -0.0582296   -9.80847 
              83.699 -0.124408 0.0787039 0.0260637 0.00619461  0.0185455 0.00776807 0 0 0   -0.011 -0.02329  0.04412  0.0118183 0.00259271 0.00414277    0.0004218 -2.49115e-05  7.99349e-05  0.0506904  0.0823229 -0.0225526 -0.0841588 -0.0582607   -9.80847 
              83.799 -0.123483 0.0701675 0.0249901 0.00804338  0.0192028 0.00511062 0 0 0   -0.011 -0.02329  0.04412   0.0147467   0.0178259 -0.00459156 0.000413823 -3.7008e-05 8.40182e-05  0.0506158  0.0823657 -0.0221891 -0.0841508 -0.0582621   -9.80847 
              83.901 -0.109608 0.0872588 0.0287051 0.00524338  0.0190835 0.00604125 0 0 0   -0.011 -0.02329  0.04412 -0.00786358   0.0134067  0.00599848  0.000381021 -5.08761e-05  6.71637e-05  0.0510571  0.0826086 -0.0223512  -0.084189 -0.0582795   -9.80847 
                  84  -0.11718 0.0800733 0.0287416 -0.000754992    0.0171571   0.00782818 0 0 0   -0.011 -0.02329  0.04412 -0.0247969 0.00708398 0.00910258  0.000407419 -4.36811e-05  4.34715e-05  0.0516166  0.0829895 -0.0224984 -0.0842375 -0.0583068   -9.80846 
              84.101 -0.123776 0.0683246 0.0242029  0.0037613  0.0149039 0.00689995 0 0 0   -0.011 -0.02329  0.04412 0.00896484 0.00567334 0.00796063  0.000394227 -3.33935e-05  2.05909e-05  0.0509345  0.0833679 -0.0222584 -0.0841849 -0.0583409   -9.80847 
              84.199 -0.134121 0.0810463 0.0149228  0.0061927  0.0205815 0.00768107 0 0 0   -0.011 -0.02329  0.04412  0.0210544  0.0363994 0.00912477 0.000407323  -2.678e-05  1.4354e-05  0.0507997  0.0828665 -0.0222595 -0.0841693 -0.0583023   -9.80847 
              84.301 -0.104457 0.0678074 0.0318699 0.00819503   0.020365 0.00588271 0 0 0   -0.011 -0.02329  0.04412  0.0181091 0.00933377 0.00390007  0.000389896 -2.12654e-05  2.29025e-05  0.0508162  0.0832224 -0.0219069 -0.0841719 -0.0583282   -9.80847 
              84.401 -0.103099  0.134768 0.0396925 0.000440135   0.0186296  0.00643845 0 0 0   -0.011 -0.02329  0.04412  -0.0106468 0.000248057  0.00570624  0.000403972 -5.07016e-05  3.40675e-05  0.0519051  0.0834885 -0.0219064 -0.0842602 -0.0583406   -9.80846 
              84.501 -0.136728 0.0835924 0.0239054 0.00221748  0.0175366 0.00746032 0 0 0   -0.011 -0.02329  0.04412 0.00826581 0.00125455  0.0153384  0.000435081 -1.47949e-05  2.96262e-05  0.0516077  0.0836601 -0.0219223 -0.0842375 -0.0583555   -9.80846 
              84.601 -0.110115 0.0753476 0.0196167 0.00656837  0.0204529 0.00838845 0 0 0   -0.011 -0.02329  0.04412 0.0279417 0.0111113 0.0198811  0.000446811 -4.34648e-06  5.24545e-05  0.0512345  0.0833533 -0.0218283 -0.0842069 -0.0583316   -9.80847 
              84.701 -0.127764 0.0712192 0.0241738 0.00704083  0.0215254 0.00832617 0 0 0   -0.011 -0.02329  0.04412 0.0166877 0.0169905 0.0196742 0.000470233 1.50866e-06 6.08176e-05  0.0514654  0.0833799 -0.0215487 -0.0842242 -0.0583296   -9.80846 
              84.799 -0.111494 0.0678319 0.0229601 0.00656464  0.0206933 0.00793031 0 0 0   -0.011 -0.02329  0.04412 0.00770816  0.0146752  0.0152731  0.000442651 -1.03823e-05  0.000105692  0.051685 0.0836733 -0.021255 -0.0842414 -0.0583484   -9.80846 
              84.903 -0.119002  0.106338 0.0228874 0.0036218 0.0221261 0.0072158 0 0 0   -0.011 -0.02329  0.04412 -0.00447498    0.015507  0.00919449  0.000472051 -5.51762e-05  7.23804e-05  0.0520619  0.0836821 -0.0209609 -0.0842684 -0.0583446   -9.80846 
              85.002 -0.102359 0.0797804 0.0266195 0.00471499  0.0229449 0.00743258 0 0 0   -0.011 -0.02329  0.04412  0.0040409  0.0196766 0.00176178  0.00047757 -4.5641e-05 0.000100428  0.0519152  0.0837856 -0.0209143 -0.0842574 -0.0583534   -9.80846 
              85.101 -0.114445 0.0798898 0.0233739 0.00455719   0.021869 0.00712283 0 0 0   -0.011 -0.02329  0.04412 -0.00621875  0.00707177  0.00650876  0.000484009 -6.75565e-05  0.000121203  0.0519255  0.0841143 -0.0208247 -0.0842597  -0.058378   -9.80846 
              85.201 -0.101259 0.0712488 0.0223663 0.00542691  0.0223466 0.00854604 0 0 0   -0.011 -0.02329  0.04412 0.000993358 0.000292037   0.0140064   0.00044232 -6.15538e-05  0.000142168 0.0517416 0.0841014 -0.020887 -0.0842459 -0.0583784   -9.80846 
                85.3 -0.128176 0.0717789  0.026053 0.00595343   0.016068 0.00592438 0 0 0   -0.011 -0.02329  0.04412  0.00745116  -0.0298792 0.000586719  0.000454644 -3.61746e-05  0.000130534  0.0516975  0.0847293 -0.0204166 -0.0842415 -0.0584231   -9.80846 
                85.4 -0.146136 0.0737819 0.0246203 0.00928681  0.0150578 0.00630024 0 0 0   -0.011 -0.02329  0.04412  0.0192392 -0.0202589 0.00330711   0.00048658 -4.72355e-05  9.76631e-05   0.051411  0.0845251 -0.0204706 -0.0842186 -0.0584097   -9.80846 
              85.501 -0.137367 0.0643276 0.0174798 0.00374714  0.0162483 0.00634606 0 0 0   -0.011 -0.02329  0.04412  -0.0003743 -0.00458296 -0.00777178  0.000486807 -2.80634e-05  7.66724e-05  0.0522635  0.0841972 -0.0204744 -0.0842807 -0.0583768   -9.80846 
              85.601 -0.107572 0.0655632  0.028498 0.00456272  0.0222905 0.00453929 0 0 0   -0.011 -0.02329  0.04412 -0.000311736    0.0295606   -0.0252911  0.000486031 -2.99179e-05  3.72976e-05   0.052178  0.0835519 -0.0204301 -0.0842671 -0.0583284   -9.80846 
                85.7 -0.133995  0.084079 0.0168596 0.00428386  0.0195843 0.00524682 0 0 0   -0.011 -0.02329  0.04412 -0.00566604   0.0121401  -0.0105992  0.000518865 -5.49263e-05   3.1269e-05  0.0521219  0.0842124 -0.0208135 -0.0842733 -0.0583816   -9.80846 
              85.801 -0.114283   0.06564 0.0262502 0.00327803  0.0210468 0.00401357 0 0 0   -0.011 -0.02329  0.04412 -0.0140954  0.0271332 -0.0155531  0.000495422 -6.79154e-05  1.94311e-05  0.0521216  0.0842498 -0.0208186 -0.0842738 -0.0583845   -9.80846 
              85.899 -0.108098 0.0838857 0.0180449 0.00355922  0.0206963 0.00502999 0 0 0   -0.011 -0.02329  0.04412 -0.00529397   0.0238818  -0.0108903  0.000499035 -6.27893e-05  3.54777e-05 0.0519452 0.0845923 -0.021171 -0.0842658 -0.0584144   -9.80846 
              86.001 -0.117498 0.0711355 0.0274977 0.00485477  0.0215745 0.00626652 0 0 0   -0.011 -0.02329  0.04412   0.0082659   0.0240021 6.40453e-05  0.000499518 -4.82474e-05  3.09035e-05  0.0517468   0.084772 -0.0214388 -0.0842536 -0.0584313   -9.80846 
              86.101 -0.115389 0.0840816 0.0297933 0.00248399  0.0190046 0.00663099 0 0 0   -0.011 -0.02329  0.04412 -0.00574914  0.00530371  -0.0023011  0.000498135 -5.11819e-05  1.78912e-05  0.0520978  0.0852921 -0.0215077 -0.0842834 -0.0584686   -9.80846 
              86.201 -0.125897  0.101267 0.0236429 0.00297103  0.0192585 0.00595727 0 0 0   -0.011 -0.02329  0.04412 -0.00575799  0.00678842 -0.00413913   0.00048749 -4.06759e-05  1.68815e-05  0.0519541  0.0853425 -0.0214665 -0.0842728 -0.0584731   -9.80846 
              86.302 -0.125108 0.0688593 0.0338008 0.00653002  0.0195494  0.0047879 0 0 0   -0.011 -0.02329  0.04412 0.00392333 0.00122804 -0.0103525  0.000474673 -2.93472e-05  9.51412e-06  0.0514922  0.0853384 -0.0213732  -0.084238 -0.0584755   -9.80846 
              86.401 -0.127344 0.0706115 0.0226646 0.00523793  0.0155543 0.00593332 0 0 0   -0.011 -0.02329  0.04412  0.00268272   -0.012735 -0.00061376   0.00046206 -2.22061e-05 -2.29026e-05  0.0516846  0.0857941 -0.0216075 -0.0842566 -0.0585086   -9.80846 
              86.499  -0.13214 0.0695661 0.0296695 0.00167683  0.0162001  0.0059917 0 0 0   -0.011 -0.02329  0.04412  -0.0200841  0.00827936 -0.00965836  0.000497796 -4.00151e-06 -4.69358e-05  0.0520824  0.0856405 -0.0216723 -0.0842848 -0.0584938   -9.80846 
              86.601  -0.13301 0.0888483 0.0235486 -0.000169953    0.0181974   0.00632999 0 0 0   -0.011 -0.02329  0.04412  -0.0227876   0.0188667 -0.00430854  0.000496853  1.47067e-05 -7.26463e-05  0.0520169  0.0855444 -0.0218399 -0.0842798 -0.0584882   -9.80846 
              86.701 -0.115092  0.082426 0.0300742 0.00527492  0.0206929 0.00754272 0 0 0   -0.011 -0.02329  0.04412 0.00772203  0.0198598  0.0129977  0.000500825    1.202e-05 -9.09216e-05   0.051171  0.0854706 -0.0219799 -0.0842176 -0.0584917   -9.80846 
              86.802 -0.114675 0.0729161 0.0282896  0.003589 0.0215949  0.006386 0 0 0   -0.011 -0.02329  0.04412 -0.00432289   0.0174986   0.0122395   0.00048467 -7.25092e-06 -0.000100007  0.0514482   0.085577 -0.0216375 -0.0842372  -0.058495   -9.80846 
              86.899 -0.117614  0.096012  0.027623 0.00297901  0.0207517 0.00728865 0 0 0   -0.011 -0.02329  0.04412 -0.000164293    0.0156111   0.00329537  0.000515807 -1.84383e-05 -0.000103111  0.0515167  0.0859062 -0.0216251 -0.0842448 -0.0585183   -9.80846 
                  87 -0.127536 0.0866928 0.0190041 0.00514951  0.0192087 0.00705682 0 0 0   -0.011 -0.02329  0.04412  0.0122972   0.013773 0.00157847  0.000503814  2.84674e-05 -0.000112696   0.051288  0.0863084 -0.0215558 -0.0842307 -0.0585488   -9.80846 
              87.101 -0.141591 0.0847552 0.0266702 0.00514318  0.0166996  0.0076155 0 0 0   -0.011 -0.02329  0.04412   0.0113432  0.00518908 0.000550549  0.00054495 4.56501e-05 -0.00012125  0.0514477  0.0867563 -0.0215827 -0.0842458 -0.0585802   -9.80846 
              87.201 -0.114878 0.0774237 0.0291374 0.00613897  0.0183918 0.00650089 0 0 0   -0.011 -0.02329  0.04412    0.0123749    0.0164683 -0.000159447  0.000533535  9.91529e-06 -0.000119251   0.051478  0.0866468 -0.0214596 -0.0842469 -0.0585712   -9.80846 
              87.301 -0.124112  0.079866 0.0301602 0.00227615   0.019287 0.00535369 0 0 0   -0.011 -0.02329  0.04412 -0.00532607   0.0220283 -0.00744251  0.000519944 -1.63079e-05 -0.000116395  0.0520168   0.086787 -0.0213482 -0.0842861 -0.0585771   -9.80846 
              87.401 -0.128672 0.0624662 0.0162448 0.00416279  0.0186189 0.00719619 0 0 0   -0.011 -0.02329  0.04412 0.00469039  0.0100348  0.0146542   0.00052163  1.98013e-05 -0.000106133  0.0517578  0.0871016 -0.0216263 -0.0842711 -0.0586025   -9.80846 
                87.5 -0.119894 0.0792403 0.0252399 0.00344627  0.0201261 0.00751007 0 0 0   -0.011 -0.02329  0.04412 0.000757964   0.0258188  0.00683667  0.000500096   3.1242e-05 -0.000118381   0.051895  0.0871223 -0.0214935 -0.0842803 -0.0586026   -9.80846 
                87.6 -0.0965478  0.0719549  0.0322701 0.00476206  0.0210323 0.00741848 0 0 0   -0.011 -0.02329  0.04412    0.0112476    0.0226723 -0.000709347  0.000445822  8.91846e-06 -0.000123673  0.0517925  0.0873201 -0.0214132 -0.0842738  -0.058617   -9.80846 
              87.699 -0.144787 0.0895043 0.0100245 0.00448589  0.0205494 0.00534155 0 0 0   -0.011 -0.02329  0.04412  0.0149411  0.0157757 -0.0129353   0.00046091  2.18591e-05 -0.000127237  0.051988 0.0876679 -0.021202 -0.0842891 -0.0586393   -9.80846 
              87.799 -0.115057  0.129197 0.0516048 0.00306999  0.0186607 0.00363511 0 0 0   -0.011 -0.02329  0.04412 0.00851912 0.00538543 -0.0103788  0.000468626  8.28254e-06 -0.000169762  0.0523162  0.0880572 -0.0211301 -0.0843151 -0.0586639   -9.80846 
                87.9 -0.110769 0.0894998 0.0312965 0.00265616  0.0192301 0.00571754 0 0 0   -0.011 -0.02329  0.04412 -0.000640192    0.0123605   0.00827206  0.000457056  6.33842e-05 -0.000168119 0.0524276 0.0880592 -0.021477 -0.0843238 -0.0586651   -9.80846 
                  88 -0.135607 0.0769607 0.0261848 0.00265152  0.0213405 0.00690056 0 0 0   -0.011 -0.02329  0.04412 -0.00760186   0.0226347    0.016262  0.000443479  7.72285e-05 -0.000175405  0.0523805    0.08803 -0.0215059 -0.0843202 -0.0586636   -9.80846 
                88.1 -0.121844 0.0776625 0.0272109 0.00330036  0.0209258 0.00856289 0 0 0   -0.011 -0.02329  0.04412 0.00195762 0.00857404  0.0232743  0.000428211  0.000133161 -0.000195706  0.0522255  0.0882836 -0.0214767 -0.0843111 -0.0586823   -9.80846 
                88.2  -0.11389 0.0913656 0.0326447 0.00594343  0.0211908 0.00779087 0 0 0   -0.011 -0.02329  0.04412  0.0195185  0.0070285 0.00462363  0.00044377 0.000137693 -0.00017213  0.0519859  0.0883445 -0.0211394 -0.0842947 -0.0586866   -9.80846 
                88.3 -0.110963 0.0842018 0.0348115 0.00502233  0.0187898  0.0048293 0 0 0   -0.011 -0.02329  0.04412 0.00554455 0.00261002 -0.0155377   0.00046746  0.000136515 -0.000183104  0.0522816  0.0887206 -0.0207468 -0.0843163 -0.0587091   -9.80846 
              88.402 -0.126179  0.068998 0.0220565 0.00739386  0.0173859 0.00590692 0 0 0   -0.011 -0.02329  0.04412  0.00759318 5.22371e-05 -0.00676988  0.000457198  0.000156819 -0.000177244 0.0520331 0.0888919  -0.02108 -0.0843015 -0.0587253   -9.80846 
                88.5  -0.118551  0.0638089 0.00940702 0.00626309  0.0198122 0.00691863 0 0 0   -0.011 -0.02329  0.04412 -0.00146105  0.00689719  0.00871919 0.000487981 0.000132597 -0.00014128  0.0522425  0.0886125 -0.0212496 -0.0843155 -0.0587062   -9.80846 
              88.599 -0.118389  0.076858 0.0277145 0.00178613    0.02047 0.00682438 0 0 0   -0.011 -0.02329  0.04412 -0.0220412  0.0118876 0.00620334  0.000507551  0.000130047 -0.000173899  0.0526685  0.0886625 -0.0211544 -0.0843444 -0.0587063   -9.80846 
                88.7 -0.114656 0.0937401 0.0286063 0.00533375  0.0191353 0.00822743 0 0 0   -0.011 -0.02329  0.04412 0.00809401 0.00576717 0.00874377 0.000489865 0.000110379 -0.00016947  0.0520828  0.0889811 -0.0212515 -0.0843074 -0.0587337   -9.80846 
                88.8 -0.130727 0.0593558 0.0075458  0.0056553   0.016261 0.00565143 0 0 0   -0.011 -0.02329  0.04412  0.00931788 -0.00520135 -0.00587174  0.000503741  0.000132932 -0.000139046  0.0521505  0.0893437 -0.0208237 -0.0843115 -0.0587549   -9.80846 
              88.901 -0.125775 0.0568785   0.02514 0.00852159  0.0206842 0.00567473 0 0 0   -0.011 -0.02329  0.04412   0.0172886   0.0144276 -0.00199191  0.000457515  0.000102246 -0.000142711  0.0519534  0.0888076 -0.0209164 -0.0842951   -0.05872   -9.80846 
              88.999 -0.121138 0.0626472 0.0154038 0.00493651  0.0178216 0.00590078 0 0 0   -0.011 -0.02329  0.04412 -0.000537054   0.00987697  -0.00364372  0.000459421  0.000117564 -0.000167683  0.0525043  0.0893193 -0.0210216  -0.084337 -0.0587513   -9.80846 
              89.101 -0.114583 0.0689503 0.0352188 0.00452521  0.0201517 0.00645044 0 0 0   -0.011 -0.02329  0.04412 -0.00274019   0.0208516  0.00847844  0.000459569  0.000145582 -0.000152951  0.0525315  0.0892098 -0.0210803 -0.0843385 -0.0587439   -9.80846 
                89.2    -0.105 0.0951503 0.0220862 0.00233928  0.0218963 0.00789502 0 0 0   -0.011 -0.02329  0.04412 -0.00627874   0.0206052   0.0144357  0.000474051  0.000148991 -0.000122662  0.0527645  0.0892657 -0.0211101 -0.0843548 -0.0587464   -9.80846 
              89.301 -0.121782 0.0639646 0.0275747 0.00561378  0.0186075 0.00608611 0 0 0   -0.011 -0.02329  0.04412  0.0110936  0.0021654 0.00877031  0.000476938  0.000135416 -9.01968e-05 0.0523858 0.0898526 -0.020686 -0.0843298 -0.0587844   -9.80846 
              89.401 -0.122421 0.0713919  0.028229 0.00865993  0.0156308 0.00722692 0 0 0   -0.011 -0.02329  0.04412   0.0179941 -0.00550812   0.0051559  0.000477595  0.000142312 -8.56155e-05  0.0521631  0.0902446 -0.0207565 -0.0843166 -0.0588122   -9.80846 
              89.501 -0.130191 0.0875438 0.0254879 0.00120957   0.018565 0.00662394 0 0 0   -0.011 -0.02329  0.04412 -0.0119744   0.010174 0.00884523  0.000436737   0.00015261 -9.93847e-05  0.0532126  0.0898853 -0.0205771 -0.0843843  -0.058782   -9.80846 
              89.601 -0.138526 0.0788927  0.030113 0.00210264   0.019175 0.00691652 0 0 0   -0.011 -0.02329  0.04412 -0.00341473   0.0214189  0.00515399  0.000441658  0.000149422 -0.000107997 0.0529941 0.0900164 -0.020507 -0.0843701 -0.0587916   -9.80846 
              89.701 -0.144568 0.0940737 0.0266148 0.00456372  0.0172843 0.00791935 0 0 0   -0.011 -0.02329  0.04412 0.00476619 0.00701227  0.0109194  0.000429092  0.000148919 -7.57795e-05 0.0526552 0.0904608 -0.020544 -0.0843503 -0.0588234   -9.80846 
                89.8 -0.132452 0.0558775 0.0226459 0.00547875  0.0191065  0.0059448 0 0 0   -0.011 -0.02329  0.04412  0.00576317     0.00694 -0.00358693  0.000403042  0.000130036 -5.09142e-05  0.0526095  0.0903164 -0.0202073 -0.0843449 -0.0588132   -9.80846 
              89.901 -0.126481 0.0927112 0.0226293 0.00644189  0.0199396 0.00677017 0 0 0   -0.011 -0.02329  0.04412  0.00191983   0.0110566 -0.00225052  0.000402185  8.69211e-05 -6.04195e-05  0.0525353  0.0903075 -0.0203657  -0.084341 -0.0588132   -9.80846 
                  90 -0.109414 0.0721261 0.0327587 0.00158694  0.0196902 0.00678549 0 0 0   -0.011 -0.02329  0.04412   -0.0188258 -0.000981737   0.00038899  0.000368367  0.000105388 -5.20596e-05  0.0530969  0.0904252 -0.0204262 -0.0843791 -0.0588184   -9.80846 
                90.1 -0.128243 0.0793728 0.0277549  0.0033221  0.0166905 0.00728302 0 0 0   -0.011 -0.02329  0.04412 -0.0113866 -0.0146491 -0.0013029  0.000349713  0.000107933 -6.17879e-05  0.0526696  0.0907238 -0.0204976  -0.084353 -0.0588405   -9.80846 
              90.199 -0.129402  0.076624 0.0307611 0.00198236  0.0162653 0.00531008 0 0 0   -0.011 -0.02329  0.04412  -0.0101983 -0.00124133  -0.0166347  0.000349423  9.67312e-05 -9.62622e-05 0.0527145 0.0906563 -0.020341 -0.0843546 -0.0588351   -9.80846 
              90.299 -0.124012 0.0733239   0.02616 0.00536746  0.0209372 0.00384071 0 0 0   -0.011 -0.02329  0.04412 0.00842436  0.0270758 -0.0103148  0.000345572  0.000110508 -7.68046e-05   0.052251  0.0902196 -0.0203631 -0.0843212 -0.0588102   -9.80846 
              90.401 -0.124454 0.0692578 0.0248403 0.00791137  0.0208092 0.00572631 0 0 0   -0.011 -0.02329  0.04412    0.0196058    0.0229798 -0.000614017  0.000358569  0.000109593 -0.000110614   0.052065    0.09058 -0.0207345 -0.0843134 -0.0588367   -9.80846 
              90.499 -0.118134 0.0673662 0.0143376 0.00691417  0.0173036 0.00618502 0 0 0   -0.011 -0.02329  0.04412  0.0123391 0.00306365 0.00723592  0.000336637  0.000133785 -8.33968e-05  0.0523811   0.091226 -0.0207749 -0.0843391 -0.0588763   -9.80846 
              90.601 -0.131471 0.0914961 0.0277952 0.00709897  0.0158814  0.0075999 0 0 0   -0.011 -0.02329  0.04412   0.0150362 -0.00541837   0.0196124  0.000307181  0.000131116 -0.000106189  0.0525365  0.0913863 -0.0207964 -0.0843503 -0.0588857   -9.80846 
              90.701 -0.11853 0.090264 0.028735 0.00442917  0.0191327 0.00964879 0 0 0   -0.011 -0.02329  0.04412 -0.00166332   0.0137113   0.0194325  0.000297606  0.000100738 -0.000149936   0.052955  0.0910216 -0.0208082 -0.0843746 -0.0588591   -9.80846 
              90.799 -0.116415 0.0671755 0.0213383 0.00466694  0.0198779 0.00546807 0 0 0   -0.011 -0.02329  0.04412   0.00302133    0.0139465 -0.000111517  0.000293151  0.000101476 -0.000183673  0.0529447  0.0910687 -0.0200944 -0.0843702 -0.0588593   -9.80846 
              90.901 -0.0995754  0.0681444  0.0280075 0.0053553 0.0219257  0.006587 0 0 0   -0.011 -0.02329  0.04412 -0.000633386    0.0214507   0.00549419    0.0003008  9.63289e-05 -0.000190435  0.0529136   0.091046 -0.0202436  -0.084369 -0.0588589   -9.80846 
              90.999  -0.146852  0.0799587 0.00713085 0.000783933   0.0188176  0.00589111 0 0 0   -0.011 -0.02329  0.04412  -0.0220497 0.000206474  0.00453164  0.000306778  5.82025e-05 -0.000200131 0.0534007 0.0915846 -0.020092 -0.0844036 -0.0588881   -9.80846 
              91.101 -0.112098   0.13658 0.0459188 -0.00286897   0.0171031  0.00696609 0 0 0   -0.011 -0.02329  0.04412 -0.0258402 0.00353592 0.00683603  0.000272196  2.77867e-05 -0.000194608 0.0535653 0.0918432 -0.020153 -0.0844169 -0.0589035   -9.80846 
              91.199 -0.162553  0.128129 0.0373764  0.0013746  0.0160736 0.00686398 0 0 0   -0.011 -0.02329  0.04412 -0.00257825 -0.00233997  0.00500626  0.000319007   2.9027e-05 -0.000201118  0.0527594  0.0919767 -0.0200779 -0.0843662 -0.0589167   -9.80846 
                91.3 -0.106553 0.0704895 0.0195292 0.00688854  0.0206881 0.00557912 0 0 0   -0.011 -0.02329  0.04412  0.0206787  0.0127618 0.00262549  0.000260182  4.46104e-05 -0.000224644  0.0520661  0.0914413 -0.0198644 -0.0843197 -0.0588845   -9.80846 
              91.401 -0.117886 0.0476711 0.0270442   0.010105  0.0194966 0.00582651 0 0 0   -0.011 -0.02329  0.04412   0.0196942   0.0117184 -0.00218652  0.000247911  6.01418e-05 -0.000217369  0.0519306  0.0917393 -0.0199181 -0.0843128 -0.0589043   -9.80846 
              91.501 -0.132898 0.0558179 0.0209048 0.00506055  0.0182295 0.00670291 0 0 0   -0.011 -0.02329  0.04412  -0.0107441  0.00174269 0.000336133  0.000248209  5.29997e-05 -0.000227783  0.0527115   0.092023 -0.0200475 -0.0843637 -0.0589183   -9.80846 
              91.601 -0.0868892  0.0627478  0.0221254  0.0065758  0.0198551 0.00794658 0 0 0   -0.011 -0.02329  0.04412 -0.00058207  0.00677785  0.00642574   0.00019607   2.8921e-05 -0.000235643  0.0524123  0.0918318 -0.0201976 -0.0843447 -0.0589092   -9.80846 
              91.701  -0.10823 0.0497518 0.0297004 0.00646513  0.0205167 0.00628836 0 0 0   -0.011 -0.02329  0.04412 0.00353501 0.00570776 -0.0102679  0.000205003   3.1492e-05 -0.000252443  0.0524152  0.0918346 -0.0199453 -0.0843425 -0.0589079   -9.80846 
              91.799 -0.115072 0.0675046 0.0186905 0.00884127  0.0212863 0.00401991 0 0 0   -0.011 -0.02329  0.04412 0.00531881 0.00812624 -0.0144341  0.000192792   3.7421e-05 -0.000257124  0.0521723  0.0918042 -0.0198158 -0.0843259 -0.0589069   -9.80846 
              91.901 -0.0988903  0.0750448  0.0230019 0.00834547  0.0213548 0.00597301 0 0 0   -0.011 -0.02329  0.04412  0.00350189   0.0110888 3.43007e-05    0.0001867 -8.21847e-07 -0.000251771  0.0522948  0.0918963 -0.0202551 -0.0843377 -0.0589149   -9.80846 
                  92  -0.10643 0.0619291 0.0295083 0.00641351   0.017672 0.00683016 0 0 0   -0.011 -0.02329  0.04412 -0.00898838 2.54487e-05  0.00965065  0.000204014  2.23541e-05 -0.000259733  0.0525372  0.0924381 -0.0203405 -0.0843574 -0.0589474   -9.80846 
                92.1 -0.131934 0.0433775  0.016276 0.00494411  0.0153731 0.00856963 0 0 0   -0.011 -0.02329  0.04412 -0.0120708 0.00193237  0.0202086 0.000201971 4.38319e-05 -0.00026309  0.0525937  0.0927232 -0.0204006 -0.0843632 -0.0589652   -9.80846 
              92.201 -0.126137 0.0799304 0.0141714 0.000667325   0.0207099  0.00912259 0 0 0   -0.011 -0.02329  0.04412 -0.023627 0.0199567 0.0197706  0.000235378  3.13411e-05 -0.000226605  0.0529105  0.0921749 -0.0201894 -0.0843776 -0.0589275   -9.80846 
              92.301 -0.111611 0.0578188 0.0419969 0.00528458  0.0212692 0.00599195 0 0 0   -0.011 -0.02329  0.04412  0.00341884   0.0134504 -0.00518714  0.00022829 6.15305e-05 -0.00026762  0.0521652  0.0923026 -0.0196166 -0.0843281 -0.0589344   -9.80846 
              92.401  -0.12802 0.0794756 0.0178384 0.00777807  0.0172614 0.00587858 0 0 0   -0.011 -0.02329  0.04412   0.00748648 -0.000776491  -0.00849642  0.000250006  2.04986e-05 -0.000251991   0.051917  0.0929105 -0.0196676 -0.0843171 -0.0589735   -9.80846 
              92.501 -0.114688  0.108985 0.0146929 -0.00179145   0.0216357  0.00467914 0 0 0   -0.011 -0.02329  0.04412 -0.0375795  0.0303333 -0.0102028  0.000227674   8.6901e-06 -0.000297846  0.0530756  0.0925023 -0.0196475 -0.0843847 -0.0589404   -9.80846 
              92.599 -0.129407 0.0699546 0.0203218 0.00127881  0.0202493 0.00483515 0 0 0   -0.011 -0.02329  0.04412  -0.0126765   0.0142032 -0.00586752  0.000233968  4.39029e-05 -0.000297474 0.0522584 0.0929977 -0.019781 -0.0843401 -0.0589783   -9.80846 
              92.699 -0.125769 0.0846534 0.0306445 0.00803283  0.0214648 0.00694297 0 0 0   -0.011 -0.02329  0.04412  0.0174183  0.0135041 0.00393002  0.000229481   3.6159e-05 -0.000283793  0.0513464  0.0930377 -0.0200771  -0.084286 -0.0589893   -9.80846 
              92.801 -0.128149 0.0835295 0.0238748 0.00572608  0.0179993 0.00571753 0 0 0   -0.011 -0.02329  0.04412  0.00721973 -0.00313948   0.0052184  0.000171267  6.11597e-05 -0.000284227  0.0518162  0.0935426 -0.0198393 -0.0843164 -0.0590162   -9.80846 
              92.899 -0.122751 0.0879717 0.0270343 0.00297756  0.0176501 0.00735767 0 0 0   -0.011 -0.02329  0.04412  -0.0094835 -0.00209613   0.0055955 0.000150577 7.53189e-05 -0.00031823  0.0521833  0.0935623 -0.0199959 -0.0843389 -0.0590158   -9.80846 
              92.999 -0.134004 0.0645975 0.0232071 0.00111353  0.0183182 0.00733215 0 0 0   -0.011 -0.02329  0.04412 -0.00777615  0.00633778  0.00663445  0.000161166  5.84487e-05 -0.000321719  0.0523036  0.0935186 -0.0199061 -0.0843457 -0.0590122   -9.80846 
              93.101 -0.138839 0.0646868 0.0284378 0.00597085  0.0163298 0.00802678 0 0 0   -0.011 -0.02329  0.04412  0.0133438  0.0086749 0.00813037  0.000186134   5.1494e-05 -0.000347796   0.051697  0.0938618 -0.0198769 -0.0843116 -0.0590365   -9.80846 
              93.199  -0.12348 0.0795938 0.0321129 0.00565536  0.0168264 0.00676845 0 0 0   -0.011 -0.02329  0.04412  0.00524521   0.0149283 0.000236156  0.000195434  7.46463e-05 -0.000368723  0.0518785  0.0939298 -0.0196596 -0.0843216 -0.0590381   -9.80846 
              93.299 -0.112216  0.073081 0.0307634 0.00505841  0.0173917 0.00638844 0 0 0   -0.011 -0.02329  0.04412 -0.00129235  0.00915918  0.00242444  0.000223824  8.82202e-05 -0.000337966  0.0520332  0.0940167 -0.0195578 -0.0843308 -0.0590415   -9.80846 
              93.403 -0.130386 0.0854598 0.0259103 0.00720368   0.017615 0.00749164 0 0 0   -0.011 -0.02329  0.04412    0.0105937   0.00373939 -0.000311427  0.000220029  7.09826e-05 -0.000329627  0.0517848  0.0940726 -0.0197005  -0.084317 -0.0590473   -9.80846 
                93.5 -0.113881 0.0546873 0.0212659  0.0054655  0.0205682 0.00665676 0 0 0   -0.011 -0.02329  0.04412 0.00187408  0.0123116 0.00159789  0.000219854  0.000101196 -0.000343511  0.0520865  0.0937966 -0.0195914 -0.0843331 -0.0590289   -9.80846 
              93.601 -0.114374 0.0828286 0.0189856  0.0031783  0.0197882 0.00742243 0 0 0   -0.011 -0.02329  0.04412 -0.000770569    0.0104049   0.00365846  0.000220337  7.17367e-05 -0.000341437  0.0523705  0.0940808 -0.0196527 -0.0843513 -0.0590447   -9.80846 
                93.7 -0.125081 0.0780583 0.0261152 0.00741038  0.0186156 0.00742068 0 0 0   -0.011 -0.02329  0.04412    0.0099283    0.0100986 -0.000927241  0.000237004  5.90107e-05 -0.000318475 0.0519023 0.0943708  -0.01962 -0.0843248 -0.0590631   -9.80846 
                93.8 -0.122202 0.0692889 0.0247168 0.00708865  0.0195558 0.00483829 0 0 0   -0.011 -0.02329  0.04412    0.0011175    0.0141141 -0.000979691  0.000226098  7.56501e-05 -0.000306397 0.0519955 0.0943984 -0.019304 -0.0843283 -0.0590624   -9.80846 
                93.9 -0.109286 0.0940895 0.0296477 0.00368648  0.0194678 0.00664358 0 0 0   -0.011 -0.02329  0.04412 -0.0112895  0.0186386  0.0125508   0.00020144  8.33873e-05 -0.000287753  0.0524018  0.0946385 -0.0194871 -0.0843537 -0.0590758   -9.80846 
              93.999 -0.116145 0.0805276 0.0298736 -0.00121753   0.0174463  0.00875404 0 0 0   -0.011 -0.02329  0.04412 -0.0333733 0.00941439   0.019546  0.000224109  8.03581e-05 -0.000293783  0.0527838  0.0950924 -0.0195621 -0.0843779 -0.0591011   -9.80846 
              94.101 -0.113982 0.0671465 0.0211175 0.00113226  0.0162608 0.00750393 0 0 0   -0.011 -0.02329  0.04412  -0.0249477 -0.00247321  0.00679007  0.000220992  0.000110169 -0.000276083  0.0520611  0.0953125 -0.0191954 -0.0843359 -0.0591146   -9.80846 
              94.199 -0.132516 0.0855983 0.0143268 0.00281126  0.0194618 0.00761258 0 0 0   -0.011 -0.02329  0.04412 -0.00949801   0.0155449  0.00872051   0.00024597  5.42699e-05 -0.000293977 0.0515902 0.0949534 -0.019106 -0.0843065  -0.059096   -9.80846 
                94.3 -0.101407 0.0733786 0.0325432 0.00576835  0.0198662 0.00542825 0 0 0   -0.011 -0.02329  0.04412  0.00477111   0.0128027 -0.00622692  0.000258243  3.40843e-05 -0.000282593  0.0511921  0.0950711 -0.0187824 -0.0842832 -0.0591032   -9.80846 
              94.401 -0.109278  0.144184 0.0398296 -0.00108202   0.0184708  0.00517631 0 0 0   -0.011 -0.02329  0.04412   -0.017947 -0.00106779 0.000471319  0.000247981 -9.04519e-06 -0.000278999  0.0520198  0.0953466 -0.0188202 -0.0843326  -0.059114   -9.80846 
              94.501 -0.138269 0.0851236 0.0239108 0.00164549  0.0170463 0.00684043 0 0 0   -0.011 -0.02329  0.04412  0.00550706 -0.00789602   0.0110417  0.000272115 -6.64844e-06  -0.00029705  0.0515038  0.0954873 -0.0189869 -0.0843044 -0.0591255   -9.80846 
                94.6 -0.110897 0.0739619 0.0189354 0.00645188  0.0194998 0.00798799 0 0 0   -0.011 -0.02329  0.04412  0.0295408 0.00779865  0.0160324  0.000267103   2.2697e-06 -0.000337528  0.0510516  0.0951129 -0.0189707 -0.0842768 -0.0591065   -9.80846 
                94.7 -0.125771 0.0741939 0.0238518 0.00744231  0.0215442 0.00787075 0 0 0   -0.011 -0.02329  0.04412 0.0204466 0.0123932 0.0119558  0.000253792 -1.33573e-05 -0.000344772  0.0512869  0.0949722 -0.0187401 -0.0842887 -0.0590953   -9.80846 
              94.801  -0.11164 0.0685152 0.0235911 0.00709364  0.0206481 0.00730295 0 0 0   -0.011 -0.02329  0.04412  0.0150096  0.0070802 0.00979399  0.000301539  2.65544e-05 -0.000357873  0.0515592  0.0952522 -0.0185052 -0.0843059 -0.0591074   -9.80846 
              94.901 -0.118417  0.107427 0.0229993 0.00487644  0.0224307 0.00697501 0 0 0   -0.011 -0.02329  0.04412 0.00545239   0.015291    0.01092  0.000329733   7.0082e-06 -0.000333551   0.052011   0.095177 -0.0182997 -0.0843302  -0.059098   -9.80846 
              94.999 -0.101043 0.0800528 0.0262814 0.00505208  0.0231201 0.00799577 0 0 0   -0.011 -0.02329  0.04412 -9.58177e-05     0.012115    0.0161175  0.000318691  1.82421e-05 -0.000328823 0.0520514  0.095285 -0.018259  -0.084333 -0.0591035   -9.80846 
              95.101 -0.115786 0.0779513 0.0216431 0.00466684  0.0214382 0.00781069 0 0 0   -0.011 -0.02329  0.04412 0.00515304 0.00799203 0.00682557  0.000301983 -1.01881e-05 -0.000315249  0.0521092  0.0956498 -0.0180814 -0.0843376 -0.0591224   -9.80846 
              95.199 -0.100937 0.0732123 0.0253568 0.00633041  0.0230762 0.00839652 0 0 0   -0.011 -0.02329  0.04412 0.00765088  0.0179349  0.0116056  0.000263839  1.22636e-05 -0.000286471  0.0519462  0.0955922 -0.0180481 -0.0843281 -0.0591197   -9.80846 
              95.301 -0.128544 0.0677915 0.0257512 0.00721311  0.0187084 0.00580566 0 0 0   -0.011 -0.02329  0.04412   0.0104223 -0.00521652   0.0040612  0.000237215  3.80273e-05 -0.000268469  0.0519615  0.0962977 -0.0176073 -0.0843296 -0.0591564   -9.80846 
              95.401 -0.142987 0.0720443  0.026135 0.00944595  0.0174891 0.00660404 0 0 0   -0.011 -0.02329  0.04412    0.0172967  -0.00978508 -0.000901305  0.000259354  2.20625e-05 -0.000298391  0.0518245  0.0963618 -0.0176709 -0.0843225 -0.0591607   -9.80846 
                95.5 -0.128704 0.0669449 0.0195123 0.00288493  0.0178326 0.00708233 0 0 0   -0.011 -0.02329  0.04412 -0.00905726  -0.0019156  0.00477774  0.000245738  -1.0711e-05 -0.000310004  0.0527768  0.0962192 -0.0177362 -0.0843748 -0.0591479   -9.80846 
              95.601 -0.113579 0.0582912 0.0292596 0.00486504  0.0208111 0.00604309 0 0 0   -0.011 -0.02329  0.04412  0.00345901   0.0156223 -0.00354247  0.000248849  3.05322e-05 -0.000316038  0.0524551  0.0958786 -0.0175908 -0.0843535  -0.059131   -9.80846 
              95.701 -0.138205 0.0842603 0.0180423 0.00487825  0.0182999 0.00744483 0 0 0   -0.011 -0.02329  0.04412 -0.000673195    0.0101038   0.00534931  0.000243573  7.32109e-06 -0.000305041  0.0524884  0.0963457 -0.0177728 -0.0843599  -0.059157   -9.80846 
              95.801 -0.112588 0.0661994 0.0266713    0.00381  0.0210254 0.00524362 0 0 0   -0.011 -0.02329  0.04412 -0.00821537   0.0219852  -0.0019828  0.000255403   2.3579e-05 -0.000305088  0.0525799  0.0962075 -0.0174491  -0.084362 -0.0591476   -9.80846 
                95.9 -0.107568 0.0821822 0.0163532 0.00395472  0.0200877 0.00604399 0 0 0   -0.011 -0.02329  0.04412 -0.00398141  0.00567788  -0.0104953   0.00021974  6.70628e-05 -0.000275397  0.0524881  0.0965285 -0.0176164 -0.0843597 -0.0591664   -9.80846 
              95.999 -0.113076 0.0781168 0.0312473 0.00411796  0.0207001 0.00531243 0 0 0   -0.011 -0.02329  0.04412 -0.00655487  0.00907436  -0.0226851  0.000241825  5.80676e-05 -0.000296868  0.0524278   0.096532 -0.0177267 -0.0843566 -0.0591674   -9.80846 
              96.099 -0.116698 0.0844861 0.0293045 0.00208087  0.0177902 0.00448841 0 0 0   -0.011 -0.02329  0.04412  -0.0029651 -0.00232823  -0.0194606   0.00022587  5.25874e-05 -0.000288685  0.0526389   0.096954 -0.0179401 -0.0843707 -0.0591909   -9.80846 
              96.199 -0.127885  0.102332 0.0245903 0.00352536  0.0188507 0.00452259 0 0 0   -0.011 -0.02329  0.04412 0.00447008 0.00365117 -0.0145369  0.000241521  2.35915e-05 -0.000305607  0.0524688  0.0968137 -0.0181758 -0.0843617 -0.0591858   -9.80846 
              96.299  -0.12535 0.0692741 0.0350163 0.00735714  0.0194694 0.00388821 0 0 0   -0.011 -0.02329  0.04412 0.00943683  0.0053903 -0.0198844   0.00026499  3.76296e-05 -0.000323876  0.0520543  0.0967679 -0.0183129 -0.0843397 -0.0591865   -9.80846 
              96.401 -0.126876 0.0668527  0.024194 0.00581238  0.0164918 0.00495951 0 0 0   -0.011 -0.02329  0.04412 -0.00559433 -0.00169219   -0.011808   0.00026423  9.67177e-06 -0.000317287  0.0522977  0.0971877 -0.0186939 -0.0843568 -0.0592105   -9.80846 
              96.499 -0.131513 0.0691488 0.0294983 0.000864818   0.0168887   0.0048779 0 0 0   -0.011 -0.02329  0.04412 -0.0251234 0.00200762 -0.0190135  0.000275039 -2.57525e-05 -0.000305913  0.0527927  0.0971536 -0.0188859 -0.0843842 -0.0592069   -9.80846 
              96.602 -0.131158 0.0913576 0.0243742 -0.000490585    0.0172062   0.00587932 0 0 0   -0.011 -0.02329  0.04412 -0.0202993 0.00648082 -0.0107194  0.000250739 -3.81311e-05 -0.000297146  0.0526244  0.0971307 -0.0192208  -0.084378 -0.0592084   -9.80846 
              96.699 -0.115191 0.0856655 0.0292044 0.00567216  0.0199837 0.00644764 0 0 0   -0.011 -0.02329  0.04412   0.0228729   0.0194377 -0.00790688  0.000276071  -6.2008e-05 -0.000331302 0.0517835 0.0969202 -0.019431 -0.0843341 -0.0592023   -9.80846 
              96.801 -0.114178 0.0714724 0.0289521 0.00504705   0.021811 0.00390333 0 0 0   -0.011 -0.02329  0.04412  0.0153274  0.0176973 -0.0201414  0.000261799 -7.32251e-05 -0.000332591  0.0521372  0.0969126 -0.0192605 -0.0843514 -0.0591991   -9.80846 
              96.901 -0.120388 0.0924538 0.0275095 0.00432945  0.0201276 0.00453503 0 0 0   -0.011 -0.02329  0.04412 0.00694357  0.0079701 -0.0104725  0.000222179 -7.66965e-05 -0.000329211  0.0523695  0.0973325 -0.0195819 -0.0843684 -0.0592212   -9.80846 
              96.999 -0.127469  0.084897 0.0205437 0.00618816  0.0182937 0.00592033 0 0 0   -0.011 -0.02329  0.04412   0.0172833  0.00247949 -0.00205824  0.000276807 -5.17545e-05 -0.000359438  0.0522816  0.0976572 -0.0198836 -0.0843668 -0.0592396   -9.80846 
              97.099 -0.142277 0.0838199 0.0275042  0.0052312   0.015715 0.00730564 0 0 0   -0.011 -0.02329  0.04412    0.0123669  9.00508e-05 -0.000420854  0.000307726 -3.25388e-05 -0.000397378  0.0525774  0.0979837 -0.0200687 -0.0843849 -0.0592556   -9.80846 
              97.202 -0.116459 0.0794676  0.028695 0.00584807  0.0175448 0.00652428 0 0 0   -0.011 -0.02329  0.04412     0.00665 -0.00621698 -0.00262617  0.000310653 -1.97007e-05 -0.000422778  0.0526514  0.0977289 -0.0199942 -0.0843865 -0.0592412   -9.80846 
                97.3 -0.126748  0.081454 0.0305332 0.00152095  0.0173599 0.00516228 0 0 0   -0.011 -0.02329  0.04412   -0.010142  0.00134094 -0.00852055  0.000330939 -4.71701e-07 -0.000423722  0.0531964   0.097748 -0.0198784 -0.0844149 -0.0592369   -9.80846 
              97.399 -0.132779 0.0655562 0.0161907 0.00325905   0.016827 0.00687466 0 0 0   -0.011 -0.02329  0.04412 -0.000436047  -0.00599933  -0.00250203  0.000323711  7.73856e-06 -0.000441379   0.052899  0.0978069 -0.0201903 -0.0844004  -0.059244   -9.80846 
                97.5 -0.122357 0.0819626 0.0262933 0.00325004  0.0177018 0.00547959 0 0 0   -0.011 -0.02329  0.04412  0.00196896 -0.00205943  -0.0156719  0.000320419 -2.35493e-05 -0.000417536  0.0529308  0.0976035 -0.0201197 -0.0844006 -0.0592329   -9.80846 
              97.599 -0.0957559  0.0740042  0.0325622 0.00491417  0.0194272 0.00575447 0 0 0   -0.011 -0.02329  0.04412  0.0135374 0.00286957 -0.0064238  0.000318158 -5.16625e-05 -0.000412825  0.0528055  0.0974033 -0.0203084 -0.0843944 -0.0592238   -9.80846 
              97.701   -0.14755  0.0876929 0.00895557 0.00442073  0.0179957 0.00476226 0 0 0   -0.011 -0.02329  0.04412   0.0100369 -0.00520342  -0.0122042  0.000320689 -4.79663e-05 -0.000392927  0.0530455  0.0975704 -0.0202901 -0.0844071 -0.0592317   -9.80846 
              97.801  -0.11842  0.140063 0.0510294 0.00114938  0.0169351 0.00367932 0 0 0   -0.011 -0.02329  0.04412 -0.00698657 -0.00353763 -0.00662448  0.000314179 -7.26923e-05 -0.000391655  0.0535205  0.0976634 -0.0202852 -0.0844316 -0.0592354   -9.80846 
              97.901  -0.11158 0.0912886 0.0314829 0.00180165  0.0188487 0.00525876 0 0 0   -0.011 -0.02329  0.04412 -0.000891714   0.00391959   0.00082574  0.000354603 -7.45137e-05 -0.000386628 0.0533616 0.0973911 -0.020606 -0.0844236 -0.0592231   -9.80846 
              98.001 -0.135988 0.0749106 0.0277689 0.00350981  0.0202531 0.00663549 0 0 0   -0.011 -0.02329  0.04412 0.0121087 0.0058486 0.0140621  0.000363391 -4.40627e-05 -0.000344869  0.0531826  0.0972809 -0.0207316 -0.0844144 -0.0592184   -9.80846 
                98.1 -0.124549 0.0768537 0.0291722 0.00522208  0.0193582 0.00786819 0 0 0   -0.011 -0.02329  0.04412   0.0136673 -0.00497152  0.00878416  0.000349309 -3.96624e-06 -0.000334311  0.0531169  0.0974245 -0.0207215 -0.0844112 -0.0592257   -9.80846 
              98.199 -0.113202 0.0903952 0.0330148 0.00649588   0.020371 0.00649115 0 0 0   -0.011 -0.02329  0.04412    0.0129896   0.00206299 -0.000842296  0.000325824 -1.22071e-05 -0.000312624  0.0531338  0.0972464 -0.0204799 -0.0844117 -0.0592157   -9.80846 
              98.301 -0.112035  0.086225 0.0366164 0.00413446  0.0179556 0.00477556 0 0 0   -0.011 -0.02329  0.04412 -0.00426394 -0.00731343 -0.00640304  0.000350785 -2.28703e-05 -0.000331788  0.0535252  0.0975158 -0.0202708 -0.0844316 -0.0592276   -9.80846 
                98.4 -0.130565 0.0702016 0.0228482 0.00692645  0.0162921 0.00707757 0 0 0   -0.011 -0.02329  0.04412  0.00705774 -0.00505461  0.00999768  0.000360629 -1.15525e-05 -0.000364327   0.053132  0.0976469 -0.0206045 -0.0844137 -0.0592382   -9.80846 
                98.5  -0.120903   0.060748 0.00968854 0.00695912  0.0193809 0.00855574 0 0 0   -0.011 -0.02329  0.04412 -0.000616229    0.0154178     0.018268  0.000321109 -1.05022e-05 -0.000350806  0.0531913  0.0972634 -0.0206176 -0.0844141 -0.0592186   -9.80846 
                98.6 -0.119904 0.0764145 0.0276472 0.00228917  0.0213423 0.00782969 0 0 0   -0.011 -0.02329  0.04412 -0.0158278   0.023165  0.0104144  0.000331259 -2.92624e-05 -0.000342047  0.0537159  0.0972808 -0.0203104 -0.0844388 -0.0592147   -9.80846 
              98.701 -0.114949 0.0932134 0.0280381 0.00594095  0.0196869 0.00825891 0 0 0   -0.011 -0.02329  0.04412 0.00868401 0.00504839 0.00183817  0.000307012 -4.43754e-05 -0.000332045   0.053164  0.0977018 -0.0202615 -0.0844133 -0.0592385   -9.80846 
              98.799  -0.130767  0.0640282 0.00643331 0.00488389  0.0156715 0.00539665 0 0 0   -0.011 -0.02329  0.04412 0.00106923 -0.0212779 -0.0096944  0.000313775  3.19516e-06 -0.000339524  0.0533863  0.0981406 -0.0198819 -0.0844233  -0.059258   -9.80846 
              98.901 -0.127294 0.0629553 0.0258568 0.00738232  0.0195948  0.0052383 0 0 0   -0.011 -0.02329  0.04412   0.0128494  0.00773171 -0.00534942  0.000312251 -7.90537e-06 -0.000331739  0.0531355  0.0975021 -0.0199912 -0.0844083 -0.0592281   -9.80846 
                  99 -0.122395 0.0657264 0.0154361 0.00501485  0.0171363 0.00628707 0 0 0   -0.011 -0.02329  0.04412  0.00369457 -0.00476635  0.00355997    0.0003197  6.68795e-06 -0.000326915  0.0535633  0.0978689 -0.0201562 -0.0844321  -0.059245   -9.80846 
              99.101 -0.114559 0.0691719 0.0345526 0.00493902  0.0192618 0.00668343 0 0 0   -0.011 -0.02329  0.04412  -0.00481583    0.0158589 -0.000778438  0.000310329  7.39005e-06 -0.000298575   0.053597  0.0976507 -0.0201601 -0.0844328 -0.0592341   -9.80846 
              99.201 -0.106542  0.109335 0.0228101 7.8367e-05  0.0215774 0.00615485 0 0 0   -0.011 -0.02329  0.04412  -0.0283945   0.0202723 -0.00366625  0.000308932 -3.30579e-05 -0.000247449  0.0540583  0.0975823 -0.0201371 -0.0844551 -0.0592294   -9.80846 
                99.3 -0.127206 0.0782544 0.0310196 0.00276807  0.0186418 0.00432872 0 0 0   -0.011 -0.02329  0.04412 -0.00518521 -0.00366657 -0.00902615    0.0003276 -2.55469e-05 -0.000220533  0.0534004  0.0981529 -0.0199701 -0.0844219 -0.0592563   -9.80846 
              99.399 -0.120825 0.0751013 0.0287853 0.00785542  0.0149315 0.00599307 0 0 0   -0.011 -0.02329  0.04412   0.0199496  -0.0181737 -0.00373693  0.000322076  -2.1111e-05 -0.000234581  0.0527883  0.0985275 -0.0202881 -0.0843935 -0.0592769   -9.80846 
                99.5 -0.132317 0.0902988 0.0260334   0.001034  0.0172976 0.00560727 0 0 0   -0.011 -0.02329  0.04412 -0.0184694 0.00657781  0.0050172    0.0003247 -1.71787e-05 -0.000219882  0.0537591  0.0980863 -0.0202604 -0.0844392 -0.0592521   -9.80846 
              99.601 -0.138818 0.0799184 0.0313851 0.00188451  0.0187391  0.0069075 0 0 0   -0.011 -0.02329  0.04412 -0.00956256   0.0145226  0.00952198  0.000355236  -1.4524e-05 -0.000207036  0.0534799  0.0980542 -0.0203543 -0.0844257 -0.0592518   -9.80846 
              99.701 -0.142641 0.0921703 0.0261444 0.00495829   0.017251 0.00782404 0 0 0   -0.011 -0.02329  0.04412  0.0105487 0.00692971 0.00838761  0.000360971  3.32395e-07 -0.000228186  0.0530048  0.0983883 -0.0203961 -0.0844036 -0.0592693   -9.80846 
                99.8 -0.131284 0.0562449 0.0232037 0.00631683  0.0197863 0.00582962 0 0 0   -0.011 -0.02329  0.04412  0.0141706  0.0125095 0.00439694  0.000358345  2.26911e-05 -0.000233325  0.0530017  0.0981834 -0.0200566 -0.0844019 -0.0592581   -9.80846 
                99.9 -0.125381 0.0926081 0.0227983 0.00749333  0.0203162 0.00766152 0 0 0   -0.011 -0.02329  0.04412  0.0167191 0.00613687 0.00659543  0.000354788  1.26341e-05 -0.000232973  0.0530507  0.0982557 -0.0202148 -0.0844052 -0.0592619   -9.80846 
             100.001 -0.109608 0.0714514 0.0325663 0.00288638  0.0198186 0.00762977 0 0 0   -0.011 -0.02329  0.04412 -0.0162334 0.00596764 0.00398652  0.000326223  4.18705e-05 -0.000232553  0.0537268   0.098394 -0.0201265 -0.084438 -0.059264  -9.80846 
             100.099 -0.127736 0.0782808 0.0279535 0.00403045  0.0178855 0.00720826 0 0 0   -0.011 -0.02329  0.04412  0.00240798 -0.00192267 -0.00583373 0.000328206 4.84428e-05 -0.00025051  0.0534474  0.0987174 -0.0200798 -0.0844264  -0.059281   -9.80846 
               100.2 -0.130708 0.0741276 0.0288373 0.00373162  0.0166954 0.00572542 0 0 0   -0.011 -0.02329  0.04412   0.0083971 -0.00665724 -0.00323441  0.000321783  5.65764e-05 -0.000218037 0.0535793 0.0988067 -0.019946 -0.0844328  -0.059284   -9.80846 
             100.299 -0.123135 0.0736189 0.0263226 0.00659567  0.0200949 0.00518589 0 0 0   -0.011 -0.02329  0.04412  0.0134111 0.00723215 0.00107085  0.000369423  7.11445e-05 -0.000227213  0.0533488  0.0983647 -0.0199117 -0.0844198  -0.059264   -9.80846 
             100.401 -0.125512 0.0695647 0.0256102 0.00773531  0.0193678 0.00704262 0 0 0   -0.011 -0.02329  0.04412 0.0108104 0.0127099 0.0140301  0.000349834  6.04592e-05 -0.000237063  0.0533628    0.09857 -0.0200973 -0.0844218 -0.0592749   -9.80846 
               100.5 -0.118923 0.0671239 0.0139993  0.0060321  0.0163876 0.00780888 0 0 0   -0.011 -0.02329  0.04412 -0.00141806 -0.00158904   0.0167715  0.000359221  5.14104e-05 -0.000209727  0.0536594  0.0990329 -0.0199722  -0.084438 -0.0592941   -9.80846 
               100.6 -0.133141 0.0954635 0.0265313 0.00529321  0.0160947 0.00810339 0 0 0   -0.011 -0.02329  0.04412 -0.00785219 0.000522217   0.0128823  0.000342319   2.1273e-05 -0.000223022  0.0537189  0.0990712 -0.0197815   -0.08444 -0.0592945   -9.80846 
             100.702 -0.117874  0.096341  0.028818 0.00274429   0.020056 0.00919945 0 0 0   -0.011 -0.02329  0.04412 -0.00594446   0.0203824   0.0084266 0.000325682 4.25834e-05 -0.00020908 0.0539676 0.0987016  -0.01975 -0.0844497 -0.0592759   -9.80846 
             100.801  -0.11722 0.0675739 0.0219531 0.00528508    0.01976 0.00467435 0 0 0   -0.011 -0.02329  0.04412  0.00756846  0.00969725 -0.00592561  0.000340141  3.81614e-05 -0.000205988  0.0536492  0.0989146 -0.0191072 -0.0844338 -0.0592857   -9.80846 
               100.9 -0.100581 0.0663057 0.0271196 0.00625683  0.0204365 0.00641029 0 0 0   -0.011 -0.02329  0.04412   0.0150732   0.0033419 0.000859707  0.000315465  1.09154e-05 -0.000236285  0.0536664  0.0989029 -0.0193582 -0.0844354 -0.0592858   -9.80846 
                 101  -0.146686  0.0781173 0.00517194 0.00196249  0.0176931 0.00516487 0 0 0   -0.011 -0.02329  0.04412 -0.00900908 -0.00420365 -0.00597339   0.00033564  5.40488e-06 -0.000254021  0.054303 0.0992467 -0.019221 -0.0844659 -0.0592978   -9.80846 
               101.1 -0.115127  0.148975 0.0413381 -0.00361798    0.016149  0.00566906 0 0 0   -0.011 -0.02329  0.04412   -0.02944 -0.0069202 0.00428607  0.000323439 -4.88704e-05  -0.00023996 0.0548288 0.0994035 -0.019327 -0.0844921 -0.0593014   -9.80846 
             101.202 -0.165047   0.13807 0.0370266 0.000582938   0.0149007  0.00709538 0 0 0   -0.011 -0.02329  0.04412 0.00379362 -0.0148268  0.0126257  0.000336074  -4.2165e-05 -0.000219436  0.0540165  0.0994498 -0.0194114 -0.0844554 -0.0593089   -9.80846 
               101.3 -0.107099 0.0706428 0.0175622 0.00835622  0.0201712 0.00649384 0 0 0   -0.011 -0.02329  0.04412 0.0435796 0.0217737 0.0138753  0.000307038  9.81139e-06 -0.000219376  0.053179 0.0987326 -0.019164 -0.0844152 -0.0592771   -9.80846 
             101.402 -0.120922 0.0489854 0.0281829  0.0121358  0.0201102 0.00719585 0 0 0   -0.011 -0.02329  0.04412  0.043596 0.0102835 0.0110015   0.0003264 3.09952e-05 -0.00018866    0.05327  0.0989913 -0.0190551 -0.0844202 -0.0592886   -9.80846 
             101.502 -0.134449 0.0530173 0.0220562 0.00749901  0.0176292 0.00772649 0 0 0   -0.011 -0.02329  0.04412  0.0123088 -0.0066667 0.00362281  0.000348837 -4.64904e-06 -0.000206663  0.0543027  0.0993754 -0.0189916 -0.0844679 -0.0593038   -9.80846 
             101.601 -0.0877691  0.0584434  0.0231385 0.00861597  0.0192201 0.00805951 0 0 0   -0.011 -0.02329  0.04412  0.0146015 0.00110868 0.00568452  0.000329718 -3.17923e-05 -0.000171794  0.0542764  0.0991367 -0.0189823 -0.0844657  -0.059293   -9.80846 
             101.702 -0.108533 0.0479835 0.0302876 0.00739727  0.0199627 0.00611652 0 0 0   -0.011 -0.02329  0.04412  0.00398613  0.00347076 -0.00137727   0.00033994 -1.31981e-05 -0.000170947   0.054591  0.0990615 -0.0187009 -0.0844769 -0.0592869   -9.80846 
             101.802  -0.11647 0.0577058 0.0201758   0.010117  0.0210618 0.00489406 0 0 0   -0.011 -0.02329  0.04412   0.0204603  0.00623597 -0.00617011  0.000320014  -5.0638e-05 -0.000156488  0.0543681  0.0989724 -0.0185759 -0.0844654 -0.0592827   -9.80846 
             101.901 -0.0987778  0.0733832  0.0231187 0.00968395  0.0213239 0.00704078 0 0 0   -0.011 -0.02329  0.04412 0.0145574 0.0106836 0.0064228  0.000327478 -8.56842e-05 -0.000174418  0.0546666  0.0990298 -0.0188972  -0.084482 -0.0592865   -9.80846 
             102.002 -0.106969 0.0604495 0.0287035 0.00792903  0.0175641 0.00714235 0 0 0   -0.011 -0.02329  0.04412    0.013173 -0.00378914  0.00598251  0.000343925 -5.08729e-05 -0.000173602   0.055066  0.0995857 -0.0188383 -0.0845018 -0.0593092   -9.80846 
             102.102 -0.135691 0.0501358 0.0167772 0.00624308  0.0143727 0.00824088 0 0 0   -0.011 -0.02329  0.04412  0.0037294  -0.012744 0.00938247  0.000356669 -2.29968e-05  -0.00019571 0.0554384 0.0999167 -0.018874 -0.0845203 -0.0593224   -9.80846 
             102.202 -0.126167 0.0800985 0.0143138 0.00220129  0.0196452 0.00748362 0 0 0   -0.011 -0.02329  0.04412  -0.0126898   0.0134997 -0.00221638  0.000335771 -4.30238e-05 -0.000208699  0.0559289  0.0991952 -0.0187222 -0.0845366 -0.0592857   -9.80846 
             102.301 -0.113145 0.0553058  0.043663 0.00664465  0.0209509 0.00420526 0 0 0   -0.011 -0.02329  0.04412  0.0146392  0.0127605 -0.0170434  0.000309413  9.92578e-06 -0.000268961  0.0553081  0.0991819 -0.0183782 -0.0845075 -0.0592886   -9.80846 
             102.402 -0.129843 0.0794484 0.0193562 0.00865113  0.0174255 0.00450063 0 0 0   -0.011 -0.02329  0.04412  0.0191969 -0.0019986 -0.0149256   0.00033206 -2.03788e-05 -0.000204736  0.0552536  0.0997477 -0.0186761 -0.0845099 -0.0593148   -9.80846 
               102.5 -0.108324  0.108119 0.0196305 -0.000809739    0.0217091    0.0046025 0 0 0   -0.011 -0.02329  0.04412  -0.033201  0.0159426 -0.0065163  0.000343449 -4.94993e-07 -0.000250136  0.0565245  0.0992407 -0.0188289 -0.0845642 -0.0592879   -9.80846 
               102.6  -0.12954 0.0684643 0.0215536 0.00187114  0.0195033 0.00527452 0 0 0   -0.011 -0.02329  0.04412   -0.012437   0.0147396 -0.00443716  0.000303122  3.52693e-06 -0.000230402  0.0557996  0.0997564 -0.0189694 -0.0845352 -0.0593153   -9.80846 
             102.701 -0.125528 0.0957449 0.0233201 0.00705848   0.021926  0.0066361 0 0 0   -0.011 -0.02329  0.04412 0.00978713  0.0227851  0.0025858  0.000297455 -3.69888e-05 -0.000241887  0.0550786  0.0996774 -0.0192013 -0.0845033 -0.0593165   -9.80846 
             102.802 -0.131999 0.0828785 0.0262241 0.00556271  0.0188781 0.00534004 0 0 0   -0.011 -0.02329  0.04412  0.00465411  0.00780237 -0.00352233  0.000331218 -3.96587e-05 -0.000190501  0.0553934   0.100277 -0.0190036 -0.0845195 -0.0593404   -9.80846 
             102.903 -0.122342 0.0880346 0.0268644 0.00324639  0.0186268 0.00683448 0 0 0   -0.011 -0.02329  0.04412 -0.00117954  0.00768392  0.00741134    0.0002996 -7.65155e-05 -0.000203406  0.0557205   0.100425 -0.0192187 -0.0845347 -0.0593471   -9.80846 
                 103 -0.131682 0.0654414 0.0238999 0.00201298  0.0189313 0.00726634 0 0 0   -0.011 -0.02329  0.04412   0.004424 0.00959405 0.00438095  0.000319966 -5.74334e-05 -0.000235792  0.0558873   0.100515 -0.0191762 -0.0845421 -0.0593503   -9.80846 
             103.101 -0.136948 0.0637924 0.0285021 0.00782492  0.0161438 0.00734047 0 0 0   -0.011 -0.02329  0.04412   0.0284925 -0.00912108  0.00279263  0.000307666 -3.59993e-05 -0.000204865  0.0553058     0.1009 -0.0191479 -0.0845189   -0.05937   -9.80846 
             103.202 -0.122901  0.080093 0.0320848 0.00677806  0.0150455 0.00679988 0 0 0   -0.011 -0.02329  0.04412  0.0124076 -0.0102345 0.00758049  0.000322257 -6.58352e-05 -0.000210536  0.0557877   0.100928 -0.0189795 -0.0845394 -0.0593684   -9.80846 
             103.302  -0.11228 0.0747226 0.0319243 0.00530847  0.0162172  0.0070397 0 0 0   -0.011 -0.02329  0.04412 0.00208313  0.0029269 0.00979792  0.000329372 -4.23555e-05 -0.000203506    0.05611    0.10073 -0.0188784 -0.0845521  -0.059358   -9.80846 
             103.401 -0.132842 0.0864554 0.0260552  0.0074578  0.0173938 0.00840816 0 0 0   -0.011 -0.02329  0.04412  0.0110704 0.00667745  0.0182344  0.000301202 -6.82686e-05 -0.000211263  0.0559115   0.100621 -0.0189238 -0.0845433 -0.0593544   -9.80846 
             103.502 -0.113801 0.0535513 0.0228018 0.00570532   0.021298  0.0083501 0 0 0   -0.011 -0.02329  0.04412 0.000702675   0.0269578    0.013303  0.000272415 -3.87434e-05 -0.000182291  0.0562369   0.100288 -0.0186853 -0.0845549 -0.0593379   -9.80846 
             103.602 -0.112983 0.0852256  0.019382 0.00232918  0.0204356 0.00842622 0 0 0   -0.011 -0.02329  0.04412 -0.0153826   0.011731  0.0116396  0.000277304 -6.58647e-05 -0.000208433   0.056596   0.100711 -0.0185209 -0.0845709 -0.0593544   -9.80846 
             103.701 -0.124636 0.0800072 0.0252506 0.00528752  0.0183267 0.00816931 0 0 0   -0.011 -0.02329  0.04412 -0.00248874   0.0070802   0.0113545  0.000279627 -3.39775e-05 -0.000217686  0.0560447    0.10112 -0.0183281 -0.0845486 -0.0593738   -9.80846 
             103.802 -0.122636 0.0729365  0.025556 0.00660318  0.0191358 0.00563211 0 0 0   -0.011 -0.02329  0.04412   0.0030405  0.00889327 -0.00159946  0.000294111 -6.97687e-06 -0.000240085  0.0558558   0.101109 -0.0179067 -0.0845392 -0.0593728   -9.80846 
               103.9 -0.107639  0.093851 0.0292798 0.00399696  0.0181798 0.00638276 0 0 0   -0.011 -0.02329  0.04412 -0.00297135  0.00224443  0.00175733  0.000291716  2.45955e-05 -0.000244441  0.0561872   0.101305 -0.0180086 -0.0845548 -0.0593792   -9.80846 
             104.001 -0.117971  0.082835 0.0298662 -0.000204683    0.0155155   0.00702821 0 0 0   -0.011 -0.02329  0.04412  -0.0177501  -0.0104717 -0.00159409  0.000285062  2.66667e-05 -0.000236315  0.0566588    0.10159 -0.0181087 -0.0845763  -0.059389   -9.80846 
               104.1 -0.110312 0.0702291 0.0207846 0.00372136  0.0151754 0.00551692 0 0 0   -0.011 -0.02329  0.04412 -0.00297969 -0.00785158 -0.00523238  0.000280015  2.12805e-05 -0.000247403  0.0560216   0.101522 -0.0179881 -0.0845491 -0.0593881   -9.80846 
             104.201 -0.132434 0.0846216 0.0155078 0.0040308 0.0192316 0.0062873 0 0 0   -0.011 -0.02329  0.04412 -0.00123195  0.00858243 -0.00204821  0.000314898  2.66945e-05 -0.000238392  0.0559403   0.100978 -0.0181413 -0.0845438 -0.0593666   -9.80846 
             104.302 -0.106185 0.0702716 0.0314267 0.00665899  0.0186659 0.00525637 0 0 0   -0.011 -0.02329  0.04412  0.0124815 0.00708585 0.00474305  0.000289416  5.94743e-05 -0.000212979  0.0556688    0.10115 -0.0179894 -0.0845329 -0.0593741   -9.80846 
             104.401 -0.110707   0.15422 0.0404943 -0.00170729   0.0194621  0.00615996 0 0 0   -0.011 -0.02329  0.04412 -0.0292033  0.0161433    0.01293 0.000272646 3.64142e-05 -0.00020273 0.0567379  0.101181 -0.018031 -0.0845775 -0.0593712   -9.80846 
             104.501 -0.137472  0.087273   0.02459 0.000977764    0.018924  0.00686066 0 0 0   -0.011 -0.02329  0.04412 -0.0035272  0.0160356 0.00317728  0.000284413  7.76795e-05 -0.000178295  0.0561066   0.101461 -0.0180229  -0.084552 -0.0593842   -9.80846 
               104.6 -0.105259  0.077278 0.0207671 0.00540195  0.0218795 0.00677255 0 0 0   -0.011 -0.02329  0.04412    0.0148001      0.02036 -0.000748793 0.000312082  0.00011198 -0.00020509  0.0555505   0.101316 -0.0180104 -0.0845287 -0.0593794   -9.80846 
             104.702 -0.121072 0.0742547  0.023275 0.00605083  0.0225687 0.00567036 0 0 0   -0.011 -0.02329  0.04412   0.0165341   0.0141821 -0.00929388  0.000314588  0.000111499 -0.000168528  0.0556529   0.101466 -0.0179484 -0.0845337 -0.0593847   -9.80846 
             104.801 -0.110675   0.07059  0.024034 0.00684538   0.020118  0.0051346 0 0 0   -0.011 -0.02329  0.04412   0.0188803 0.000980263  -0.0121499  0.000276339  9.41322e-05 -0.000171364 0.0557696  0.101907 -0.018008 -0.0845403 -0.0594027   -9.80846 
             104.902 -0.118014  0.104934 0.0244464 0.00489681  0.0214718 0.00478346 0 0 0   -0.011 -0.02329  0.04412  0.00099193  0.00861014 -0.00123465  0.000280303  7.23929e-05 -0.000145372  0.0561764    0.10178 -0.0180891 -0.0845568 -0.0593963   -9.80846 
             105.001 -0.107571 0.0812115 0.0267729 0.00410979  0.0224069 0.00642826 0 0 0   -0.011 -0.02329  0.04412 -0.00861091  0.00896832  0.00494002  0.000289089  8.26499e-05 -0.000160244  0.0562549   0.101787 -0.0183117 -0.0845611 -0.0593973   -9.80846 
             105.101 -0.110997 0.0793529 0.0251288 0.00416123  0.0211603 0.00642086 0 0 0   -0.011 -0.02329  0.04412  -0.0067927  0.00648789 -0.00048089  0.000283589  8.10492e-05 -0.000159116  0.0561542   0.102016 -0.0182991 -0.0845577 -0.0594069   -9.80846 
             105.202 -0.100244 0.0726587 0.0234917 0.00563933  0.0231317 0.00699305 0 0 0   -0.011 -0.02329  0.04412 -0.000207524    0.0213474  -0.00300877  0.000251311  8.71473e-05 -0.000141597  0.055886  0.101913 -0.018444 -0.0845468 -0.0594048   -9.80846 
             105.301  -0.12548 0.0716104 0.0262238 0.00568949  0.0184835 0.00459398 0 0 0   -0.011 -0.02329  0.04412  0.00137341  -0.0115143 -0.00735573  0.000265781    0.0001002 -0.000142648  0.0558774   0.102645 -0.0181936 -0.0845483 -0.0594328   -9.80846 
             105.402 -0.143403 0.0765931 0.0269644 0.00924927  0.0171577 0.00544066 0 0 0   -0.011 -0.02329  0.04412   0.0240213 -0.00482052  -0.0021446   0.00024777  8.21319e-05 -0.000167327 0.0555411  0.102701 -0.018427 -0.0845356 -0.0594375   -9.80846 
             105.502 -0.128224 0.0682449 0.0195186 0.00323579   0.017868  0.0067983 0 0 0   -0.011 -0.02329  0.04412   -0.016175 -0.00402047  0.00144484  0.000244168  8.97623e-05 -0.000164553  0.0564772   0.102524 -0.0186469 -0.0845732 -0.0594266   -9.80846 
             105.602 -0.113728 0.0570411 0.0287499 0.00469951  0.0208565 0.00570155 0 0 0   -0.011 -0.02329  0.04412 -0.00248254   0.0102571 -0.00882786  0.000247228  9.03485e-05 -0.000175208  0.0561564    0.10216 -0.0185339 -0.0845581 -0.0594134   -9.80846 
             105.701  -0.13669 0.0814211 0.0181303 0.00491689   0.018284 0.00675748 0 0 0   -0.011 -0.02329  0.04412 0.00112501 0.00647739 0.00248981  0.000282549  9.41526e-05 -0.000146147  0.0560993   0.102641 -0.0187265 -0.0845593 -0.0594335   -9.80846 
             105.801 -0.112245 0.0666673  0.028509 0.00354259  0.0197436 0.00500206 0 0 0   -0.011 -0.02329  0.04412  -0.0104705 -0.00119962 -0.00448733  0.000277526  0.000144057 -0.000128521 0.0562209   0.10251 -0.018488 -0.0845627 -0.0594268   -9.80846 
             105.902  -0.10938 0.0814806 0.0180463 0.00381448  0.0179529 0.00581582 0 0 0   -0.011 -0.02329  0.04412 -0.00647442 -0.00214014 -0.00218735  0.000282848  0.000132206 -0.000109767  0.0560582   0.102712 -0.0186734 -0.0845571  -0.059436   -9.80846 
                 106 -0.117803 0.0841302 0.0285434 0.00324335   0.019455 0.00665569 0 0 0   -0.011 -0.02329  0.04412 -0.00569119 0.000191886  0.00166802  0.000303383   0.00012964 -9.57931e-05  0.0560294   0.102506 -0.0188199 -0.0845558 -0.0594288   -9.80846 
             106.102 -0.119177 0.0854715  0.029084 0.00165079  0.0172989   0.007141 0 0 0   -0.011 -0.02329  0.04412 -0.00994466  -0.0118788   0.0026991  0.000289639  0.000154556 -0.000101466  0.0561509   0.102755 -0.0188437 -0.0845614 -0.0594384   -9.80846 
             106.201 -0.132048  0.107505 0.0240119 0.00256306  0.0171086 0.00600209 0 0 0   -0.011 -0.02329  0.04412 -0.00182244 -0.00482829 -0.00922153  0.000302462  0.000156158 -0.000112538  0.0559032   0.102649 -0.0187161  -0.084551 -0.0594345   -9.80846 
               106.3 -0.130379 0.0695421 0.0354758 0.00741126   0.019129 0.00444782 0 0 0   -0.011 -0.02329  0.04412   0.0224586   0.0136312 -0.00767786  0.000281867  0.000164882 -0.000105691  0.0553729   0.102403 -0.0186136 -0.0845291 -0.0594267   -9.80846 
             106.401 -0.129373   0.06751 0.0245792 0.00749281  0.0171141 0.00598536 0 0 0   -0.011 -0.02329  0.04412   0.0183901  0.00531326 -0.00242999  0.00028841 0.000182897 -5.4663e-05  0.0556455   0.102815 -0.0189134 -0.0845412 -0.0594426   -9.80846 
             106.501 -0.129736 0.0719155  0.029433 0.00274645  0.0174968 0.00570006 0 0 0   -0.011 -0.02329  0.04412 -0.00114965   0.0111266  0.00140614 0.000243823 0.000155232 -7.3164e-05   0.056401   0.102838 -0.0188982 -0.0845706 -0.0594422   -9.80846 
             106.602 -0.130257 0.0873695 0.0238675 0.00189654  0.0185221 0.00777883 0 0 0   -0.011 -0.02329  0.04412 -0.00459211   0.0144416  0.00918137  0.000247855  0.000149695 -7.40636e-05  0.0564729   0.102892 -0.0191041 -0.0845744 -0.0594444   -9.80846 
             106.702  -0.11531 0.0824516 0.0314832  0.0060669  0.0203043 0.00849782 0 0 0   -0.011 -0.02329  0.04412 0.00813494  0.0148274 0.00722818  0.000216237  0.000190756 -7.38184e-05  0.0559107   0.102851 -0.0190612 -0.0845523 -0.0594447   -9.80846 
             106.802 -0.114107 0.0711735 0.0293691 0.00339126  0.0211754   0.004803 0 0 0   -0.011 -0.02329  0.04412 -0.00438565   0.0136146  -0.0115494   0.00022065  0.000190541 -8.31915e-05 0.0562844  0.102925 -0.018569 -0.0845661 -0.0594451   -9.80846 
             106.901 -0.121338 0.0945053 0.0279925 0.00320084  0.0200017 0.00523659 0 0 0   -0.011 -0.02329  0.04412  0.00261849   0.0140864 -0.00335854  0.000206226  0.000149109 -7.08924e-05  0.0562832   0.103251 -0.0187398  -0.084568 -0.0594583   -9.80846 
             107.002 -0.130191 0.0858902 0.0208617 0.00533522  0.0187189 0.00653048 0 0 0   -0.011 -0.02329  0.04412  0.0102462 0.00673279 0.00338691  0.000177132  0.000187852 -4.90426e-05  0.0560471   0.103575 -0.0189329 -0.0845611 -0.0594725   -9.80846 
               107.1 -0.142394 0.0753938 0.0266562  0.0060151  0.0156087 0.00712775 0 0 0   -0.011 -0.02329  0.04412   0.0142425 -0.00686965  0.00411458   0.00017786  0.000204436 -5.70132e-05  0.0561028   0.104002 -0.0189666 -0.0845646 -0.0594887   -9.80846 
             107.202 -0.118505 0.0783071 0.0299226 0.00611076  0.0171376 0.00693101 0 0 0   -0.011 -0.02329  0.04412  0.0155421 0.00472961 0.00407292  0.000153248  0.000201755 -7.60154e-05  0.0562751   0.103754 -0.0189142 -0.0845703 -0.0594786   -9.80846 
               107.3 -0.126177  0.082212 0.0312479 0.00236036  0.0183967 0.00573551 0 0 0   -0.011 -0.02329  0.04412  -0.00701473    0.0132664 -0.000492503  0.000121263  0.000244341 -6.43788e-05  0.0568537   0.103734 -0.0187356  -0.084592 -0.0594756   -9.80845 
               107.4  -0.13074 0.0642957 0.0166103 0.00336659  0.0178189 0.00745365 0 0 0   -0.011 -0.02329  0.04412   0.00090848 -0.000950674   0.00273814  0.000158498  0.000273429 -4.10903e-05  0.0566466   0.103948 -0.0189707 -0.0845847 -0.0594845   -9.80845 
             107.501 -0.122996   0.08102 0.0284741 0.00321659  0.0184678 0.00644596 0 0 0   -0.011 -0.02329  0.04412  0.00351418 -0.00572957  0.00202702  0.000110491  0.000258692 -4.01993e-05  0.0566738   0.103795 -0.0188037 -0.0845853 -0.0594782   -9.80845 
               107.6 -0.0969766   0.073179   0.032159 0.00476539  0.0179775   0.007057 0 0 0   -0.011 -0.02329  0.04412 0.00423456  -0.011488 0.00544193   9.3931e-05  0.000237155 -2.80533e-05  0.0565362   0.103755 -0.0188429 -0.0845802  -0.059477   -9.80846 
             107.702  -0.152434  0.0891833 0.00881205 0.00269203  0.0161694 0.00592349 0 0 0   -0.011 -0.02329  0.04412 -0.00661515  -0.0231902 -0.00182875  0.000119022  0.000226365 -2.37048e-05  0.0567781   0.103765 -0.0186384 -0.0845883 -0.0594763   -9.80845 
             107.801 -0.11848 0.150956 0.050636 -0.00123535   0.0157805  0.00446436 0 0 0   -0.011 -0.02329  0.04412  -0.0123811  -0.0151196 -0.00108514  0.000143022  0.000188303 -7.56763e-05  0.0571773   0.103576 -0.0184394 -0.0846016 -0.0594672   -9.80845 
             107.902  -0.11312   0.09539 0.0301853 0.00217685   0.018131 0.00558301 0 0 0   -0.011 -0.02329  0.04412   0.0181645  0.00347158 0.000733147  0.000136775  0.000198961 -7.12451e-05  0.0566805   0.103136 -0.0186167 -0.0845811 -0.0594541   -9.80846 
                 108 -0.134939 0.0770662 0.0262243 0.00523913  0.0201452 0.00604608 0 0 0   -0.011 -0.02329  0.04412  0.0277226 0.00688555 0.00616401  0.000162399  0.000188464 -0.000103623  0.0565633   0.102943 -0.0186586 -0.0845759 -0.0594477   -9.80846 
               108.1 -0.125078 0.0694269 0.0290976 0.00646428  0.0195324 0.00746921 0 0 0   -0.011 -0.02329  0.04412   0.0135455 0.000411633   0.0140504  0.00017742  0.00018135 -0.00014818 0.0566842  0.103064 -0.018727  -0.084581 -0.0594518   -9.80846 
             108.202  -0.11352 0.0894819 0.0334607 0.00607765  0.0204236 0.00701085 0 0 0   -0.011 -0.02329  0.04412  0.00311773  0.00408936 -0.00107925  0.000185512  0.000220787 -0.000170828  0.0568362   0.102945 -0.0185304 -0.0845854 -0.0594453   -9.80846 
             108.302 -0.111938 0.0877539 0.0370226   0.003532  0.0187036 0.00399759 0 0 0   -0.011 -0.02329  0.04412 -0.00385118  -0.0023304  -0.0176949  0.000165621  0.000202576 -0.000204429 0.0571822  0.103187 -0.018241 -0.0845994 -0.0594505   -9.80846 
               108.4 -0.126065 0.0717461 0.0232682 0.00707394   0.016571 0.00556551 0 0 0   -0.011 -0.02329  0.04412   0.0140558  -0.0145084 -0.00493479  0.000162874  0.000218175 -0.000171721 0.0567138  0.103381 -0.018644 -0.0845841 -0.0594622   -9.80846 
               108.5 -0.122897 0.0604543 0.0107898 0.00759652   0.017682 0.00668666 0 0 0   -0.011 -0.02329  0.04412  0.00850273 -0.00934494  0.00120128   0.00016669  0.000230377 -0.000134319  0.0568129   0.103076 -0.0188329 -0.0845871 -0.0594518   -9.80846 
             108.602 -0.122562 0.0747954 0.0278023 0.00310445  0.0183336 0.00586438 0 0 0   -0.011 -0.02329  0.04412  -0.0149442 -0.00306624 -0.00603342  0.000143514  0.000226825 -0.000149086  0.057418  0.102875 -0.018737 -0.0846082  -0.059442   -9.80845 
             108.702 -0.115784 0.0931519 0.0279461 0.00601516  0.0175493 0.00691969 0 0 0   -0.011 -0.02329  0.04412 -0.00201689 -0.00254605  0.00299191  0.000145022  0.000147602 -0.000151147  0.0569352   0.102931 -0.0189464 -0.0845919 -0.0594469   -9.80846 
             108.801 -0.132645 0.0646544 0.0074397 0.00372976   0.015709 0.00520632 0 0 0   -0.011 -0.02329  0.04412 -0.00818505  -0.0121256 -0.00840878  0.000112224  0.000155215 -0.000170032  0.0571553   0.103086 -0.0187447 -0.084599 -0.059451  -9.80846 
             108.902 -0.126945 0.0644537 0.0266847 0.00684855  0.0199194 0.00548275 0 0 0   -0.011 -0.02329  0.04412  0.00704588   0.0112898 -0.00377702  0.000117436  0.000167819 -0.000176174  0.0567453   0.102474 -0.0188768 -0.0845815 -0.0594315   -9.80846 
             109.002 -0.123021 0.0674413 0.0165266 0.00413837  0.0168468 0.00608584 0 0 0   -0.011 -0.02329  0.04412   -0.007725 -0.00313238 -0.00194762  8.65047e-05  0.000142609 -0.000179766  0.0571173   0.102965 -0.0190083 -0.0845985  -0.059447   -9.80846 
             109.102 -0.115452 0.0703246 0.0348864 0.00402272  0.0191589 0.00600082 0 0 0   -0.011 -0.02329  0.04412 -0.00708844   0.0162819 0.000953035  9.15289e-05  0.000171853 -0.000216631  0.0570099   0.102701 -0.0190217 -0.0845933 -0.0594381   -9.80846 
             109.201 -0.106675  0.111928 0.0257179 -0.000246435    0.0217149   0.00674585 0 0 0   -0.011 -0.02329  0.04412 -0.0209159  0.0210338 0.00435703  6.28219e-05  0.000157443 -0.000237976  0.0573993   0.102609 -0.0190768 -0.0846068 -0.0594326   -9.80846 
               109.3 -0.129429  0.083728  0.031814 0.00335778  0.0184983 0.00495626 0 0 0   -0.011 -0.02329  0.04412  0.00406155  0.00291595 -0.00183095  6.65253e-05  0.000135316 -0.000240163  0.0567464    0.10323 -0.0188052 -0.0845867 -0.0594578   -9.80846 
             109.402 -0.125223 0.0735565  0.028143 0.00853825  0.0156536 0.00647534 0 0 0   -0.011 -0.02329  0.04412   0.0242125 -0.00474059  0.00446408  3.15865e-05   0.00014806 -0.000220596  0.0561937   0.103608 -0.0190396 -0.0845687  -0.059474   -9.80846 
             109.502 -0.128623 0.0761413 0.0247744 0.00455798  0.0170935 0.00562458 0 0 0   -0.011 -0.02329  0.04412 0.000910411  0.00308407 -0.00341241  3.17258e-05  0.000161916 -0.000229922  0.0569362   0.103382 -0.0189252 -0.0845944 -0.0594639   -9.80845 
             109.601 -0.140829 0.0768649 0.0300748 0.00319821  0.0176483 0.00575745 0 0 0   -0.011 -0.02329  0.04412 -0.00168508  0.00410733 0.000628245  5.13318e-05  0.000149725 -0.000236968  0.0571205   0.103351 -0.0189734 -0.0846009 -0.0594622   -9.80845 
             109.701 -0.143443 0.0912438 0.0268358 0.00516746  0.0161583 0.00762492 0 0 0   -0.011 -0.02329  0.04412 0.00908594 -0.0114818  0.0125835  6.72137e-05  0.000153451 -0.000214586  0.0568924   0.103553 -0.0191483 -0.0845943 -0.0594707   -9.80845 
             109.802 -0.132413 0.0555396 0.0229384  0.0059355  0.0174886 0.00625819 0 0 0   -0.011 -0.02329  0.04412  0.00608967  0.00159287 0.000563994  5.30219e-05  0.000173124 -0.000209515 0.0569042  0.103244 -0.018856 -0.0845929 -0.0594591   -9.80846 
             109.902 -0.125876 0.0929238 0.0234186 0.00677218  0.0195143 0.00701308 0 0 0   -0.011 -0.02329  0.04412  0.0100804 0.00962766 0.00108656  4.08598e-05   0.00015499 -0.000188352  0.0569012   0.103049 -0.0189824 -0.0845925 -0.0594525   -9.80846 
                 110 -0.111731 0.0734661  0.033416 0.00214587   0.018979 0.00671126 0 0 0   -0.011 -0.02329  0.04412  -0.0155378  0.00121251 -0.00237826  6.12343e-05  0.000175203 -0.000212237  0.0575194   0.103197 -0.0189566 -0.0846144 -0.0594556   -9.80845 
               110.1 -0.130629 0.0793811 0.0283918 0.00326402  0.0167997 0.00665586 0 0 0   -0.011 -0.02329  0.04412 -0.00562091 -0.00420075 -0.00811494  4.73424e-05  0.000162288 -0.000206347  0.0571717   0.103445 -0.0190134 -0.0846036  -0.059466   -9.80845 
               110.2 -0.131855 0.0774739  0.031184 0.00242348  0.0176979 0.00486381 0 0 0   -0.011 -0.02329  0.04412 -0.00836342   0.0143309  -0.0153987   4.6232e-05  0.000152152 -0.000189886  0.0572041   0.103379 -0.0189096 -0.0846042 -0.0594632   -9.80845 
             110.302 -0.121576 0.0763439 0.0261937 0.00559301  0.0219261  0.0043289 0 0 0   -0.011 -0.02329  0.04412 0.00711152  0.0263395 -0.0114035   7.0998e-05  0.000125496 -0.000178204  0.0567401   0.103083 -0.0190103 -0.0845878 -0.0594545   -9.80846 
               110.4 -0.122814 0.0711511 0.0257613 0.00776907  0.0210758 0.00547576 0 0 0   -0.011 -0.02329  0.04412    0.020649   0.0188865 -0.00141633 9.30858e-05 0.000136304 -0.00014279 0.0566086  0.103509 -0.019291 -0.0845853 -0.0594707   -9.80846 
               110.5 -0.120753 0.0705447 0.0133814 0.00703744  0.0173528 0.00540697 0 0 0   -0.011 -0.02329  0.04412   0.0165725   0.0109505 -0.00467096  9.24589e-05  0.000139691 -0.000158957  0.0569593   0.104187 -0.0193471 -0.0845977 -0.0594942   -9.80845 
               110.6 -0.130923 0.0954033 0.0284527 0.00687166  0.0171292 0.00600609 0 0 0   -0.011 -0.02329  0.04412   0.0152699  0.00497861 0.000726197  9.53199e-05  0.000143811 -0.000127591  0.0571978   0.104348 -0.0194573 -0.0846067 -0.0594998   -9.80845 
             110.702 -0.112073 0.0997578  0.028379 0.00410147  0.0205662 0.00754019 0 0 0   -0.011 -0.02329  0.04412  0.000433809    0.0191596 -0.000619271  8.92407e-05  0.000148573 -0.000147076 0.0577157  0.104044  -0.01965 -0.0846242 -0.0594889   -9.80845 
               110.8 -0.114958 0.0694231 0.0224855 0.00528123  0.0202179 0.00405615 0 0 0   -0.011 -0.02329  0.04412   0.0120109   0.0119142 -0.00991022  6.87704e-05  0.000149119 -0.000125402  0.0576062   0.104276 -0.0192484 -0.0846211 -0.0594962   -9.80845 
             110.902 -0.100509 0.0677331 0.0276636 0.00586887  0.0212086 0.00599793 0 0 0   -0.011 -0.02329  0.04412 0.000346163  0.00858515  0.00836251  7.93672e-05  0.000174734 -0.000113873 0.0576316  0.104312 -0.019553 -0.0846222 -0.0594978   -9.80845 
             111.001 -0.141396 0.0704332 0.0047464 0.00145271  0.0185502 0.00635132 0 0 0   -0.011 -0.02329  0.04412  -0.0221761 0.000345067   0.0112974  9.54917e-05  0.000184844 -5.80667e-05  0.0581219   0.104727 -0.0194564 -0.0846397 -0.0595104   -9.80845 
             111.101 -0.114899  0.157673 0.0444428 -0.00635516   0.0166145  0.00716673 0 0 0   -0.011 -0.02329  0.04412  -0.0457854 -0.00469699   0.0085293  6.62971e-05  0.000118133 -8.83669e-05  0.0587024   0.104956 -0.0194255 -0.0846594 -0.0595175   -9.80845 
             111.202 -0.166967   0.14791 0.0356884 -0.00189391    0.014617  0.00693961 0 0 0   -0.011 -0.02329  0.04412 -0.0140813 -0.0145707  0.0160429  0.000103244  0.000152974 -8.55884e-05  0.0575784   0.105106 -0.0192779 -0.0846218 -0.0595246   -9.80845 
               111.3 -0.106615 0.0731733 0.0171679 0.00677756  0.0199078 0.00680545 0 0 0   -0.011 -0.02329  0.04412  0.0359747 0.00236978  0.0094693  0.000109514  0.000205068 -0.000125724  0.0564009   0.104292 -0.0190418 -0.0845808 -0.0595005   -9.80845 
             111.401 -0.118689 0.0504003 0.0268159   0.012112  0.0187818 0.00627108 0 0 0   -0.011 -0.02329  0.04412    0.0468111 -0.000129316  -0.00515382  9.50408e-05  0.000264238 -0.000143944    0.05624   0.104457 -0.0189041 -0.0845771 -0.0595063   -9.80845 
             111.501  -0.13816 0.0538727 0.0206527 0.00765329   0.016399 0.00639053 0 0 0   -0.011 -0.02329  0.04412   0.0228718 -0.00201217 -0.00437677  9.66323e-05  0.000257835 -0.000133601  0.0573038    0.10475 -0.0189747 -0.0846137 -0.0595106   -9.80845 
             111.601 -0.0917793  0.0575901  0.0239282 0.00987907  0.0195312 0.00650077 0 0 0   -0.011 -0.02329  0.04412  0.0256601   0.014783 -0.0138682  7.57632e-05   0.00027608 -0.000141892  0.0573328   0.104403 -0.0191015 -0.0846135 -0.0594995   -9.80845 
             111.701  -0.10733 0.0443643 0.0310573 0.00865993   0.021918 0.00468392 0 0 0   -0.011 -0.02329  0.04412  0.0138039  0.0168598 -0.0128363  9.88416e-05  0.000243982 -0.000141358  0.0577744   0.104354 -0.0190506 -0.0846276  -0.059496   -9.80845 
             111.802 -0.114873 0.0572476 0.0173526 0.0105277 0.0224948 0.0040853 0 0 0   -0.011 -0.02329  0.04412  0.0220095  0.0151377 -0.0130585  0.000124101  0.000270755 -9.76862e-05   0.057734   0.104483 -0.0191412 -0.0846276  -0.059501   -9.80845 
             111.901 -0.0930411  0.0743818  0.0258674   0.010036  0.0216143 0.00654138 0 0 0   -0.011 -0.02329  0.04412  0.0177425 0.00337718 0.00243282  9.99764e-05  0.000259937 -9.19483e-05  0.0580633   0.104728 -0.0195808 -0.0846424  -0.059512   -9.80845 
             112.002 -0.106204 0.0607692 0.0292609 0.00752689  0.0165744 0.00650729 0 0 0   -0.011 -0.02329  0.04412 -0.00079374   -0.021835 -0.00229013  0.000141278  0.000263295 -9.28914e-05  0.0585134   0.105313 -0.0195787 -0.0846578 -0.0595306   -9.80845 
             112.102 -0.137329 0.0504528 0.0185237 0.00425475  0.0126065 0.00751461 0 0 0   -0.011 -0.02329  0.04412 -0.0169455 -0.0309928 0.00601846  0.000134859  0.000251059 -6.83812e-05  0.0588185   0.105481 -0.0196931 -0.0846688 -0.0595362   -9.80845 
               112.2   -0.1296 0.0835484 0.0156148 0.000142027   0.0176222  0.00757614 0 0 0   -0.011 -0.02329  0.04412   -0.0296852 -0.000452324    0.0060342  8.82774e-05  0.000214297 -4.60331e-05  0.0590869   0.104551 -0.0196019 -0.0846747 -0.0595048   -9.80845 
             112.302 -0.112572 0.0590386 0.0455527  0.0054359  0.0199431 0.00514891 0 0 0   -0.011 -0.02329  0.04412  0.00531945  0.00358693 -0.00887396  6.57546e-05  0.000241934 -6.39559e-05  0.0581654   0.104269 -0.0192392 -0.0846416 -0.0594981   -9.80845 
             112.401 -0.133871 0.0796266 0.0180564 0.00787134  0.0157393 0.00560188 0 0 0   -0.011 -0.02329  0.04412  0.00864154  -0.0243575 -0.00249954  0.000105001  0.000198058 -3.76582e-05   0.057957   0.104761 -0.0194105 -0.0846373 -0.0595147   -9.80845 
             112.502 -0.111314  0.112105  0.018256 -0.00163191   0.0200641  0.00527959 0 0 0   -0.011 -0.02329  0.04412 -0.0296394 0.00508542 0.00252452  9.72467e-05  0.000199104 -5.83644e-05  0.0591567   0.104045 -0.0193611 -0.0846741  -0.059489   -9.80845 
             112.601 -0.132449 0.0674416 0.0210087 0.00240216  0.0185728 0.00603294 0 0 0   -0.011 -0.02329  0.04412 -0.00405704 -0.00224646 0.000840525  8.91547e-05  0.000202106 -6.04653e-05  0.0583194   0.104318 -0.0194291 -0.0846484 -0.0595008   -9.80845 
             112.701  -0.12716 0.0966358 0.0242281 0.00763852  0.0206117 0.00695179 0 0 0   -0.011 -0.02329  0.04412  0.0208103   0.015746 0.00257719  7.25936e-05  0.000191352 -5.83729e-05  0.0577047   0.104089 -0.0195344 -0.0846281 -0.0594958   -9.80845 
             112.802 -0.126246 0.0749106 0.0187518 0.00768045  0.0190481 0.00462024 0 0 0   -0.011 -0.02329  0.04412   0.0141004   0.0077441 -0.00931707 5.70173e-05 0.000232364 -1.3832e-05 0.0579483  0.104463 -0.019238 -0.0846365 -0.0595068   -9.80845 
             112.901 -0.119273 0.0892443 0.0268064 0.00346599  0.0186402  0.0062699 0 0 0   -0.011 -0.02329  0.04412  0.00140822 -0.00138386  0.00204342   4.4982e-05  0.000223937 -5.08838e-05  0.0586508   0.104582 -0.0195493  -0.084659 -0.0595095   -9.80845 
             113.002 -0.129705 0.0684275 0.0241869 0.00200525  0.0178787 0.00725822 0 0 0   -0.011 -0.02329  0.04412  -0.00248964 -0.000846126    0.0101569  1.27049e-05  0.000230056 -5.32174e-05  0.0588455   0.104624 -0.0196014 -0.0846654   -0.05951   -9.80845 
             113.101 -0.140384 0.0625001   0.02882 0.00646362  0.0150698 0.00775205 0 0 0   -0.011 -0.02329  0.04412   0.0107213 -0.00981218  0.00615164 2.54552e-05 0.000211633 -7.8658e-05  0.0583034   0.104935 -0.0195814 -0.0846496 -0.0595223   -9.80845 
             113.201 -0.122909 0.0856736 0.0310611 0.00467553  0.0157004 0.00663416 0 0 0   -0.011 -0.02329  0.04412  -0.00723068 -0.000828196   0.00378569  -2.5561e-05  0.000207381 -5.92548e-05  0.0586369   0.104794 -0.0193541 -0.0846586 -0.0595161   -9.80845 
             113.302 -0.108421  0.080721  0.032102  0.0028059  0.0171453 0.00639995 0 0 0   -0.011 -0.02329  0.04412  -0.0107429  0.00788131 -0.00013036 -2.71532e-05  0.000240413 -3.47942e-05 0.0587498  0.104642 -0.019279 -0.0846614 -0.0595111   -9.80845 
             113.401 -0.130921 0.0894847 0.0259442 0.00685276  0.0182677 0.00728494 0 0 0   -0.011 -0.02329  0.04412  0.0126791  0.0132271 0.00755457 -4.89647e-05  0.000228461 -4.76226e-05  0.0581907   0.104648 -0.0193865 -0.0846441  -0.059512   -9.80845 
             113.502 -0.114762 0.0534009 0.0220077 0.00547843  0.0213514   0.007314 0 0 0   -0.011 -0.02329  0.04412 -0.000915862     0.015873   0.00941361 -5.49509e-05  0.000250512 -4.08853e-05  0.0584546   0.104474 -0.0192785 -0.0846519 -0.0595057   -9.80845 
               113.6 -0.111805  0.088493 0.0192871 0.00278861  0.0193578 0.00761617 0 0 0   -0.011 -0.02329  0.04412 0.00181869 0.00079767 0.00681667 -5.03875e-05  0.000207882 -1.32397e-05 0.0587927  0.104862 -0.019229 -0.0846634 -0.0595167   -9.80845 
             113.701 -0.125833 0.0801116 0.0262716 0.00693757  0.0163747 0.00747147 0 0 0   -0.011 -0.02329  0.04412   0.0109014  -0.0218369 0.000221755 -9.11404e-06  0.000230076 -1.01449e-05  0.0583229   0.105137 -0.0191258 -0.0846493 -0.0595262   -9.80845 
               113.8 -0.126342  0.068279 0.0249674 0.00760585  0.0162471 0.00448573 0 0 0   -0.011 -0.02329  0.04412  0.0129539 -0.0194804 -0.0122101 -1.85929e-05  0.000242159  2.31992e-05  0.0583736    0.10488 -0.0187569 -0.0846491 -0.0595159   -9.80845 
             113.901 -0.116985 0.0893926 0.0308661 0.0055846  0.016224 0.0048939 0 0 0   -0.011 -0.02329  0.04412  0.00424083 -0.00307369 -0.00335935 -2.35848e-05  0.000209516 -1.00868e-05  0.0587964   0.104727 -0.0189472 -0.0846623  -0.059511   -9.80845 
             114.002 -0.123105 0.0835086 0.0280609 0.000578097   0.0153724  0.00681374 0 0 0   -0.011 -0.02329  0.04412  -0.0112871 -0.00179708  0.00639356 -3.71867e-06  0.000206494 -3.49843e-06  0.0594405   0.104779 -0.0192266 -0.0846835 -0.0595113   -9.80845 
               114.1 -0.114382 0.0663611 0.0209334 0.00416071  0.0157962 0.00654152 0 0 0   -0.011 -0.02329  0.04412   0.0154421 -0.00224826  0.00409348 2.20334e-05 0.000198862 1.76185e-05  0.0589265     0.1047 -0.0191245 -0.0846671 -0.0595098   -9.80845 
               114.2 -0.131255 0.0847317 0.0158473 0.00604303  0.0195633 0.00744888 0 0 0   -0.011 -0.02329  0.04412 0.0144069 0.0102664 0.0119075 3.88084e-05 0.000188871 2.31944e-05  0.0588852   0.104244 -0.0191355 -0.0846651  -0.059496   -9.80845 
               114.3 -0.106531 0.0707525 0.0311471 0.00699862  0.0188425 0.00580364 0 0 0   -0.011 -0.02329  0.04412  0.00742075   0.0077454 -0.00184327 -5.65613e-06  0.000224802  1.31543e-05  0.0589177   0.104446 -0.0188093 -0.0846656 -0.0595003   -9.80845 
             114.402 -0.115984  0.160451 0.0417944 -0.00275103   0.0188304  0.00503383 0 0 0   -0.011 -0.02329  0.04412  -0.0288594  0.00837329 -0.00516974  2.31899e-07  0.000174032 -3.29027e-05 0.0601244  0.104568 -0.018766 -0.0847026 -0.0594995   -9.80845 
             114.501 -0.138764 0.0895628 0.0244175 0.00110027  0.0178178 0.00572457 0 0 0   -0.011 -0.02329  0.04412 -0.000578836  -0.00334969  -0.00835879  5.88761e-06  0.000187985 -1.25715e-07  0.0593457   0.104768 -0.0189069 -0.0846797 -0.0595086   -9.80845 
               114.6 -0.113158 0.0750027 0.0207674 0.00509139  0.0197828 0.00552535 0 0 0   -0.011 -0.02329  0.04412  0.0101013 0.00802139  -0.014362 -1.06561e-05  0.000208475 -2.00121e-05   0.058825   0.104509 -0.0190251 -0.0846632 -0.0595022   -9.80845 
               114.7 -0.122892 0.0782186 0.0229807 0.00570947   0.021727 0.00475062 0 0 0   -0.011 -0.02329  0.04412  0.0179174 0.00883107 -0.0108909 2.80477e-05 0.000195834 8.04426e-07  0.0589221   0.104378 -0.0191179 -0.0846655 -0.0594983   -9.80845 
             114.802 -0.110696 0.0716623 0.0244495 0.00721732  0.0194564 0.00552001 0 0 0   -0.011 -0.02329  0.04412   0.0212394 -0.00219323  0.00261753 -1.81963e-05  0.000260591  2.53112e-05  0.0589857    0.10472 -0.0192988 -0.0846686 -0.0595091   -9.80845 
             114.901  -0.11951  0.108376 0.0251083 0.00544144  0.0211257 0.00579404 0 0 0   -0.011 -0.02329  0.04412   0.0117067 0.000954281  0.00410671 -2.95678e-05  0.000226063  3.00916e-05  0.0594644   0.104484 -0.0193075 -0.0846824 -0.0595011   -9.80845 
             115.002 -0.111545 0.0803045 0.0266297  0.0052211  0.0216322 0.00682199 0 0 0   -0.011 -0.02329  0.04412 0.00546671 0.00470576 0.00994163 -7.46692e-05  0.000208749  4.25734e-05  0.0596094   0.104484 -0.0193552 -0.0846868 -0.0595009   -9.80845 
             115.101 -0.115826 0.0779254 0.0253449 0.00560166  0.0204479 0.00722387 0 0 0   -0.011 -0.02329  0.04412   0.0105414 -0.00416036  0.00599202 -7.77279e-05  0.000246751  5.34756e-05   0.059654   0.104654 -0.0192826 -0.0846881 -0.0595058   -9.80845 
             115.203 -0.102432 0.0691366 0.0245085 0.00756835  0.0216912 0.00813565 0 0 0   -0.011 -0.02329  0.04412  0.0130953 0.00371275  0.0140126 -0.00011403 0.000217758 8.89045e-05  0.0595445   0.104466 -0.0193088 -0.0846848 -0.0595004   -9.80845 
               115.3 -0.125279 0.0702458 0.0289322 0.00711927  0.0177229 0.00546913 0 0 0   -0.011 -0.02329  0.04412   0.0107356 -0.00838213 -0.00450976   -0.000103 0.000208917 0.000128897  0.0597604   0.104977 -0.0188664 -0.0846895 -0.0595146   -9.80845 
             115.402 -0.143405 0.0751138  0.026698 0.00893207  0.0162467 0.00557005 0 0 0   -0.011 -0.02329  0.04412   0.008024 -0.0181044 -0.0024547 -9.26614e-05  0.000218018  9.94731e-05  0.0596403   0.104982 -0.0189549 -0.0846863  -0.059515   -9.80845 
             115.501 -0.131528 0.0675139 0.0190002  0.0020181  0.0168207 0.00646844 0 0 0   -0.011 -0.02329  0.04412  -0.0190133 -0.00861541 -0.00311837 -5.76965e-05  0.000233554  0.000118759  0.0605154   0.104702 -0.0191137 -0.0847119  -0.059506   -9.80845 
             115.602 -0.114272 0.0617799 0.0307646 0.00302624  0.0204609 0.00577641 0 0 0   -0.011 -0.02329  0.04412  -0.0165358   0.0161264 -0.00565999 -8.68399e-05  0.000236615  0.000108626  0.0601177   0.104211 -0.0190857 -0.0846991 -0.0594925   -9.80845 
             115.702 -0.139746 0.0819515   0.01835 0.00431497  0.0183664 0.00635159 0 0 0   -0.011 -0.02329  0.04412  0.0013109 0.00299041 -0.0100186 -4.10004e-05  0.000237898  0.000131698  0.0598489   0.104659 -0.0192539 -0.0846928 -0.0595064   -9.80845 
               115.8 -0.113969 0.0667849 0.0271373 0.00424356  0.0190469 0.00389006 0 0 0   -0.011 -0.02329  0.04412 -0.000676713  0.000917365  -0.00605713 -7.03477e-05   0.00022967  0.000150425  0.0598801    0.10458 -0.0190649  -0.084693 -0.0595036   -9.80845 
             115.902 -0.110294 0.0827107 0.0169736 0.00469767  0.0180015 0.00553814 0 0 0   -0.011 -0.02329  0.04412  0.00302041 -0.00519827   0.0038682 -7.22522e-05  0.000199558  0.000151883  0.0598085    0.10472 -0.0193489 -0.0846923 -0.0595083   -9.80845 
             116.003 -0.120916 0.0850527 0.0293418  0.0044608  0.0186604 0.00789784 0 0 0   -0.011 -0.02329  0.04412 0.00502967 0.00158526  0.0086023 -4.92565e-05  0.000171594  0.000141629  0.0599289   0.104584 -0.0195597 -0.0846968 -0.0595049   -9.80845 
               116.1 -0.120562 0.0841867 0.0286618  0.0026209  0.0174846 0.00733327 0 0 0   -0.011 -0.02329  0.04412  0.00159491 -0.00683713  0.00380621 -2.72719e-05   0.00018817  0.000106672  0.0601936    0.10473 -0.0194008 -0.0847041 -0.0595075   -9.80845 
             116.202 -0.135457   0.10554 0.0273152 0.00261816  0.0163222 0.00514375 0 0 0   -0.011 -0.02329  0.04412  0.00645788 -0.00687092   -0.012436 -1.72514e-05  0.000176407  0.000156001  0.0602698   0.104809 -0.0191261 -0.0847059  -0.059508   -9.80845 
               116.3 -0.132746  0.070333 0.0342213 0.00795696  0.0188886 0.00389928 0 0 0   -0.011 -0.02329  0.04412   0.020612 0.00527079 -0.0158598 -1.75795e-05  0.000200046  0.000188239  0.0597224   0.104466 -0.0191381 -0.0846893 -0.0594999   -9.80845 
               116.4 -0.131317 0.0692338 0.0245905 0.00667704  0.0156439 0.00518802 0 0 0   -0.011 -0.02329  0.04412   0.0113256 -0.00964642  -0.0071875 -4.72934e-05  0.000212427  0.000184902  0.0601128   0.104882 -0.0195058 -0.0847008  -0.059512   -9.80845 
             116.502 -0.129857 0.0732402  0.030975 0.00241679  0.0160958 0.00480327 0 0 0   -0.011 -0.02329  0.04412  -0.0054163 0.000331043  -0.0112595 -6.76721e-05  0.000238115  0.000196088  0.0607535   0.104726 -0.0195926  -0.084719 -0.0595074   -9.80845 
             116.601  -0.13266 0.0893742  0.024616 0.00227029  0.0173197 0.00661794 0 0 0   -0.011 -0.02329  0.04412 -0.00225028  0.00979198   0.0102007 -9.3903e-05 0.000264665 0.000208147  0.0607453   0.104598 -0.0199034 -0.0847187 -0.0595035   -9.80845 
               116.7  -0.117399  0.0738328 -0.0581442 0.00483345  0.0207301  0.0100507 0 0 0   -0.011 -0.02329  0.04412 0.00507269  0.0198524  0.0667164 -7.54522e-05   0.00027577  0.000256266  0.0604213   0.104321 -0.0200263 -0.0847092  -0.059496   -9.80845 
             116.802 -0.105662 0.0337433  -1.80986 0.00622253  0.0179113  0.0209808 0 0 0   -0.011 -0.02329  0.04412    0.013076 -0.00531545    0.223934 -8.20744e-05  0.000262912  0.000365463  0.0603565   0.104836 -0.0197944 -0.0847119 -0.0595108   -9.80845 
             116.901  -0.303388 -0.0298221   -5.57867 0.00976957  0.0176415  0.0572944 0 0 0   -0.011 -0.02329  0.04412 0.0202833 0.0112149  0.473154 -5.10613e-05  0.000262744  0.000407616  0.0601106   0.104811 -0.0204577 -0.0847075 -0.0595403   -9.80845 
             117.001 -0.750399 -0.179813  -9.97199  0.010426 0.0172238  0.119164 0 0 0   -0.011 -0.02329  0.04412 0.0141046 0.0251576   0.73292 -7.28374e-05  0.000268718  0.000451531  0.0601174   0.105177 -0.0210216 -0.0848504 -0.0594852   -9.80845 
             117.101  -1.37555 -0.267201  -13.8618 0.0140957 0.0256526  0.204371 0 0 0   -0.011 -0.02329  0.04412 0.0279845 0.0660344  0.983332 -7.05916e-05  0.000273731  0.000418923  0.0604048    0.10443 -0.0212869 -0.0843457 -0.0596711   -9.80846 
             117.201  -1.83707 -0.323238  -16.5071  0.015534 0.0310769  0.311708 0 0 0   -0.011 -0.02329  0.04412 0.0290168 0.0851258    1.2121 -5.86238e-05  0.000224705   0.00038784  0.0600979   0.104983 -0.0211527  -0.084802 -0.0594313   -9.80845 
             117.301  -1.91885 -0.226704  -17.6633 0.0171739 0.0406153  0.440704 0 0 0   -0.011 -0.02329  0.04412 0.0327966  0.112695   1.37351 -0.000116619  0.000226299  0.000315968  0.0601268   0.105436 -0.0212562 -0.0849338 -0.0590594   -9.80845 
             117.402  -1.55016 -0.136029  -17.6277 0.0168974 0.0560049  0.583372 0 0 0   -0.011 -0.02329  0.04412 0.0203916  0.141561   1.45066 -0.000120446  0.000237027  0.000292086  0.0614529   0.106399 -0.0212772 -0.0841352 -0.0578425   -9.80847 
             117.501  -0.912776 -0.0694283   -16.8804 0.0133284 0.0695177  0.721829 0 0 0   -0.011 -0.02329  0.04412 0.00117704   0.137509    1.44458 -0.000135183  0.000269911  0.000280269   0.061691   0.108189 -0.0204807 -0.0845381 -0.0562884   -9.80847 
             117.601  -0.270389 -0.0820782    -15.933 0.0143249  0.080654  0.858397 0 0 0   -0.011 -0.02329  0.04412 0.00376242   0.119505    1.40149 -0.000139221  0.000279577  0.000293869  0.0609622   0.107724 -0.0195424 -0.0850671 -0.0569198   -9.80847 
               117.7  0.258578 -0.189576  -15.1011 0.0228766 0.0933625  0.987819 0 0 0   -0.011 -0.02329  0.04412 0.0355958   0.11124   1.32778 -0.000134874  0.000288864   0.00031607  0.0608751   0.104901 -0.0185889 -0.0842745 -0.0593014   -9.80846 
             117.801 0.494433 -0.24155 -14.5598 0.0238941  0.105269   1.11786 0 0 0   -0.011 -0.02329  0.04412 0.0214916  0.104572   1.26108 -0.000125279  0.000247231  0.000314165  0.0615151   0.105619 -0.0184291 -0.0839949 -0.0585054   -9.80847 
               117.9  0.41102 -0.32686 -14.3586 0.0157989  0.122002   1.24071 0 0 0   -0.011 -0.02329  0.04412 -0.0294366   0.121779    1.18807 -8.03723e-05  0.000269301  0.000356932  0.0642184   0.107931 -0.0186019 -0.0826476 -0.0557149   -9.80849 
             118.001  0.177193 -0.387144  -14.2528 0.00964578   0.131511    1.35027 0 0 0   -0.011 -0.02329  0.04412 -0.0429877   0.103129    1.07636 -8.77745e-05  0.000253305  0.000327069  0.0638591    0.10902 -0.0177874  -0.083284 -0.0549893   -9.80849 
             118.102  -0.11385 -0.379462  -14.3286 0.0135697  0.142403   1.45186 0 0 0   -0.011 -0.02329  0.04412 -0.00655038    0.111944    0.973874 -8.37068e-05   0.00024001  0.000300379 0.0633098  0.106835  -0.01739 -0.0829061 -0.0569053   -9.80848 
               118.2 -0.254311 -0.393563  -14.3472 0.0174053  0.157907   1.54389 0 0 0   -0.011 -0.02329  0.04412 0.00903869   0.131453   0.882393 -0.000135281  0.000238376  0.000301385  0.0641671   0.105153 -0.0174272 -0.0816253 -0.0579076   -9.80849 
               118.3 -0.187428 -0.451533  -14.3519 0.00841831   0.168595    1.62964 0 0 0   -0.011 -0.02329  0.04412 -0.0402258   0.120606   0.795684 -0.000125234  0.000257554  0.000344943   0.064329   0.107937 -0.0175807 -0.0825127 -0.0556683   -9.80849 
             118.401 -0.00448823   -0.497312    -14.2817 0.00688246   0.175232    1.70643 0 0 0   -0.011 -0.02329  0.04412 -0.0487446  0.0895304   0.689297 -0.000135277   0.00025818  0.000336543  0.0626194   0.107481 -0.0176731 -0.0836838 -0.0566432   -9.80848 
             118.501  0.200749 -0.494068  -14.2231 -0.00248158      0.1816     1.77051 0 0 0   -0.011 -0.02329  0.04412 -0.0701588  0.0673397   0.603311 -0.000138267  0.000250043  0.000367789  0.0624252   0.108705 -0.0175007  -0.08428 -0.055764  -9.80848 
             118.601  0.191815 -0.372942  -13.7328 -0.00738796    0.187262     1.82464 0 0 0   -0.011 -0.02329  0.04412 -0.0614387  0.0604204   0.514486 -7.17683e-05  0.000192587  0.000316304  0.0620383   0.108286 -0.0171254 -0.0844207 -0.0562429   -9.80848 
             118.701 -0.0616472 -0.0454347    -12.222 -0.01581 0.202114  1.87243 0 0 0   -0.011 -0.02329  0.04412 -0.0651051    0.08238   0.428763 -3.25628e-05  0.000168574  0.000297904  0.0646822   0.108163 -0.0171138 -0.0823316 -0.0553581    -9.8085 
               118.8 -0.217226  0.206651  -9.73753 -0.024348  0.210736   1.90879 0 0 0   -0.011 -0.02329  0.04412 -0.0738874  0.0801759   0.156417 -5.14617e-05  0.000194853  0.000241414  0.0650108   0.108533 -0.0175369   -0.08224 -0.0549458    -9.8085 
             118.902 -0.0859123   0.238707     -6.983 -0.0274801    0.22065    1.90766 0 0 0   -0.011 -0.02329  0.04412 -0.0539464  0.0942084  -0.186644 -0.000100088  0.000243967  0.000244844  0.0649301   0.107435 -0.0172227 -0.0818284 -0.0557488    -9.8085 
                 119 0.397514 0.136612 -4.41497 -0.0347724   0.226121    1.87608 0 0 0   -0.011 -0.02329  0.04412 -0.0615227   0.072089   -0.44295 -0.000114398  0.000275061  0.000248178   0.064553   0.108142 -0.0168897 -0.0823845 -0.0555055    -9.8085 
             119.101  0.936419 0.0245499  -2.48838 -0.0442482   0.220203    1.82754 0 0 0   -0.011 -0.02329  0.04412 -0.0726815 0.00178287   -0.60973 -9.28467e-05  0.000276399  0.000284258  0.0635352     0.1099 -0.0173619 -0.0836518 -0.0553139   -9.80849 
             119.202   1.2593 -0.06621 -1.19943 -0.0465194   0.227276     1.7665 0 0 0   -0.011 -0.02329  0.04412 -0.0527667 0.00870292  -0.720998 -0.000103197  0.000312236  0.000340509 0.0634878  0.108587 -0.018081 -0.0831576 -0.0555967   -9.80849 
             119.301   1.19796 -0.130953 -0.633459 -0.0475364   0.233121    1.70572 0 0 0   -0.011 -0.02329  0.04412 -0.0310936 0.00830376  -0.490067 -6.5598e-05  0.00030631 0.000369253  0.0631519    0.10768 -0.0185475 -0.0830042 -0.0557273   -9.80849 
             119.401   0.756121 -0.0522741  -0.693473 -0.0514573   0.233643    1.68004 0 0 0   -0.011 -0.02329  0.04412  -0.0340914 -0.00192599   -0.183642 -5.28971e-05  0.000286671  0.000387586  0.0632159   0.107321 -0.0201053 -0.0830406 -0.0560338   -9.80849 
               119.5 0.171437 0.075138 -1.14609 -0.0566889   0.229126     1.6824 0 0 0   -0.011 -0.02329  0.04412 -0.0378314 -0.0263118  0.0621357 -5.76848e-05  0.000262992  0.000414617  0.0634523   0.107469 -0.0215652 -0.0830672 -0.0563306   -9.80849 
             119.602 -0.296909  0.227159  -1.68675 -0.0625212   0.226666    1.70162 0 0 0   -0.011 -0.02329  0.04412 -0.0458672  -0.025677   0.220551 -7.09263e-05  0.000218112  0.000433635  0.0636799   0.107324 -0.0223398 -0.0830926 -0.0564334   -9.80849 
             119.702 -0.521834  0.311588  -2.11393 -0.0653193   0.227536    1.72337 0 0 0   -0.011 -0.02329  0.04412  -0.0369585 -0.00273968    0.288552 -9.05267e-05  0.000189413  0.000435161  0.0635185   0.106982 -0.0218971 -0.0830667 -0.0564074   -9.80849 
             119.803 -0.471809  0.330677  -2.35634 -0.0692755   0.228314    1.74731 0 0 0   -0.011 -0.02329  0.04412  -0.0264667 -0.00139892    0.307839 -0.000138433  0.000190888  0.000438283  0.0636319   0.106865 -0.0210077 -0.0830718 -0.0564028   -9.80849 
             119.902 -0.248007  0.346477  -2.37877 -0.071919  0.226278    1.7788 0 0 0   -0.011 -0.02329  0.04412 -0.0217173 -0.0106005   0.333598 -0.000164283  0.000184357  0.000379127   0.063635   0.107077 -0.0209726 -0.0831154 -0.0564032   -9.80849 
             120.001 -0.00122158    0.345501    -2.23173 -0.0744585   0.224019    1.80895 0 0 0   -0.011 -0.02329  0.04412 -0.0177156 -0.0213684    0.32974 -0.000161267  0.000147093    0.0003957  0.0636496   0.107212 -0.0205453 -0.0831687  -0.056415   -9.80849 
               120.1 0.194481 0.343662 -1.98612 -0.0751214   0.226166    1.84055 0 0 0   -0.011 -0.02329  0.04412 -0.0140633 -0.0145802   0.324455 -0.000168458  0.000124039  0.000381142  0.0636761   0.106664 -0.0204565   -0.08305 -0.0564195   -9.80849 
             120.201 0.314544 0.338859  -1.7455 -0.07352 0.224864  1.86997 0 0 0   -0.011 -0.02329  0.04412 0.00111731 -0.0298468   0.296232 -0.000171151  0.000108507    0.0003748  0.0633868   0.106467 -0.0201293 -0.0830242 -0.0564702   -9.80849 
             120.301  0.34407 0.362927 -1.45204 -0.0731118   0.222368    1.89823 0 0 0   -0.011 -0.02329  0.04412 0.00857413 -0.0409699    0.26841 -0.000169032  0.000137775  0.000362497 0.0634151  0.106339 -0.020081 -0.0830051  -0.056462   -9.80849 
             120.402 0.296316 0.337292 -1.31027 -0.0739003   0.225265    1.92792 0 0 0   -0.011 -0.02329  0.04412 0.00717774  -0.020368   0.257558 -0.000161129  0.000178726    0.0003933  0.0638204   0.105476 -0.0205511 -0.0828936 -0.0564307   -9.80849 
               120.5 0.172983 0.301655 -1.13537 -0.0745994   0.219341    1.95441 0 0 0   -0.011 -0.02329  0.04412 6.11734e-05  -0.0374821    0.247413 -0.000122745  0.000198926  0.000389445  0.0639211   0.105932 -0.0207678 -0.0829272 -0.0564529   -9.80849 
             120.601 0.0607955  0.285606  -1.16785 -0.0758986   0.216468    1.97949 0 0 0   -0.011 -0.02329  0.04412 -2.2963e-05  -0.0300993    0.233148 -0.000124545  0.000177537  0.000424573  0.0641474   0.105856 -0.0208877 -0.0829262 -0.0564457   -9.80849 
               120.7 -0.0239489   0.340496   -1.17088 -0.0727902   0.218509    2.00416 0 0 0   -0.011 -0.02329  0.04412  0.0193924 -0.0136278   0.227877 -9.83359e-05  0.000142515   0.00040525   0.063855   0.105196 -0.0211506 -0.0828786 -0.0564477   -9.80849 
               120.8 -0.0202695   0.444197   -1.15664 -0.0693827   0.212382    2.02075 0 0 0   -0.011 -0.02329  0.04412  0.029731 -0.038064  0.184763 -0.000137452  0.000114141  0.000380803  0.0636542   0.105763 -0.0205188 -0.0829158 -0.0564555   -9.80849 
             120.901 -0.00384455    0.469045    -1.13788 -0.0682238   0.205607    2.04133 0 0 0   -0.011 -0.02329  0.04412  0.0264222 -0.0472914   0.178159 -0.000120088  0.000106314  0.000354334  0.0638744   0.106118 -0.0208747 -0.0829246 -0.0564645   -9.80849 
             121.001 0.0208554  0.426764  -1.10067 -0.0648815   0.200623     2.0584 0 0 0   -0.011 -0.02329  0.04412  0.0364317 -0.0584933   0.164112 -0.000121641   0.00010164  0.000366756  0.0638344   0.106078 -0.0208368 -0.0829232 -0.0564642   -9.80849 
             121.102 0.0145418  0.354541  -1.04703 -0.0624731   0.200484    2.07149 0 0 0   -0.011 -0.02329  0.04412  0.0377878 -0.0395627   0.136254 -9.08429e-05   0.00013061  0.000335487 0.0640521  0.105384 -0.020543 -0.0829191 -0.0564245   -9.80849 
               121.2 -0.0509171    0.25988  -0.982293 -0.0559908   0.198363    2.08341 0 0 0   -0.011 -0.02329  0.04412  0.0486315 -0.0317755   0.120457  -7.686e-05 0.000101028 0.000321471  0.0637168    0.10516 -0.0204024 -0.0829062 -0.0564244   -9.80849 
             121.302 -0.130248   0.22019 -0.790671 -0.0488403   0.191836     2.0871 0 0 0   -0.011 -0.02329  0.04412  0.0530464 -0.0504926  0.0734441 -0.000118316  0.000107397  0.000246316  0.0633571   0.105534 -0.0195192 -0.0829379 -0.0564289   -9.80849 
               121.4  -0.19302   0.19151 -0.908781 -0.0476883   0.189212    2.09871 0 0 0   -0.011 -0.02329  0.04412  0.0343683 -0.0395567  0.0751716 -0.000106393  0.000118402  0.000318719  0.0638892   0.105241 -0.0202175 -0.0829361 -0.0564179   -9.80849 
             121.501 -0.218373  0.218028 -0.874644 -0.0476037   0.185088    2.10534 0 0 0   -0.011 -0.02329  0.04412  0.0173571 -0.0388946  0.0680695 -0.000109493  0.000109385    0.0003289  0.0642541    0.10525 -0.0201573 -0.0829513 -0.0564187   -9.80849 
             121.601  -0.22608  0.278526 -0.857742 -0.0433189   0.179979    2.11044 0 0 0   -0.011 -0.02329  0.04412  0.0269138 -0.0490366  0.0501471 -0.000115944  0.000163479  0.000303294  0.0639337   0.105356 -0.0200316 -0.0829415 -0.0564231   -9.80849 
             121.701 -0.243639  0.271525  -0.83379 -0.0353808   0.180392    2.11448 0 0 0   -0.011 -0.02329  0.04412  0.0504243 -0.0317119  0.0312071 -0.000105407  0.000173268  0.000320408  0.0633323   0.104702 -0.0200026  -0.082921 -0.0563974   -9.80849 
             121.802 -0.252836  0.262853 -0.813842 -0.030627  0.180184    2.1109 0 0 0   -0.011 -0.02329  0.04412   0.0541558  -0.0193158 -0.00657706 -0.000119427  0.000156939  0.000340447  0.0633456   0.104324 -0.0193054 -0.0829453  -0.056396   -9.80849 
               121.9 -0.255017  0.252527 -0.805248 -0.0252991   0.180955    2.11279 0 0 0   -0.011 -0.02329  0.04412   0.0571172  -0.0113956 -0.00231416 -9.96324e-05  0.000149159  0.000356165  0.0633805   0.104036 -0.0196851 -0.0829371 -0.0563777   -9.80849 
             122.001 -0.225548  0.281268 -0.723194 -0.0245656    0.17764    2.11464 0 0 0   -0.011 -0.02329  0.04412    0.0366966   -0.0240446 -0.000283261 -0.000106803  0.000179778  0.000323685  0.0639894   0.104293 -0.0199831 -0.0829481 -0.0563886   -9.80849 
             122.101  -0.21426  0.204459 -0.773495 -0.018133  0.174584   2.11751 0 0 0   -0.011 -0.02329  0.04412   0.044742 -0.0307643 0.00548179 -4.38436e-05  0.000191062  0.000347342  0.0636678   0.104334 -0.0203387 -0.0829251 -0.0563784   -9.80849 
               122.2 -0.244117  0.163991 -0.773593 -0.0135818   0.174817     2.1162 0 0 0   -0.011 -0.02329  0.04412   0.045314 -0.0145734 -0.0034126 -3.90257e-06  0.000173034  0.000364051   0.063649   0.103973 -0.0201529 -0.0829361 -0.0563674   -9.80849 
             122.301 -0.306651  0.144801 -0.759891 -0.00598913     0.17415     2.11134 0 0 0   -0.011 -0.02329  0.04412  0.0575167 -0.0148892 -0.0176889 -4.86839e-06  0.000170434  0.000337228   0.063265   0.103872 -0.0196427 -0.0829333  -0.056364   -9.80849 
               122.4 -0.345666  0.171606 -0.739131 -0.00574851    0.172103     2.11493 0 0 0   -0.011 -0.02329  0.04412  0.0339166 -0.0197571  0.0107708 1.14257e-05 0.000149097 0.000309302  0.0638841   0.103927 -0.0202989 -0.0829478 -0.0563631   -9.80849 
             122.501 -0.341497  0.217624 -0.675018 0.000132822    0.171274     2.11394 0 0 0   -0.011 -0.02329  0.04412  0.0433317 -0.0256508 0.00103376 -1.27841e-05  0.000132629  0.000300414   0.063602   0.103713 -0.0200533 -0.0829431  -0.056357   -9.80849 
             122.602 -0.349216  0.199927  -0.61278 0.00783349   0.170201    2.11147 0 0 0   -0.011 -0.02329  0.04412   0.046102 -0.0166633 -0.0139741 -1.72267e-06  0.000148963  0.000312143   0.063152   0.103536 -0.0197945 -0.0829337 -0.0563488   -9.80849 
               122.7  -0.33767  0.128629 -0.564627 0.00905707   0.172839    2.10975 0 0 0   -0.011 -0.02329  0.04412  0.0275657 0.00317178  -0.017727 -3.81284e-06  0.000161206   0.00035239  0.0635015   0.103065 -0.0197672 -0.0829619 -0.0563443   -9.80849 
               122.8 -0.352705 0.0652771 -0.544334 0.0126336  0.177209   2.10576 0 0 0   -0.011 -0.02329  0.04412  0.0237964  0.0254046 -0.0243401 -1.04932e-05  0.000145481  0.000370387  0.0633472   0.102632 -0.0195252 -0.0829785  -0.056331   -9.80849 
             122.901 -0.334106 0.0127281 -0.518293 0.0230189  0.182115   2.10868 0 0 0   -0.011 -0.02329  0.04412   0.0450164   0.0265219 -0.00380299 -2.46259e-05  0.000123089  0.000363365 0.0623211    0.1024  -0.02021  -0.082953 -0.0562471   -9.80849 
                 123   -0.262082 -0.00693991   -0.585424 0.0216868  0.177739   2.10813 0 0 0   -0.011 -0.02329  0.04412   0.0211404  0.00141455 0.000910681 -1.85373e-05  0.000120077   0.00037116  0.0630577    0.10324 -0.0201536 -0.0829341 -0.0563162   -9.80849 
             123.101 -0.213077 0.0242612 -0.631425  0.02494 0.179169  2.10961 0 0 0   -0.011 -0.02329  0.04412  0.0264358 0.00507568 0.00781607 -1.73962e-05  9.70131e-05  0.000350366  0.0629034   0.103094 -0.0203214 -0.0829382 -0.0562985   -9.80849 
             123.201 -0.176955 0.0847643 -0.657237 0.0301729  0.180381   2.10827 0 0 0   -0.011 -0.02329  0.04412  0.0385253   0.012349 0.00508882 -9.65554e-06  8.28117e-05  0.000348436  0.0626329   0.103021 -0.0200617 -0.0829281 -0.0562903   -9.80849 
             123.301 -0.144671  0.118726 -0.644683 0.0388231  0.186508   2.10321 0 0 0   -0.011 -0.02329  0.04412 0.0649884 0.0247031  -0.01308 -1.16586e-05  7.31706e-05  0.000327606  0.0621032   0.102421 -0.0193823 -0.0829232 -0.0562597   -9.80849 
               123.4 -0.0874857  0.0829392   -0.60877 0.0428125  0.187479   2.10576 0 0 0   -0.011 -0.02329  0.04412   0.0488249   0.0164535 -0.00453098 1.71229e-05 5.69858e-05 0.000316606 0.0623781  0.102568  -0.01989 -0.0829298 -0.0562706   -9.80849 
             123.502 -0.0700201  0.0182091  -0.553374 0.0416749  0.186887   2.10525 0 0 0   -0.011 -0.02329  0.04412    0.020692  0.00998672 -0.00428974 1.37675e-06  4.2868e-05 0.000320761  0.0630719   0.102818 -0.0198885 -0.0829458 -0.0563022   -9.80849 
               123.6 -0.0217629 -0.0204499  -0.489649 0.0453888  0.188717   2.10393 0 0 0   -0.011 -0.02329  0.04412   0.0180833   0.0130658 -0.00511967 6.71803e-07 2.81912e-05 0.000297905  0.0628451   0.102749 -0.0197906 -0.0829403   -0.05629   -9.80849 
             123.702 -0.0219179 -0.0364057  -0.468007 0.0506586  0.193081   2.10644 0 0 0   -0.011 -0.02329  0.04412  0.0282542  0.0153373 0.00652885 1.49632e-05 2.43072e-05 0.000287694  0.0624144   0.102356 -0.0201326  -0.082949 -0.0562598   -9.80849 
             123.801 -0.0394013 -0.0332945  -0.413075 0.0498984   0.19325   2.10217 0 0 0   -0.011 -0.02329  0.04412  0.00693515 0.000387361  -0.0141286 5.52203e-06 2.13272e-05 0.000281804  0.0628102   0.102447 -0.0195601 -0.0829477 -0.0562755   -9.80849 
             123.901 -0.030212 0.0327164 -0.394596 0.0562235  0.190023   2.10481 0 0 0   -0.011 -0.02329  0.04412   0.0269098  -0.0215146 -0.00358181 -1.02569e-05 -1.01814e-05   0.00028713  0.0621431   0.102779 -0.0201003  -0.082915 -0.0562524   -9.80849 
             124.001 -0.0345766   0.106823  -0.320349 0.0581461  0.185816   2.10372 0 0 0   -0.011 -0.02329  0.04412  0.0173953 -0.0307188 -0.0034971 3.27052e-06 1.36581e-06 0.000190825  0.0622078   0.103054 -0.0199995 -0.0828962 -0.0562638   -9.80849 
             124.102 -0.105663  0.128586 -0.366224 0.0578223  0.188456   2.10372 0 0 0   -0.011 -0.02329  0.04412 -0.00097842  -0.0126859 -0.00633287 1.70989e-05 2.74601e-05 0.000236741  0.0623453   0.102344 -0.0200646 -0.0829523 -0.0562532   -9.80849 
               124.2 -0.159788  0.142516 -0.352671 0.0580786  0.194645    2.1043 0 0 0   -0.011 -0.02329  0.04412 -0.00532441   0.0102235  0.00304552 2.26603e-05 2.81515e-05 0.000238842 0.0622011  0.101405 -0.020176 -0.0830207 -0.0562154   -9.80849 
             124.301  -0.21768  0.163609 -0.339749 0.0608606  0.193852   2.10025 0 0 0   -0.011 -0.02329  0.04412  -0.00336686 -0.000298108   -0.0156056 1.84466e-05  2.2432e-05 0.000241098  0.0617647    0.10162 -0.0196624 -0.0829943 -0.0561859   -9.80849 
               124.4 -0.220025    0.1982 -0.336587 0.0657467  0.193794   2.10278 0 0 0   -0.011 -0.02329  0.04412    0.0163967 -0.000671127    0.0120411 -2.84168e-06  4.52797e-05  0.000259922  0.0611067   0.101641 -0.0201154  -0.082969 -0.0561302   -9.80849 
               124.5 -0.266697   0.21195 -0.330561 0.0704866  0.192939   2.10372 0 0 0   -0.011 -0.02329  0.04412   0.0260008 -0.00555252  0.00802596 2.14392e-05  4.6171e-05 0.000247836  0.0607494    0.10177 -0.0201151 -0.0829483  -0.056105   -9.80849 
             124.602 -0.280789  0.245919 -0.331283 0.0728605  0.193894   2.10187 0 0 0   -0.011 -0.02329  0.04412   0.0223387 -0.00498904 -0.00254559 3.07099e-05 2.70268e-05 0.000255814  0.0607537   0.101565 -0.0197722 -0.0829705 -0.0561058   -9.80849 
             124.701 -0.247085  0.303369 -0.355987 0.0781304  0.197494   2.10053 0 0 0   -0.011 -0.02329  0.04412   0.034552 0.00613554 -0.0141693  3.8399e-05 1.18183e-05  0.00025773  0.0603557   0.101073 -0.0196733  -0.083001 -0.0560615   -9.80849 
               124.8 -0.220738  0.330452 -0.391639 0.0821274  0.198766   2.09425 0 0 0   -0.011 -0.02329  0.04412   0.030784 0.00762408 -0.0415504  2.83973e-05 -1.54418e-05  0.000245145  0.0602472   0.100961 -0.0191172 -0.0830194 -0.0560628   -9.80849 
             124.902 -0.202912  0.320435 -0.410853 0.0881131  0.200279   2.09397 0 0 0   -0.011 -0.02329  0.04412  0.0426438 0.00284963 -0.0263466  5.38671e-05 -2.89802e-05  0.000246405  0.0599337   0.100852 -0.0196428 -0.0830029 -0.0560261   -9.80849 
             125.002 -0.262233  0.306126 -0.417477 0.0895233  0.199076   2.09125 0 0 0   -0.011 -0.02329  0.04412  0.0300413 -0.0138161 -0.0349321 0.000100975 7.99387e-06 0.000243513  0.0602584   0.100962 -0.0196827 -0.0830037 -0.0560512   -9.80849 
             125.101 -0.347376  0.265353 -0.408749 0.0915064  0.202721   2.09054 0 0 0   -0.011 -0.02329  0.04412  0.0285433 0.00395302 -0.0272021 0.000122533 2.33591e-05 0.000221202  0.0603554   0.100369 -0.0200137 -0.083035 -0.056035  -9.80849 
             125.202 -0.440812  0.222003 -0.413227 0.0990349  0.210604   2.08795 0 0 0   -0.011 -0.02329  0.04412 0.0419829 0.0314931 -0.022404 0.000108592  3.3441e-05 0.000241171  0.0597251   0.099536 -0.0200199 -0.0830711 -0.0559678   -9.80849 
             125.302 -0.447923  0.224906 -0.392166 0.105469 0.212512  2.08354 0 0 0   -0.011 -0.02329  0.04412  0.0528548  0.0245131 -0.0332498 8.05527e-05 1.24794e-05 0.000244574  0.0594496   0.099671 -0.0197182 -0.0830618  -0.055964   -9.80849 
               125.4 -0.449144  0.223951 -0.360638 0.109542 0.214592  2.08294 0 0 0   -0.011 -0.02329  0.04412  0.0526848  0.0268146 -0.0281054 0.000107045 -2.6288e-06  0.00026406  0.0596065  0.0997596 -0.0201038 -0.0830534  -0.055958   -9.80849 
               125.5 -0.430677   0.21071 -0.334398 0.113539 0.218616  2.08183 0 0 0   -0.011 -0.02329  0.04412  0.0555991  0.0375405 -0.0217872  9.93696e-05 -1.26945e-05  0.000269952  0.0597968  0.0996269 -0.0203355 -0.0830646 -0.0559558   -9.80849 
             125.601 -0.376823  0.159758 -0.314639 0.122474 0.222313  2.07734 0 0 0   -0.011 -0.02329  0.04412  0.0671903  0.0323842 -0.0303191  0.000159626 -2.52972e-05  0.000277299  0.0593945  0.0996395 -0.0200962 -0.0830557  -0.055938   -9.80849 
             125.701 -0.342659  0.127657 -0.309223 0.125584  0.22869  2.07737 0 0 0   -0.011 -0.02329  0.04412  0.0590878  0.0406851 -0.0244557  0.000158632 -6.18367e-05   0.00027755   0.059833  0.0992527 -0.0205023 -0.0830937 -0.0559445   -9.80849 
             125.801 -0.323816  0.102017 -0.296175 0.131177 0.235868  2.07067 0 0 0   -0.011 -0.02329  0.04412  0.0607986  0.0483824 -0.0357726  0.000154331 -4.31211e-05   0.00028309  0.0598672   0.098831 -0.0199793 -0.0831317 -0.0559545   -9.80849 
               125.9 -0.285459 0.0256568 -0.283401 0.131769 0.241214  2.07091 0 0 0   -0.011 -0.02329  0.04412  0.0330249  0.0498052 -0.0147008  0.000183412 -4.24461e-05  0.000298861  0.0604511  0.0987652 -0.0204198 -0.0831523  -0.055987   -9.80849 
             126.001  -0.300438 -0.0514458  -0.250269 0.137767 0.243002  2.07166 0 0 0   -0.011 -0.02329  0.04412   0.0407657   0.0378937 0.000188964  0.000185261 -3.23535e-05  0.000322412  0.0602036   0.099202 -0.0206344 -0.0831101 -0.0559724   -9.80849 
               126.1  -0.320501 -0.0879898  -0.241905   0.1405 0.247779  2.07067 0 0 0   -0.011 -0.02329  0.04412  0.0317548  0.0461193 -0.0112483  0.000182662 -4.37387e-05  0.000321857  0.0602991  0.0990787 -0.0205236 -0.0831219 -0.0559802   -9.80849 
             126.202  -0.350665 -0.0632194  -0.239971  0.14521 0.253408  2.06715 0 0 0   -0.011 -0.02329  0.04412   0.041336  0.0423609 -0.0124737  0.000230525 -5.16183e-05  0.000321514  0.0601265  0.0989669 -0.0202193 -0.0831206 -0.0559695   -9.80849 
               126.3 -0.341734 0.0364795 -0.221811 0.149474 0.256843  2.06104 0 0 0   -0.011 -0.02329  0.04412  0.0483475  0.0424257 -0.0347589  0.000240419 -4.87697e-05  0.000310957  0.0601525  0.0990312 -0.0196357 -0.0830997 -0.0559886   -9.80849 
             126.401 -0.307528 0.0624197  -0.20774 0.154786 0.265039  2.06208 0 0 0   -0.011 -0.02329  0.04412  0.0523724  0.0512042 -0.0185021   0.00027189 -2.88573e-05  0.000306503   0.060072  0.0985777 -0.0202764 -0.0831529 -0.0559518   -9.80849 
             126.501 -0.332063 0.0358692 -0.151376 0.157119 0.275463  2.06001 0 0 0   -0.011 -0.02329  0.04412 0.0336078 0.0706974 -0.018754  0.000251846 -1.95141e-05  0.000288374  0.0603121  0.0979189 -0.0202412 -0.0832187 -0.0559583   -9.80849 
               126.6  -0.353346 -0.0226539  -0.107177 0.157156 0.277887  2.05883 0 0 0   -0.011 -0.02329  0.04412   0.0122301   0.0458326 -0.00465878 0.000256545 4.90689e-06  0.00028195  0.0606852  0.0983777 -0.0202456 -0.0831839  -0.056005   -9.80849 
               126.7  -0.395774 -0.0718168  -0.042827 0.157947 0.286065  2.06033 0 0 0   -0.011 -0.02329  0.04412 0.00108965  0.0646481 0.00473756  0.000275422 -8.50961e-06   0.00027913  0.0606756   0.097966 -0.0204803 -0.0832287 -0.0559877   -9.80849 
             126.802   -0.42088 -0.0839841  0.0250375 0.160229 0.294212  2.05718 0 0 0   -0.011 -0.02329  0.04412  0.0115516  0.0741364 -0.0125525  0.000286301 -1.89362e-05  0.000299294  0.0603758   0.097834 -0.0200856 -0.0832289 -0.0559638   -9.80849 
             126.901  -0.374341 -0.0130133  0.0472078 0.160542 0.299573  2.05615 0 0 0   -0.011 -0.02329  0.04412  0.0118878  0.0590517 -0.0185862  0.000240463 -4.16543e-05  0.000292654  0.0605184  0.0979903 -0.0201663 -0.0832149 -0.0559811   -9.80849 
             127.001 -0.273607  0.116686 0.0878732 0.165292 0.305473  2.05459 0 0 0   -0.011 -0.02329  0.04412  0.0259737  0.0588208 -0.0127776 0.000243215 -7.1139e-05 0.000278495  0.0600946  0.0980486 -0.0202084 -0.0832017 -0.0559262   -9.80849 
               127.1 -0.146729  0.160082  0.133031 0.171962 0.314686  2.05592 0 0 0   -0.011 -0.02329  0.04412   0.042569  0.0717978 0.00338528  0.000243878 -4.59741e-05  0.000246426  0.0595052  0.0976689 -0.0205085 -0.0832483 -0.0558329   -9.80849 
             127.202 -0.0786494   0.140167   0.203665  0.17423 0.319489  2.05704 0 0 0   -0.011 -0.02329  0.04412 0.0410114 0.0546476 0.0155841  0.000219077 -7.33781e-05  0.000246579  0.0598034  0.0978416 -0.0205531 -0.0832294 -0.0558748   -9.80849 
               127.3 -0.0391816   0.131444     0.2794 0.179476 0.321071  2.05351 0 0 0   -0.011 -0.02329  0.04412   0.0423115   0.0275387 -0.00873425   0.00018074 -4.67207e-05  0.000223507  0.0596855  0.0982327 -0.0199877 -0.0831757 -0.0558661   -9.80849 
             127.401 -0.0230096  0.0693972   0.364822 0.181705 0.331972  2.05491 0 0 0   -0.011 -0.02329  0.04412   0.0207562   0.0534375 -0.00170688  0.000148776 -5.52645e-05  0.000224548  0.0597556  0.0972037 -0.0202979 -0.0833278 -0.0558685   -9.80849 
             127.502 0.0472508 0.0436752  0.454122 0.181219 0.336054  2.05633 0 0 0   -0.011 -0.02329  0.04412  0.0127661  0.0468275 0.00460523  0.000169332 -7.23696e-05  0.000239211  0.0600958  0.0972991 -0.0204669 -0.0833132 -0.0559267   -9.80849 
             127.601 0.090695 0.031634 0.548737 0.180226 0.341009  2.05591 0 0 0   -0.011 -0.02329  0.04412 0.00677942  0.0455603 0.00272885 0.000161114 -5.0639e-05 0.000255992  0.0603443  0.0971777 -0.0203679 -0.0833348 -0.0559684   -9.80849 
             127.702  0.124795 0.0908404  0.562346 0.182937 0.345232  2.05685 0 0 0   -0.011 -0.02329  0.04412  0.0179725  0.0436857 0.00890403  0.000149961 -8.05979e-05  0.000278053  0.0601433  0.0972219 -0.0204399 -0.0833274 -0.0559321   -9.80849 
             127.801  0.176701 0.0977526   0.57179 0.185747 0.348736  2.05456 0 0 0   -0.011 -0.02329  0.04412 0.0188379 0.0288713 0.0019562  8.44347e-05 -4.08994e-05  0.000276879 0.0600176 0.0972937 -0.020045 -0.0833146 -0.0558929   -9.80849 
             127.901  0.249531 0.0541306  0.550011 0.186592 0.351105  2.05779 0 0 0   -0.011 -0.02329  0.04412 0.0144524 0.0180281 0.0173304  0.000103961 -4.73325e-05  0.000331467  0.0601631   0.097277 -0.0203877 -0.0833136 -0.0559353   -9.80849 
             128.001 0.297969 0.034616 0.532313 0.18696 0.35371  2.0574 0 0 0   -0.011 -0.02329  0.04412 0.00773145  0.0115138 0.00293527  0.000103807 -2.29277e-05  0.000317807  0.0602508   0.097122 -0.0201447 -0.0833466 -0.0559431   -9.80849 
               128.1   0.287664 0.00362777   0.525346 0.190175  0.35347    2.057 0 0 0   -0.011 -0.02329  0.04412   0.0128594 0.000228269  0.00163581  9.15989e-05 -3.26711e-05  0.000285982 0.0599696 0.0973196 -0.020062 -0.0833106 -0.0558817   -9.80849 
               128.2   0.235201 -0.0103842    0.54195 0.189982 0.354368  2.05704 0 0 0   -0.011 -0.02329  0.04412    0.0029821 -0.000319556  0.000198965  0.000100803 -4.23979e-05  0.000316271 0.0600811 0.0971242 -0.020054 -0.0833475 -0.0559038   -9.80849 
             128.302  0.193501 0.0262312   0.58961 0.190468 0.352264  2.05243 0 0 0   -0.011 -0.02329  0.04412   0.0043276 -0.00802421  -0.0187225  0.000145858 -7.53532e-05  0.000294062  0.0601195  0.0973965 -0.0195166 -0.0832948  -0.055876   -9.80849 
             128.402  0.207052 0.0205163  0.659888 0.195204 0.355005  2.05398 0 0 0   -0.011 -0.02329  0.04412    0.0179634 -0.000789611  -0.00964081  0.000141169 -2.01394e-05  0.000277192   0.059468  0.0970466 -0.0199731 -0.0833684 -0.0557788   -9.80849 
             128.501   0.270259 0.00870203   0.751599 0.193308 0.354115  2.05554 0 0 0   -0.011 -0.02329  0.04412 0.00468106 -0.0111979  0.0100081   0.00010666 -1.14379e-05  0.000253921  0.0599563  0.0969761 -0.0202317 -0.0833775 -0.0558904   -9.80849 
             128.601   0.334857 0.00585955   0.836105 0.194022 0.350785  2.05201 0 0 0   -0.011 -0.02329  0.04412  -0.0021882   -0.024059 -0.00890529  0.000129957 -3.14671e-05  0.000200222  0.0599563  0.0972525 -0.0196893 -0.0833212 -0.0558572   -9.80849 
               128.7 0.331674 0.021559  0.92176 0.193995 0.345583   2.0474 0 0 0   -0.011 -0.02329  0.04412 -0.0022317 -0.0454378 -0.0207349  0.00015608 -2.4117e-05 0.000174553  0.0600003   0.097548 -0.0192403 -0.0832575 -0.0558338   -9.80849 
             128.802  0.279337 0.0347659   1.05095 0.195147 0.345113  2.04266 0 0 0   -0.011 -0.02329  0.04412 -0.00366925  -0.0341472  -0.0402282  0.000159497 -1.94155e-05   0.00016069   0.059671  0.0970608 -0.0190222 -0.0833788 -0.0557556   -9.80849 
             128.902 0.222004 0.039925    1.128  0.19166 0.337743  2.04123 0 0 0   -0.011 -0.02329  0.04412 -0.0200797 -0.0504102 -0.0328181 0.000144641 2.92886e-05  0.00016327  0.0601307  0.0973933 -0.0193958 -0.0832799 -0.0558814   -9.80849 
             129.002  0.208542 0.0370787   1.17103  0.19057 0.337503  2.03789 0 0 0   -0.011 -0.02329  0.04412 -0.0145104 -0.0366025   -0.02644 0.000136944 3.45161e-05 0.000160801  0.0598475  0.0968441 -0.0193517 -0.0834322 -0.0558279   -9.80849 
             129.101  0.222801 0.0372645   1.15909 0.190018 0.336247  2.03415 0 0 0   -0.011 -0.02329  0.04412 -0.0187363  -0.032579 -0.0325454 0.000148944 2.72651e-05 0.000204192  0.0596324  0.0965668 -0.0192186  -0.083516 -0.0557766   -9.80849 
               129.2  0.258615 0.0107234   1.16395 0.192465 0.328266  2.02736 0 0 0   -0.011 -0.02329  0.04412 0.00139444 -0.0571683 -0.0479043 0.000108611 4.47462e-05 0.000169712 0.0592464 0.0972508 -0.018818 -0.0833534 -0.0556219   -9.80849 
             129.302    0.301955 0.000822328     1.31074 0.196636 0.326462  2.01811 0 0 0   -0.011 -0.02329  0.04412  0.0117033 -0.0394676 -0.0583501  7.5466e-05 4.18868e-05 9.43536e-05  0.0585983  0.0969796 -0.0182908  -0.083458 -0.0554368   -9.80849 
             129.402  0.312361 0.0414904   1.13246 0.196952 0.316652  2.01456 0 0 0   -0.011 -0.02329  0.04412 0.00907631 -0.0755986  -0.039386 9.89584e-05 4.37261e-05 0.000188221  0.0588972  0.0975891 -0.0185249 -0.0832786 -0.0555005   -9.80849 
             129.501  0.300387 0.0475823   1.15561 0.195697 0.309426  2.00958 0 0 0   -0.011 -0.02329  0.04412  0.0080903 -0.0797912 -0.0419155 8.43826e-05 6.59402e-05 0.000166812  0.0591666  0.0974261 -0.0183618 -0.0833107 -0.0555722   -9.80849 
             129.602   0.285391 0.00500797    1.18458 0.195772 0.303607  2.00318 0 0 0   -0.011 -0.02329  0.04412 0.00454521 -0.0831944 -0.0540656 5.89377e-05 6.57819e-05 0.000208966  0.0591089  0.0970837 -0.0180985 -0.0834071 -0.0555569   -9.80849 
             129.701   0.265431 -0.0820263    1.19698 0.198253  0.29496  1.99719 0 0 0   -0.011 -0.02329  0.04412  0.0130613 -0.0853584 -0.0561558 4.83866e-05 6.68046e-05 0.000214559  0.0588811  0.0971962 -0.0180634  -0.083388 -0.0554891   -9.80849 
             129.802  0.221625 -0.113214   1.21471 0.191973 0.290283  1.98643 0 0 0   -0.011 -0.02329  0.04412 -0.0250661 -0.0737031 -0.0828244 6.26231e-05 4.97242e-05 0.000221208  0.0596018  0.0964616 -0.0174936 -0.0835523 -0.0556809   -9.80849 
             129.901   0.144774 -0.0973238    1.21003 0.19266 0.28717 1.98258 0 0 0   -0.011 -0.02329  0.04412 -0.0102554 -0.0623878 -0.0630071 5.67742e-05 5.29858e-05 0.000225878  0.0590381  0.0960069 -0.0180415 -0.0837047  -0.055584   -9.80849 
             130.001   0.106861 -0.0424749    1.20909 0.193557 0.277432  1.97672 0 0 0   -0.011 -0.02329  0.04412 -0.00121073  -0.0781559  -0.0597354 4.46801e-05  5.2304e-05 0.000252816  0.0589269  0.0964628 -0.0180617 -0.0835884  -0.055534   -9.80849 
             130.101 0.0945081 0.0298198   1.20079 0.195377 0.266116  1.97228 0 0 0   -0.011 -0.02329  0.04412  0.0108953 -0.0896907 -0.0405364 4.26098e-05 1.23125e-05 0.000239468  0.0588284  0.0969426 -0.0182316 -0.0834674 -0.0554925   -9.80849 
             130.201  0.143164 0.0794958   1.17257 0.191734 0.259049  1.96735 0 0 0   -0.011 -0.02329  0.04412 -0.0155418 -0.0936435  -0.036529 3.07478e-05 3.00641e-05 0.000272561  0.0593017  0.0965235 -0.0180628 -0.0835549 -0.0556305   -9.80849 
             130.301   0.19403 0.0788995   1.17003 0.188809 0.251916    1.962 0 0 0   -0.011 -0.02329  0.04412 -0.0180913 -0.0897685 -0.0461178 5.87684e-05 4.91336e-05 0.000281096   0.059383   0.096193 -0.0178727 -0.0836381 -0.0556604   -9.80849 
             130.401  0.197112 0.0647313    1.1457 0.189574 0.244104   1.9585 0 0 0   -0.011 -0.02329  0.04412 -0.000923795   -0.0869339   -0.0352372 7.25116e-05 4.34277e-05 0.000277593  0.0590584  0.0961086 -0.0179959 -0.0836727 -0.0555844   -9.80849 
             130.502  0.157897 0.0349876    1.1655 0.189636  0.23358  1.95341 0 0 0   -0.011 -0.02329  0.04412 0.00448495 -0.0969531 -0.0391502 7.37356e-05 4.55862e-05 0.000244916  0.0591215  0.0963157 -0.0177925 -0.0836191 -0.0555835   -9.80849 
             130.602    0.10377 -0.0117838    1.18335 0.184958 0.228211  1.95073 0 0 0   -0.011 -0.02329  0.04412 -0.0162053 -0.0790093 -0.0277374 0.000126095 4.70324e-05  0.00026054  0.0595791  0.0956528 -0.0178914  -0.083769 -0.0557309   -9.80848 
             130.701  0.0230797 -0.0568254    1.18659 0.186607 0.219561  1.94375 0 0 0   -0.011 -0.02329  0.04412 -0.00148278  -0.0821151  -0.0476771 0.000151344 4.22315e-05 0.000265139   0.059233  0.0958795 -0.0174255 -0.0837264 -0.0556141   -9.80848 
               130.8  0.0103198 -0.0903071    1.16494 0.184684  0.20907  1.93573 0 0 0   -0.011 -0.02329  0.04412 -0.0160489 -0.0888177  -0.059954 0.000171505 7.00128e-05 0.000276242  0.0595194  0.0961469 -0.0170448 -0.0836439 -0.0556633   -9.80849 
             130.902 0.0170448 -0.100063   1.16499 0.181545 0.199789  1.93269 0 0 0   -0.011 -0.02329  0.04412 -0.0264013 -0.0964633 -0.0489038 0.000188844 4.07929e-05 0.000264701  0.0596434  0.0960673 -0.0174674 -0.0836652 -0.0557093   -9.80848 
                 131  0.0116318 -0.0724768    1.16766 0.180703 0.192986   1.9301 0 0 0   -0.011 -0.02329  0.04412 -0.0231064 -0.0807114 -0.0321275 0.000190195 3.40252e-05 0.000273949  0.0593136  0.0958188 -0.0177297  -0.083747 -0.0556418   -9.80848 
               131.1 0.00342748 -0.0793165    1.16635 0.176635  0.18502  1.92535 0 0 0   -0.011 -0.02329  0.04412 -0.0363097 -0.0916599 -0.0344587  0.00018112 6.49116e-05 0.000282197  0.0594804  0.0957033 -0.0175506 -0.0837658 -0.0556845   -9.80848 
             131.201 -0.0139689 -0.0826563     1.1553 0.176493 0.175869  1.92194 0 0 0   -0.011 -0.02329  0.04412 -0.0230458 -0.0900252 -0.0307795  0.00019018 3.81714e-05 0.000265594  0.0590479  0.0958353 -0.0175322 -0.0837492 -0.0555696   -9.80849 
               131.3 -0.0630019  -0.062332    1.17125 0.175913 0.172004  1.91692 0 0 0   -0.011 -0.02329  0.04412 -0.00978276  -0.0665882  -0.0350757 0.000217184  4.8291e-05 0.000226025   0.058709  0.0953147 -0.0172841 -0.0838879 -0.0554997   -9.80848 
             131.401 -0.0894354  -0.064944    1.20473 0.172754 0.164541   1.9099 0 0 0   -0.011 -0.02329  0.04412 -0.0222191 -0.0610657  -0.175564  0.00017864   7.788e-05 0.000241248  0.0590158  0.0953912 -0.0172204 -0.0838563 -0.0555719   -9.80848 
             131.501 -0.0979668 -0.0590508    1.28797 0.171138 0.150379  1.87848 0 0 0   -0.011 -0.02329  0.04412  -0.024826 -0.0968291  -0.435556 0.000132154 7.75028e-05 0.000183509 0.0592068 0.0963159 -0.016783 -0.0836087   -0.05558   -9.80849 
             131.601 -0.0100083 -0.0883472    1.28023 0.166864 0.145217  1.81801 0 0 0   -0.011 -0.02329  0.04412 -0.0395724 -0.0850574  -0.684509 0.000103855 7.77024e-05 0.000194636  0.0592474  0.0956857 -0.0158748 -0.0837494 -0.0556113   -9.80848 
             131.701 0.0568889 -0.123359   1.41748  0.16723 0.135735    1.742 0 0 0   -0.011 -0.02329  0.04412 -0.0243321 -0.0980095  -0.808331 0.000123332 0.000109643 0.000136206  0.0587185  0.0959168 -0.0155934 -0.0837071 -0.0554615   -9.80849 
             131.802 0.0515619 -0.189631   1.35825 0.161702  0.12746  1.66324 0 0 0   -0.011 -0.02329  0.04412 -0.0456699 -0.0865736  -0.818902 0.000171113 0.000108293 0.000162697  0.0590122  0.0956622 -0.0161459 -0.0837716 -0.0555622   -9.80848 
             131.901 -0.0605126  -0.205496    1.28561 0.157186 0.123694  1.59674 0 0 0   -0.011 -0.02329  0.04412 -0.0468229 -0.0634162  -0.591537 0.000148434 0.000113658 0.000198721  0.0587898    0.09506 -0.0173075  -0.083975 -0.0555697   -9.80848 
             132.001 -0.147621 -0.133605   1.36913 0.150248 0.112832  1.55974 0 0 0   -0.011 -0.02329  0.04412   -0.05343 -0.0779086  -0.306448  0.00012199 0.000100267 0.000162479  0.0591865  0.0954727 -0.0188156 -0.0838928 -0.0556966   -9.80848 
             132.101  -0.224701 -0.0145164    1.34666 0.149807 0.107512  1.54849 0 0 0   -0.011 -0.02329  0.04412 -0.0352033 -0.0605459 -0.0645635 0.000122964 9.71696e-05 0.000171499  0.0584741  0.0953996 -0.0201738 -0.0839976 -0.0555315   -9.80848 
             132.201 -0.230256 0.0578952      1.33 0.144825 0.100508  1.54991 0 0 0   -0.011 -0.02329  0.04412 -0.0451213 -0.0631914  0.0893983 0.000115693  9.4563e-05 0.000122163  0.0586424  0.0954722 -0.0203488 -0.0839755 -0.0555729   -9.80848 
             132.303 -0.185221 0.0328796   1.31451  0.142469 0.0944278   1.55816 0 0 0   -0.011 -0.02329  0.04412 -0.0337259 -0.0592944   0.170334 0.000149358 0.000119257 0.000129454  0.0584037  0.0955394 -0.0196753 -0.083955 -0.055514  -9.80848 
             132.401  -0.143781 -0.0574576    1.32146 0.13989 0.08618 1.57762 0 0 0   -0.011 -0.02329  0.04412 -0.0352493 -0.0641687   0.237472 0.000160019 0.000122965 0.000120307  0.0584011  0.0959155 -0.0196247 -0.0838561 -0.0554966   -9.80848 
             132.501 -0.0929868  -0.109556    1.33595  0.132427 0.0830408    1.5994 0 0 0   -0.011 -0.02329  0.04412  -0.049687 -0.0566759   0.260333 0.000125545 0.000107516 0.000101759  0.0587602  0.0953455 -0.0191809 -0.0839828 -0.0556191   -9.80848 
               132.6 -0.0263045  -0.129028    1.36477  0.133159 0.0732466   1.62069 0 0 0   -0.011 -0.02329  0.04412 -0.0270013 -0.0751049   0.260622 0.000133023 0.000111088 8.78275e-05  0.0582421  0.0960046 -0.0185335 -0.0838223 -0.0554552   -9.80849 
               132.7 -0.0374238  -0.163008    1.41006 0.131793 0.068668  1.64763 0 0 0   -0.011 -0.02329  0.04412 -0.0220284 -0.0641186   0.277652  0.00012393 9.24849e-05 0.000107551   0.057982  0.0957094 -0.0185454 -0.0839121  -0.055401   -9.80848 
               132.8 -0.0688601  -0.173565    1.41317 0.123423 0.066213  1.66695 0 0 0   -0.011 -0.02329  0.04412 -0.0458362 -0.0523761   0.226571 0.000113636 0.000103006 0.000136054  0.0586008  0.0949946 -0.0175864 -0.0840446 -0.0555876   -9.80848 
             132.902 -0.112229 -0.199128   1.38846  0.118086 0.0598942   1.68996 0 0 0   -0.011 -0.02329  0.04412 -0.0548027 -0.0558848   0.218109 0.000127121 8.16864e-05 0.000140564  0.0586969  0.0951059 -0.0176113   -0.08401 -0.0556082   -9.80848 
             133.002 -0.179052 -0.198625   1.32849 0.108771 0.053874  1.71047 0 0 0   -0.011 -0.02329  0.04412  -0.068787 -0.0583752   0.194995 0.000176594 7.73192e-05 0.000149832  0.0591752  0.0950153 -0.0175355 -0.0840067 -0.0557409   -9.80848 
               133.1 -0.264319 -0.184524   1.31531  0.105095 0.0508887   1.72702 0 0 0   -0.011 -0.02329  0.04412 -0.0604865 -0.0459442   0.161576 0.000173167 9.29188e-05  0.00015452 0.0587021 0.0948399 -0.017381 -0.0840704 -0.0556229   -9.80848 
             133.202  -0.30635 -0.151544   1.27917  0.102275 0.0460621   1.74242 0 0 0   -0.011 -0.02329  0.04412  -0.050811 -0.0354525   0.141307 0.000187776  5.9491e-05 0.000181559  0.0583264  0.0950064 -0.0173924  -0.084045 -0.0555182   -9.80848 
             133.301 -0.326542 -0.118769   1.26572 0.0983662 0.0431482   1.75619 0 0 0   -0.011 -0.02329  0.04412 -0.0518436 -0.0322367   0.127477 0.000157948 8.07591e-05 0.000203082  0.0581182  0.0949945 -0.0173998 -0.0840573 -0.0554657   -9.80848 
               133.4  -0.304287 -0.0341866     1.2462 0.0955086 0.0431807   1.76897 0 0 0   -0.011 -0.02329  0.04412  -0.031717 -0.0146254   0.109793 0.000176395 3.18861e-05 0.000237981  0.0577896  0.0947262 -0.0175375 -0.0841438 -0.0553908   -9.80848 
             133.502 -0.249002 0.0664121   1.21249 0.0866108 0.0388516   1.78022 0 0 0   -0.011 -0.02329  0.04412 -0.0467799 -0.0272039  0.0865959 0.000163634 3.67607e-05 0.000282649  0.0586012  0.0948514 -0.0176767  -0.084085 -0.0555848   -9.80848 
               133.6 -0.189737  0.157403   1.16933 0.0819941 0.0344742   1.78731 0 0 0   -0.011 -0.02329  0.04412 -0.0429435 -0.0296625  0.0648512 0.000176342  4.8691e-05 0.000281871  0.0586776  0.0950662 -0.0176203 -0.0840279 -0.0555967   -9.80848 
             133.701 -0.15176 0.185738  1.12524 0.0802962 0.0357501   1.79563 0 0 0   -0.011 -0.02329  0.04412 -0.0201671 -0.0060423   0.056607 0.000171064 6.27168e-05 0.000276596  0.0582809  0.0946727 -0.0179432 -0.0841381 -0.0555089   -9.80848 
             133.801 -0.117914  0.148916   1.07429 0.0762148 0.0327709   1.80177 0 0 0   -0.011 -0.02329  0.04412 -0.0259673 -0.0120858  0.0452748 0.000157665 0.000108426 0.000286507  0.0586377  0.0949257 -0.0180755 -0.0840671 -0.0555823   -9.80848 
             133.901 -0.0838444   0.109679    1.03899 0.0682585 0.0276583   1.80857 0 0 0   -0.011 -0.02329  0.04412 -0.0405512 -0.0271308  0.0457593 0.000142619 0.000119363 0.000271822  0.0593989  0.0952329 -0.0184102 -0.0839711 -0.0557423   -9.80848 
             134.001 -0.0836237  0.0706727    1.01562 0.0629742 0.0275978   1.81385 0 0 0   -0.011 -0.02329  0.04412 -0.0440771 -0.0189356   0.037515 0.000121617 0.000154387  0.00026628  0.0594779  0.0948597 -0.0185387 -0.0840489 -0.0557674   -9.80848 
             134.101 -0.0650797  0.0230721     1.0134 0.0586124 0.0235015   1.81838 0 0 0   -0.011 -0.02329  0.04412 -0.0523563 -0.0284966  0.0449651 0.000111488 0.000219562 0.000270374  0.0594863  0.0951162 -0.0186086 -0.0839937 -0.0557637   -9.80848 
             134.201 -0.0211431 -0.0329923    1.01464  0.054057 0.0213918   1.82078 0 0 0   -0.011 -0.02329  0.04412  -0.056494 -0.0292399  0.0360433 9.51074e-05 0.000236923 0.000264784    0.05933  0.0950047 -0.0183933 -0.0840206 -0.0557327   -9.80848 
             134.301 -3.36863e-05    -0.010495      1.02299 0.0495442 0.0197218    1.8259 0 0 0   -0.011 -0.02329  0.04412 -0.0607714 -0.0173058  0.0353022 9.76725e-05 0.000224776  0.00027303  0.0591426   0.094956 -0.0186119 -0.0840359 -0.0556963   -9.80848 
               134.4 0.0107109 0.0560265   1.02314 0.0458306 0.0174494   1.82953 0 0 0   -0.011 -0.02329  0.04412 -0.0479309 -0.0230278   0.039969 7.08942e-05 0.000248246 0.000272847 0.0588422 0.0950686 -0.018641 -0.0840186 -0.0556314   -9.80848 
               134.5 0.0421907   0.13994   1.01615 0.0415157 0.0111967    1.8318 0 0 0   -0.011 -0.02329  0.04412 -0.0488023 -0.0446948  0.0265653 0.000106326 0.000235069 0.000287564  0.0588576  0.0955057 -0.0184505 -0.0839249 -0.0556228   -9.80848 
             134.601 0.0128774  0.241073  0.996958   0.03802 0.0110834    1.8335 0 0 0   -0.011 -0.02329  0.04412 -0.0412379  -0.029781  0.0202002 0.000131868 0.000221017 0.000285954  0.0585887  0.0950557 -0.0183195 -0.0840255 -0.0555732   -9.80848 
               134.7 -0.0381178   0.337248    0.94783  0.0383813 0.00550337    1.83505 0 0 0   -0.011 -0.02329  0.04412 -0.0274623   -0.05355  0.0219881 0.000137907 0.000202461 0.000287628  0.0581109  0.0954227 -0.0183008 -0.0839587 -0.0554662   -9.80848 
             134.801 -0.0942656   0.390235   0.914925  0.0349112 0.00606797    1.83591 0 0 0   -0.011 -0.02329  0.04412 -0.0225793 -0.0225475  0.0204409 0.000165557 0.000227832 0.000313235   0.058041  0.0947093 -0.0181176 -0.0841104 -0.0554627   -9.80848 
             134.901 -0.191778  0.394005  0.884793  0.0348332 0.00361881    1.83781 0 0 0   -0.011 -0.02329  0.04412 -0.00634475  -0.0219373   0.0198228 0.000164689 0.000258087 0.000349608  0.0578242  0.0947397 -0.0180836 -0.0841092 -0.0554191   -9.80848 
             135.002 -0.193313  0.374154  0.839974   0.0313126 0.000964549     1.84074 0 0 0   -0.011 -0.02329  0.04412 -0.0115258 -0.0217007  0.0173161 0.000163857  0.00022349 0.000376189  0.0582156  0.0947274 -0.0182192 -0.0840997 -0.0554941   -9.80848 
               135.1 -0.160322  0.328468  0.817286   0.0334774 -0.00321599      1.8405 0 0 0   -0.011 -0.02329  0.04412 0.00387575 -0.0312117  0.0081159 0.000139752 0.000232431 0.000343184  0.057883 0.0950461 -0.018009 -0.0840526 -0.0554317   -9.80848 
             135.201 -0.107884  0.280786  0.763508   0.0339593 -0.00294773     1.84166 0 0 0   -0.011 -0.02329  0.04412 0.00214103 -0.0180599 0.00645967 0.000150043  0.00023457 0.000348127   0.057772  0.0946268 -0.0180741  -0.084127 -0.0554136   -9.80848 
             135.301 -0.0868583   0.237942   0.758503   0.032657 -0.0024518    1.84181 0 0 0   -0.011 -0.02329  0.04412 0.00304816 -0.0100407    0.01022 0.000118719  0.00024865 0.000339662  0.0579485  0.0942759 -0.0180177 -0.0841893 -0.0554474   -9.80848 
             135.401 -0.0846452   0.203075   0.753437  0.0322536 -0.0060618    1.84348 0 0 0   -0.011 -0.02329  0.04412 0.00490189 -0.0238226  0.0109275 0.000126754 0.000247667 0.000335624  0.0581228  0.0945598 -0.0180645 -0.0841388 -0.0554754   -9.80848 
               135.5 -0.158718   0.18951  0.762947   0.0359799 -0.00955657     1.84368 0 0 0   -0.011 -0.02329  0.04412  0.0148553 -0.0284522  0.0112559 9.72829e-05  0.00024106 0.000335944  0.0577403  0.0947655 -0.0179557 -0.0841082  -0.055411   -9.80848 
             135.601 -0.222355   0.14158  0.805005 0.0328823 -0.012747   1.84473 0 0 0   -0.011 -0.02329  0.04412 -0.00156649  -0.0351551  0.00931558 9.29888e-05 0.000274825  0.00033058  0.0583011  0.0946771 -0.0179633 -0.0841208 -0.0555056   -9.80848 
             135.701 -0.251223  0.086199  0.852223  0.0361513 -0.0107817    1.84469 0 0 0   -0.011 -0.02329  0.04412  0.0110235 -0.0151398 0.00380558 6.60548e-05 0.000296973  0.00033548  0.0577626  0.0940974 -0.0178527 -0.0842234 -0.0554182   -9.80848 
               135.8 -0.235726 0.0213977  0.907646   0.034604 -0.0127893    1.84163 0 0 0   -0.011 -0.02329  0.04412 -0.000194055   -0.0208823   -0.0124082 4.72592e-05 0.000325647 0.000332061  0.0580927   0.094084 -0.0174744 -0.0842253 -0.0554841   -9.80848 
               135.9  -0.190916 -0.0547518   0.936802   0.035569 -0.0170421    1.84122 0 0 0   -0.011 -0.02329  0.04412 0.00101302 -0.0249176 -0.0035239 4.07963e-05 0.000341199 0.000317908  0.0580031  0.0944223 -0.0175731 -0.0841655 -0.0554627   -9.80848 
             136.001  -0.182629 -0.0748706   0.956362  0.0354225 -0.0155884    1.84209 0 0 0   -0.011 -0.02329  0.04412 0.000441115 -0.00333592  0.00240031 5.04719e-05 0.000307234 0.000324988  0.0579572  0.0939653 -0.0177228 -0.0842529 -0.0554566   -9.80848 
               136.1   -0.10948 -0.0331868   0.969027  0.0364471 -0.0168335    1.84042 0 0 0   -0.011 -0.02329  0.04412  0.00274484 -0.00763278   -0.010435 -1.98149e-06  0.000336058  0.000319381  0.0578486   0.094107 -0.0175326 -0.0842232 -0.0554362   -9.80848 
             136.202 -0.0360409 -0.0193974   0.976916  0.0375725 -0.0148068    1.84028 0 0 0   -0.011 -0.02329  0.04412   0.0053821 -0.00220585 -0.00818215 2.44657e-06 0.000316674 0.000364789  0.0576801  0.0937634 -0.0176635 -0.0842954 -0.0554076   -9.80848 
             136.301  0.0240237 0.00536374   0.958808  0.034664 -0.018028   1.83926 0 0 0   -0.011 -0.02329  0.04412  -0.0107035  -0.0202598 -0.00314402  2.1153e-06 0.000265805 0.000370844  0.0581453   0.094012 -0.0176349 -0.0842382 -0.0554953   -9.80848 
             136.401 0.0692973 0.0203729  0.934542  0.0338574 -0.0201488    1.84086 0 0 0   -0.011 -0.02329  0.04412 -0.0092887 -0.0144003 0.00351861 -3.66356e-05  0.000272556  0.000360571  0.0581189  0.0940652 -0.0178892  -0.084232 -0.0554933   -9.80848 
             136.502 0.0945914 0.0131157  0.916953 0.0343527 -0.023002    1.8423 0 0 0   -0.011 -0.02329  0.04412  -0.011602  -0.020485 0.00659814 -7.80826e-05   0.00027476  0.000360294  0.0579273  0.0942442 -0.0179908 -0.0842013 -0.0554562   -9.80848 
             136.601  0.128591 0.0385902  0.886584  0.0351363 -0.0231347    1.84399 0 0 0   -0.011 -0.02329  0.04412 -0.0101493 -0.0148497  0.0118375 -0.000109666  0.000269785  0.000381982 0.0576357 0.0940776 -0.018107 -0.0842369 -0.0554063   -9.80848 
               136.7   0.12031 0.0339876  0.855899   0.039011 -0.0219401    1.84508 0 0 0   -0.011 -0.02329  0.04412   0.0147269 -0.00219014  0.00919398 -8.68636e-05  0.000270233  0.000376668  0.0570068  0.0938516 -0.0181022 -0.0842853 -0.0552932   -9.80848 
             136.801   0.10515 0.0793665  0.895618  0.0352932 -0.0257905    1.84448 0 0 0   -0.011 -0.02329  0.04412 -0.00836931  -0.0215253   0.0118673 -0.000109711  0.000255908  0.000337257  0.0577385  0.0941667 -0.0178678 -0.0842224 -0.0554134   -9.80848 
               136.9 0.151711 0.117878 0.930632  0.0340066 -0.0299278    1.84649 0 0 0   -0.011 -0.02329  0.04412 -0.00892858  -0.0352818    0.013479 -0.000127626  0.000219891  0.000332454 0.0578548 0.0943759 -0.017947 -0.0841844 -0.0554347   -9.80848 
             137.001 0.198651 0.119409  0.97729  0.031376 -0.033463    1.8498 0 0 0   -0.011 -0.02329  0.04412 -0.0112876 -0.0388137   0.023765 -0.000124804  0.000229455  0.000345186  0.0580614  0.0943009 -0.0181706 -0.0841948 -0.0554796   -9.80848 
               137.1 0.155808 0.133419  1.00339  0.0336934 -0.0387481    1.85427 0 0 0   -0.011 -0.02329  0.04412 0.00630485 -0.0464188  0.0346318 -9.93298e-05  0.000191707  0.000345197  0.0577666   0.094528 -0.0183875 -0.0841539 -0.0554305   -9.80848 
             137.201 0.0648753  0.146381   1.02092  0.0354749 -0.0429593    1.85619 0 0 0   -0.011 -0.02329  0.04412  0.0140495 -0.0453379  0.0332399 -5.01326e-05  0.000178641  0.000368819  0.0576468  0.0945354 -0.0181641  -0.084157 -0.0553984   -9.80848 
             137.301 0.023363 0.136524  1.05358  0.0367158 -0.0455032    1.85952 0 0 0   -0.011 -0.02329  0.04412  0.0140681 -0.0340649  0.0440816 -9.76577e-05  0.000160282  0.000347693  0.0576273  0.0942996 -0.0180819 -0.0842045 -0.0553955   -9.80848 
               137.4 -0.00400835    0.125868     1.07059  0.0334728 -0.0505419    1.86249 0 0 0   -0.011 -0.02329  0.04412 -0.00464301  -0.0403903   0.0304243 -8.85315e-05  0.000144882  0.000333476   0.058221  0.0943996 -0.0179541 -0.0841762 -0.0555083   -9.80848 
             137.502 0.0133032  0.165236   1.07885  0.0324789 -0.0578623    1.86499 0 0 0   -0.011 -0.02329  0.04412 -0.0124261 -0.0602517  0.0264017 -0.000156792   0.00013431   0.00034237  0.0583366  0.0947218 -0.0178776 -0.0841109 -0.0555244   -9.80848 
             137.601 0.0452677  0.221676   1.00382  0.0347999 -0.0586627    1.86637 0 0 0   -0.011 -0.02329  0.04412 -0.000125084   -0.0362212    0.0209842 -0.000150257  0.000109117  0.000343142 0.0577814 0.0942235 -0.017752 -0.0842215 -0.0554215   -9.80848 
               137.7 0.0332887  0.292507   1.12218  0.0337069 -0.0624743    1.86834 0 0 0   -0.011 -0.02329  0.04412 -0.00679704  -0.0394498   0.0235393 -0.000129954  0.000118152  0.000294073  0.0579144  0.0942378 -0.0177298 -0.0842168 -0.0554471   -9.80848 
               137.8 0.0584726  0.352987   1.16849  0.0328185 -0.0694164    1.86958 0 0 0   -0.011 -0.02329  0.04412 -0.00804647  -0.0529074   0.0165807 -0.000159274  9.94582e-05  0.000318835  0.0580126  0.0945554 -0.0176081  -0.084156 -0.0554595   -9.80848 
             137.901 0.00828398   0.432616    1.20816  0.0407702 -0.0730434    1.87192 0 0 0   -0.011 -0.02329  0.04412  0.0331615 -0.0466898  0.0128695 -0.000138495  6.53707e-05  0.000307143  0.0570143  0.0946113 -0.0177391 -0.0841602 -0.0552558   -9.80848 
             138.001 -0.0680555   0.515311    1.22165  0.0434511 -0.0771616    1.87212 0 0 0   -0.011 -0.02329  0.04412  0.0356662 -0.0496799 0.00535636 -0.00012502 2.80199e-05 0.000315375  0.057085 0.0944942 -0.017635 -0.0841877 -0.0552725   -9.80848 
             138.102 -0.0721372   0.562447    1.24565 0.0443068 -0.080242   1.87176 0 0 0   -0.011 -0.02329  0.04412  0.0266603 -0.0417997 0.00156428 -0.000109826  1.26148e-05  0.000288208 0.0573637  0.094172 -0.017522 -0.0842557 -0.0553408   -9.80848 
             138.201 -0.088541  0.579832   1.25008  0.0504418 -0.0835813    1.87245 0 0 0   -0.011 -0.02329  0.04412   0.0541207  -0.0310506 0.000407508 -0.000122553 -1.33995e-06  0.000290275  0.0569953  0.0941849 -0.0176017 -0.0842579 -0.0552598   -9.80848 
             138.302 -0.154617  0.565856   1.24695  0.0584148 -0.0887942    1.87135 0 0 0   -0.011 -0.02329  0.04412    0.0686324    -0.038897 -0.000893996 -7.74392e-05  9.93283e-06  0.000289292  0.0567887  0.0944667 -0.0174477 -0.0842126 -0.0552092   -9.80848 
             138.402 -0.230864  0.533715   1.25117  0.0611727 -0.0952736    1.87331 0 0 0   -0.011 -0.02329  0.04412  0.0523509 -0.0583051 0.00800841 -8.40502e-05  2.08496e-05  0.000283411  0.057389 0.0946017 -0.017691 -0.0841493 -0.0553322   -9.80848 
             138.505 -0.267836  0.471107   1.26204  0.0617051 -0.0995824    1.87326 0 0 0   -0.011 -0.02329  0.04412   0.0307776  -0.0462502 7.94795e-05 -6.13525e-05  3.28891e-05  0.000283952  0.0578909  0.0942746 -0.0175814  -0.084214 -0.0554537   -9.80848 
             138.601 -0.334546  0.429821   1.28731  0.0682311 -0.0989673    1.87339 0 0 0   -0.011 -0.02329  0.04412  0.0424877 -0.0256562 0.00110906 -3.79224e-06  8.44405e-06   0.00026626  0.0573429  0.0938049 -0.0176038 -0.0843302 -0.0553464   -9.80848 
             138.701 -0.408654  0.424404   1.29943 0.0773488 -0.105646   1.87538 0 0 0   -0.011 -0.02329  0.04412  0.0635749 -0.0389544  0.0183547 -1.96341e-05  1.57747e-06  0.000259469   0.056902   0.094452 -0.0178219 -0.0841906 -0.0552242   -9.80848 
             138.801 -0.455499  0.440676   1.31957 0.082823 -0.10769  1.87559 0 0 0   -0.011 -0.02329  0.04412  0.0501359 -0.0236617  0.0146974 -3.44232e-05  8.75266e-06  0.000222066  0.0569242  0.0942672 -0.0176225 -0.0842384 -0.0552436   -9.80848 
               138.9 -0.497528  0.453307   1.37066 0.0910569 -0.103837    1.8779 0 0 0   -0.011 -0.02329  0.04412  0.064444 0.0116176  0.024461 -4.16569e-05  -3.7938e-05   0.00023056  0.0563331  0.0936544 -0.0176997 -0.0843882 -0.0551264   -9.80848 
             139.001 -0.477091  0.488031    1.4429 0.0933458  -0.10699   1.88131 0 0 0   -0.011 -0.02329  0.04412  0.0465638 0.00144787  0.0392044 -8.2223e-05 -4.4513e-05 0.000258896  0.0569506  0.0940418 -0.0177266 -0.0842804 -0.0552517   -9.80848 
             139.101 -0.391514  0.497662    1.4711  0.105298 -0.105775   1.88236 0 0 0   -0.011 -0.02329  0.04412  0.0757462 0.00561311  0.0299381 -0.000103876  -4.1736e-05  0.000307555  0.0560767  0.0941573 -0.0173953 -0.0842959 -0.0550668   -9.80848 
               139.2 -0.288487  0.452054   1.47505  0.113602 -0.105512   1.88186 0 0 0   -0.011 -0.02329  0.04412 0.0844851 0.0134378 0.0155622 -9.30648e-05 -4.12625e-06  0.000252961  0.0559923  0.0942314 -0.0169427 -0.0842984 -0.0550741   -9.80848 
             139.301 -0.243913  0.350391   1.48161  0.125181 -0.104967    1.8825 0 0 0   -0.011 -0.02329  0.04412  0.101661 0.0102398 0.0190157 -0.000106808  3.80957e-05  0.000260073  0.0556783  0.0944258 -0.0167639 -0.0842719 -0.0550008   -9.80848 
             139.401 -0.173243   0.27121   1.51431 0.136928 -0.10301   1.8865 0 0 0   -0.011 -0.02329  0.04412  0.107293 0.0095125 0.0256673 -0.000129547  2.11164e-05  0.000287456  0.0554713  0.0943528 -0.0170611  -0.084286 -0.0549417   -9.80848 
             139.501 -0.165564  0.214214   1.55089 0.141585 -0.10347  1.88761 0 0 0   -0.011 -0.02329  0.04412  0.0816934 0.00641129   0.019476 -9.14995e-05  8.89223e-06  0.000269585  0.0562341  0.0943392 -0.0168592 -0.0842633 -0.0551348   -9.80848 
             139.601  -0.1817 0.142703  1.59378  0.150868 -0.104649   1.88689 0 0 0   -0.011 -0.02329  0.04412    0.080135 -3.9719e-05  0.00248923 -0.000112961 -1.03152e-05  0.000279191  0.0561078  0.0945885 -0.0166007 -0.0842129 -0.0550977   -9.80848 
               139.7 -0.170637 0.0835231   1.60109  0.157528 -0.100435   1.88373 0 0 0   -0.011 -0.02329  0.04412 0.0643717 0.0223271 -0.013445 -0.000126377  1.82199e-05  0.000288424  0.0560512  0.0940748 -0.0162036 -0.0843473  -0.055113   -9.80848 
             139.802 -0.168037 0.0373933   1.61285  0.165341 -0.101829   1.88414 0 0 0   -0.011 -0.02329  0.04412   0.0632356   0.0062941 -0.00127346 -0.000125374  4.70118e-05  0.000259598   0.056013  0.0945701 -0.0163986 -0.0842243 -0.0550774   -9.80848 
             139.901  -0.186555 0.00383391    1.63211   0.17327 -0.100142   1.88658 0 0 0   -0.011 -0.02329  0.04412  0.0665974  0.0146403 0.00631141 -0.000123926  9.61854e-06  0.000246551   0.055762  0.0945271 -0.0167627   -0.08425 -0.0550131   -9.80848 
             140.002 -0.182863   0.03375   1.76104   0.179792 -0.0991262    1.88984 0 0 0   -0.011 -0.02329  0.04412 0.0618536 0.0137859 0.0228461 -0.000117049   2.9289e-05  0.000196266  0.0557488  0.0945987 -0.0170522 -0.0842364 -0.0550042   -9.80848 
             140.102 -0.145035 0.0520753   1.68759   0.18528 -0.101992   1.89154 0 0 0   -0.011 -0.02329  0.04412  0.0618923 -0.0079191  0.0204981 -0.000108792  4.79418e-06  0.000259378  0.0559875  0.0950221 -0.0169707 -0.0841143 -0.0550447   -9.80848 
             140.201 -0.106713 0.0851148   1.70405   0.190153 -0.0962631    1.89257 0 0 0   -0.011 -0.02329  0.04412 0.0497544 0.0143047 0.0156105 -7.00272e-05  1.36713e-05  0.000274029  0.0558584  0.0941885 -0.0168715  -0.084339 -0.0550568   -9.80848 
             140.301 -0.128113 0.0415839   1.83472    0.20084 -0.0962113    1.89487 0 0 0   -0.011 -0.02329  0.04412  0.0689422 0.00565784  0.0206514 -5.06851e-05  2.70044e-05  0.000187577  0.0552087  0.0945612 -0.0169525 -0.0842774 -0.0548649   -9.80848 
             140.401 -0.181186 -0.104768   1.70331   0.208557 -0.0933955    1.89863 0 0 0   -0.011 -0.02329  0.04412 0.0716791 0.0142126 0.0303792 -5.69925e-05  3.97853e-05  0.000222769  0.0550094  0.0943476 -0.0171438 -0.0843464 -0.0548243   -9.80848 
             140.502 -0.217697  -0.18185   1.71437   0.210942 -0.0897069    1.90129 0 0 0   -0.011 -0.02329  0.04412 0.0500018 0.0357588 0.0335545 -8.32797e-05  2.36281e-06   0.00020886  0.0555311  0.0939353 -0.0170644 -0.084425 -0.054986  -9.80848 
             140.601 -0.237124 -0.218542   1.76628   0.213572 -0.0909573    1.90441 0 0 0   -0.011 -0.02329  0.04412 0.0239688 0.0139062 0.0340093 -9.40609e-05 -2.91408e-05  0.000178784  0.0559189  0.0943968 -0.0170378 -0.0842828 -0.0550625   -9.80848 
             140.702 -0.196236  -0.20675   1.82532   0.220873 -0.0876147    1.90672 0 0 0   -0.011 -0.02329  0.04412 0.0443349 0.0233657 0.0235055 -0.000104593 -4.27269e-05  0.000201472  0.0552553  0.0943584 -0.0169396 -0.0843237 -0.0548927   -9.80848 
               140.8 -0.137876 -0.180942   1.90189   0.224699 -0.0885655    1.90742 0 0 0   -0.011 -0.02329  0.04412 0.0303919 0.0133438 0.0185513 -0.000131935 -2.66854e-05  0.000169153  0.0554002  0.0947377 -0.0167398  -0.084205 -0.0549106   -9.80848 
               140.9 -0.0567264  -0.120694    1.93663   0.223015 -0.0881125    1.91139 0 0 0   -0.011 -0.02329  0.04412  0.0118095 0.00707413  0.0246177 -0.000133487 -7.19341e-05  0.000179185  0.0560036  0.0946661 -0.0170397 -0.0842017  -0.055079   -9.80848 
             141.001 0.00500061 -0.0700663    1.98463   0.228398 -0.0843016    1.91318 0 0 0   -0.011 -0.02329  0.04412  0.0221575 0.00784142  0.0192024 -0.000129272 -5.84265e-05  0.000172625  0.0553206  0.0944384 -0.0169663 -0.0843073 -0.0549032   -9.80848 
               141.1 0.0553106 -0.109204   1.99739    0.22971 -0.0870353    1.91566 0 0 0   -0.011 -0.02329  0.04412   0.0163182 -0.00934291   0.0229392 -0.000134324 -4.60876e-05  0.000189005  0.0555593  0.0947864 -0.0170439 -0.0841945  -0.054948   -9.80848 
             141.201 0.00345954  -0.180263    1.98359   0.233614 -0.0863311    1.91728 0 0 0   -0.011 -0.02329  0.04412   0.0214371 -0.00976252   0.0104409 -0.000112748 -1.28877e-05  0.000193747  0.0551576  0.0946483 -0.0169983  -0.084262 -0.0548419   -9.80848 
             141.302 -0.111556 -0.216353   1.94794   0.237733 -0.0863674    1.91561 0 0 0   -0.011 -0.02329  0.04412   0.0208636 -0.00955302  -0.0034593 -7.69931e-05 -2.93285e-05   0.00016105  0.0548514  0.0946077 -0.0166953 -0.0842892 -0.0547488   -9.80849 
             141.401 -0.232393 -0.168693   1.92961   0.236001 -0.0829236    1.91716 0 0 0   -0.011 -0.02329  0.04412 -0.00729801   0.0109337 -0.00239317 -6.56724e-05 -3.08251e-05   0.00014555 0.0550717  0.093952 -0.016952 -0.0844675 -0.0548626   -9.80848 
             141.501 -0.328991 -0.109685   1.96269    0.23802 -0.0793537    1.91869 0 0 0   -0.011 -0.02329  0.04412 0.000545543   0.0270445  -0.0113748 -7.61851e-05 -5.17198e-05  0.000133717 0.0546251 0.0937908 -0.017257 -0.0845544 -0.0547523   -9.80848 
             141.602  -0.329118 0.00618412    1.97928   0.235778 -0.0780195     1.9194 0 0 0   -0.011 -0.02329  0.04412 -0.00861468   0.0213708  -0.0049381 -0.000104596 -7.19365e-05  0.000103168  0.0549646  0.0938846 -0.0174966 -0.0845158 -0.0548391   -9.80848 
             141.701 -0.298863  0.122641   2.00031   0.241275 -0.0791241    1.91845 0 0 0   -0.011 -0.02329  0.04412   0.0178212  0.00495568 -0.00685947 -8.45983e-05 -6.19981e-05  9.43745e-05  0.0543308  0.0945228 -0.0174217 -0.0843774 -0.0546209   -9.80849 
             141.802 -0.280337  0.167938    2.0215   0.240071 -0.0764622    1.91843 0 0 0   -0.011 -0.02329  0.04412  0.00353431   0.0160726 -0.00421369  -7.1321e-05 -4.85781e-05  8.81306e-05  0.0546447  0.0941765 -0.0175145 -0.0844554 -0.0547302   -9.80848 
             141.902 -0.295234  0.179815   2.02163    0.24076 -0.0745666    1.92133 0 0 0   -0.011 -0.02329  0.04412 0.0125132  0.020846 0.0220827 -3.08884e-05 -0.000111287  8.93464e-05  0.0546388  0.0941933 -0.0179296 -0.0844533 -0.0547157   -9.80848 
             142.001 -0.297003  0.168708   1.97741  0.240091 -0.068852    1.9255 0 0 0   -0.011 -0.02329  0.04412 0.00269836  0.0350416  0.0264007 -5.44687e-05 -0.000118635  8.28248e-05  0.0547169   0.093699 -0.0182021 -0.0845884 -0.0547655   -9.80848 
             142.101 -0.262533  0.157317   1.93333   0.242767 -0.0694327    1.92555 0 0 0   -0.011 -0.02329  0.04412 0.00724507  0.0169886  0.0139509 -7.93753e-05 -0.000141406  8.91477e-05  0.0545536  0.0942457 -0.0178969 -0.0844457 -0.0546903   -9.80848 
               142.2 -0.204196  0.134689   1.86692   0.244072 -0.0669082    1.92731 0 0 0   -0.011 -0.02329  0.04412  0.011961 0.0243657 0.0197772 -6.67814e-05   -0.0001247  0.000105544  0.0544543  0.0941706 -0.0179171 -0.0844732 -0.0546671   -9.80848 
             142.301 -0.226957  0.120149   1.79998   0.241576 -0.0637234    1.92708 0 0 0   -0.011 -0.02329  0.04412 -0.0154433  0.0319347  0.0159804 -6.63275e-05 -0.000127195  0.000100775   0.054827  0.0939741 -0.0176246 -0.0845037 -0.0547874   -9.80848 
               142.4 -0.282152  0.128491   1.72194   0.244925 -0.0613816    1.93117 0 0 0   -0.011 -0.02329  0.04412 -0.000854973    0.0283789    0.0376916  -8.6279e-05 -0.000148091  8.55582e-05 0.0542506 0.0942609 -0.017876  -0.084461 -0.0546148   -9.80848 
               142.5 -0.260872  0.199938   1.65043   0.245109 -0.0586569    1.93319 0 0 0   -0.011 -0.02329  0.04412 0.00324619  0.0267285  0.0314601 -6.94356e-05 -0.000158563  7.66201e-05  0.0542397  0.0942637 -0.0176417 -0.0844602  -0.054617   -9.80848 
             142.601 -0.203199  0.294846   1.58422   0.250973 -0.0583705    1.93473 0 0 0   -0.011 -0.02329  0.04412 0.0333315 0.0189266 0.0273894 -0.000100729 -0.000181038  9.77949e-05  0.0537229  0.0947188 -0.0174421 -0.0843726  -0.054476   -9.80849 
             142.702 -0.161903  0.377041   1.52961    0.25369 -0.0535604    1.93669 0 0 0   -0.011 -0.02329  0.04412 0.0313654 0.0290001 0.0230547 -8.89789e-05 -0.000210046  0.000114789  0.0537056  0.0943681 -0.0173252 -0.0844569 -0.0544888   -9.80849 
               142.8 -0.159032  0.358128   1.46778    0.25429 -0.0525563    1.93514 0 0 0   -0.011 -0.02329  0.04412  0.0245809  0.0153874 0.00448055 -0.000105189 -0.000218631  0.000108234  0.0540055  0.0944502 -0.0169118 -0.084437 -0.054563  -9.80848 
             142.901 -0.179973  0.327456   1.41777   0.259483 -0.0450544    1.93878 0 0 0   -0.011 -0.02329  0.04412 0.0421196 0.0365345 0.0277459 -0.000124334 -0.000213869  0.000101472   0.053516  0.0938027 -0.0172796 -0.0845812 -0.0544694   -9.80848 
             143.001 -0.209544  0.305006   1.38276   0.261681 -0.0437308    1.94114 0 0 0   -0.011 -0.02329  0.04412 0.0210695 0.0257307 0.0287315 -0.000129774 -0.000200316  0.000110095  0.053749 0.0940195  -0.01723 -0.0845312 -0.0545132   -9.80848 
               143.1 -0.308926  0.296296   1.35762    0.26501 -0.0409123    1.94213 0 0 0   -0.011 -0.02329  0.04412 0.0289829  0.032872 0.0150615 -9.91904e-05 -0.000246475  9.13085e-05  0.0536103   0.094056 -0.0170295 -0.0845337 -0.0544882   -9.80848 
             143.201 -0.414279  0.380301   1.35019   0.266518 -0.0364073    1.94208 0 0 0   -0.011 -0.02329  0.04412   0.020818  0.0399185 0.00268357 -8.45619e-05 -0.000263335  8.36981e-05  0.0537195  0.0938736 -0.0168695 -0.0845718 -0.0545179   -9.80848 
               143.3 -0.42373 0.450179  1.32308    0.27211 -0.0322741    1.94093 0 0 0   -0.011 -0.02329  0.04412   0.0301372   0.0425278 2.59306e-05 -9.60629e-05 -0.000273191  0.000100092  0.0532519  0.0939548 -0.0166914 -0.0845701 -0.0544315   -9.80848 
             143.401 -0.364184  0.499508   1.29029  0.276175 -0.026214   1.94369 0 0 0   -0.011 -0.02329  0.04412  0.0374487  0.0460746 0.00727062 -0.000119789 -0.000272531  0.000105435  0.0531208  0.0937964 -0.0170497 -0.0845918 -0.0543903   -9.80848 
               143.5 -0.260743  0.459426    1.2469    0.28271 -0.0263363    1.94615 0 0 0   -0.011 -0.02329  0.04412 0.0509201 0.0257789 0.0200041 -0.000115581 -0.000253084  6.46975e-05  0.0528827  0.0944375 -0.0172395 -0.0844668 -0.0543227   -9.80849 
             143.602 -0.205991  0.407862   1.22979   0.293431 -0.0218027    1.94865 0 0 0   -0.011 -0.02329  0.04412 0.0762505 0.0329423  0.017363 -0.000131829 -0.000257319   4.1244e-05   0.052208  0.0943393 -0.0173494 -0.0844901 -0.0541955   -9.80849 
               143.7 -0.13837 0.338695  1.16802   0.296581 -0.0152799    1.94987 0 0 0   -0.011 -0.02329  0.04412 0.0629326 0.0395757 0.0227473 -0.000128101 -0.000230839  3.18067e-05  0.0526585  0.0938129 -0.0172458 -0.0845823 -0.0542859   -9.80849 
               143.8 -0.135769  0.271117   1.21255    0.298349 -0.00954439     1.95046 0 0 0   -0.011 -0.02329  0.04412 0.0384916 0.0497765 0.0188317 -9.96401e-05 -0.000242748 -3.31828e-05  0.0531444  0.0935215 -0.0170128 -0.0846367 -0.0543776   -9.80848 
             143.902 -0.178224  0.113791   1.12667    0.300415 -0.00634596     1.95186 0 0 0   -0.011 -0.02329  0.04412  0.019066 0.0415448 0.0145443 -7.23472e-05 -0.000202359 -7.97432e-06  0.0532967  0.0936996 -0.0169783 -0.0846065 -0.0544017   -9.80848 
             144.001  -0.232835 -0.0165818    1.09819    0.308533 -0.00229114     1.95141 0 0 0   -0.011 -0.02329  0.04412 0.0407297 0.0445665 -0.110292 -3.80398e-05 -0.000179891  1.49501e-05  0.0525331  0.0938629 -0.0170932 -0.0845843 -0.0542724   -9.80849 
             144.101 -0.260317 0.0164797   1.07544    0.31202 0.00585479    1.92481 0 0 0   -0.011 -0.02329  0.04412 0.0282661  0.058984 -0.377325  -2.2216e-05 -0.000185449 -7.06867e-06  0.0524753  0.0934406 -0.0164879 -0.0846538 -0.0542722   -9.80848 
             144.201  -0.236413 0.00369615    1.03129  0.319514 0.0123487   1.87282 0 0 0   -0.011 -0.02329  0.04412 0.0405916 0.0593008 -0.608058 -1.69071e-05 -0.000182714  2.76086e-05  0.0518981  0.0934414 -0.0157202 -0.0846468 -0.0541922   -9.80849 
             144.301  -0.170239 -0.0759246   0.977169  0.326516 0.0132756   1.80134 0 0 0   -0.011 -0.02329  0.04412 0.0514385 0.0423425 -0.752031 -4.07114e-05 -0.000158552  1.99882e-05  0.0516379  0.0940964 -0.0151044 -0.0845376   -0.05416   -9.80849 
             144.401 -0.100215  -0.19387  0.904059  0.332902 0.0153501   1.72857 0 0 0   -0.011 -0.02329  0.04412 0.0432701 0.0263381 -0.800994 -3.5756e-05 -0.00014842 2.03669e-05  0.0514164  0.0943671 -0.0158551 -0.0845172 -0.0541182   -9.80849 
             144.502 -0.070689 -0.250025  0.841837  0.332287 0.0219842   1.66359 0 0 0   -0.011 -0.02329  0.04412 0.0104991 0.0364322 -0.556967 -4.17006e-05  -0.00012674 -1.47936e-05  0.0518267  0.0938027 -0.0170383 -0.0846317 -0.0541688   -9.80849 
             144.602 -0.0682379  -0.178454   0.817118  0.335723 0.0209332   1.63378 0 0 0   -0.011 -0.02329  0.04412 0.0156831 0.0194029 -0.254554 -6.05539e-05 -0.000131857 -5.45031e-06  0.0515079  0.0944044 -0.0189308 -0.0846377 -0.0541417   -9.80849 
             144.701  -0.105212 -0.0322335   0.702148  0.337751 0.0281881   1.62988 0 0 0   -0.011 -0.02329  0.04412   0.0132295   0.0394064 -0.00476789 -5.11462e-05 -0.000167106  6.07187e-05  0.0512699  0.0937707 -0.0205025 -0.0847834 -0.0541263   -9.80848 
             144.802 -0.148146 0.0581225  0.707957  0.341772 0.0328368   1.63349 0 0 0   -0.011 -0.02329  0.04412 0.0234168  0.038942  0.138687 -2.98493e-05 -0.000170272  3.42637e-05  0.0509543  0.0937416 -0.0201597 -0.0847718 -0.0540877   -9.80848 
               144.9 -0.119782   0.10862  0.649096  0.344369 0.0340351   1.65012 0 0 0   -0.011 -0.02329  0.04412 0.0326379 0.0271524  0.223539 -2.54414e-05 -0.000184824  4.98922e-05  0.0509882  0.0940451 -0.0200416 -0.0847393 -0.0540931   -9.80848 
                 145   -0.1145 0.0863479  0.554307  0.344724 0.0363048    1.6704 0 0 0   -0.011 -0.02329  0.04412 0.0142734 0.0245831  0.264126  8.16216e-06 -0.000165667  7.18007e-05  0.0513194  0.0940856 -0.0194331 -0.0847342 -0.0541246   -9.80848 
               145.1  -0.177005 -0.0157447   0.451133  0.347364 0.0427462   1.69585 0 0 0   -0.011 -0.02329  0.04412 0.0200579 0.0413087  0.288772  5.95983e-06 -0.000172964  5.81169e-05  0.0511554  0.0936104 -0.0190877 -0.0847728  -0.054105   -9.80848 
             145.201 -0.283786 -0.108698  0.368864  0.348343 0.0481573   1.72138 0 0 0   -0.011 -0.02329  0.04412 0.00461873  0.0508284   0.289643  3.96309e-05 -0.000211531  8.83794e-05  0.0512431  0.0935075 -0.0185299 -0.0847778 -0.0541119   -9.80848 
               145.3 -0.339617 -0.153153   0.30979  0.350514 0.0504527   1.74694 0 0 0   -0.011 -0.02329  0.04412 0.00409167  0.0431613   0.272889  7.01601e-05 -0.000185237  6.21913e-05  0.0510462  0.0938747 -0.0181501 -0.0847452 -0.0541106   -9.80848 
             145.401 -0.365679 -0.163221   0.25072 0.353921 0.055939  1.77533 0 0 0   -0.011 -0.02329  0.04412 0.0128317 0.0503808  0.268048  7.13462e-05 -0.000224788  0.000106071   0.050665  0.0937445 -0.0183134 -0.0847503 -0.0540874   -9.80848 
               145.5 -0.34033 -0.16049 0.205149  0.351687 0.0571938   1.80293 0 0 0   -0.011 -0.02329  0.04412 -0.0066675  0.0420487   0.264649  7.11839e-05 -0.000227438  5.84234e-05  0.0510565  0.0942181 -0.0184846 -0.0847472 -0.0541048   -9.80848 
               145.6 -0.324823 -0.154599  0.151408  0.351034 0.0635715   1.82927 0 0 0   -0.011 -0.02329  0.04412 -0.0084003  0.0564794   0.246732  7.69283e-05 -0.000239655  5.60273e-05  0.0510482  0.0940105 -0.0185589 -0.0847558 -0.0540983   -9.80848 
             145.701 -0.295377 -0.149152  0.104642  0.354099 0.0685948   1.85156 0 0 0   -0.011 -0.02329  0.04412 0.00421939  0.0446192   0.216064  8.50053e-05 -0.000263913  1.87671e-05   0.050571  0.0940657 -0.0183429 -0.0847369 -0.0540969   -9.80848 
             145.801 -0.263637 -0.104913 0.0821519  0.351165 0.0712755   1.87137 0 0 0   -0.011 -0.02329  0.04412 -0.00650099   0.0335467    0.185061  8.37573e-05 -0.000296384  5.81792e-06  0.0510407  0.0942297 -0.0182683 -0.0847408 -0.0541071   -9.80848 
             145.901 -0.261964 -0.110094 0.0847661  0.349154 0.0776338   1.88983 0 0 0   -0.011 -0.02329  0.04412 -0.010448 0.0446344  0.165912   8.5546e-05 -0.000243036  -6.7452e-06  0.0511451  0.0938841 -0.0183979 -0.0847494 -0.0540978   -9.80848 
             146.001  -0.27149 -0.224787 0.0537272  0.347513 0.0832546   1.90514 0 0 0   -0.011 -0.02329  0.04412 -0.0161735  0.0489724   0.140422  5.45539e-05  -0.00019903 -3.84018e-05  0.0512342   0.093717 -0.0183636 -0.0847504 -0.0540957   -9.80848 
             146.101  -0.280564  -0.305711 -0.0474216  0.343967 0.0905491   1.91974 0 0 0   -0.011 -0.02329  0.04412 -0.0264397  0.0544458    0.13234  3.16097e-05 -0.000216457 -3.08051e-05  0.0514554  0.0934275 -0.0184333 -0.0847569 -0.0540885   -9.80848 
             146.202 -0.233023 -0.325483 0.0171474   0.34203 0.0975322   1.93173 0 0 0   -0.011 -0.02329  0.04412 -0.0343865  0.0596206   0.111097  1.30621e-05 -0.000274744 -0.000101134 0.0513503 0.0932244  -0.01839 -0.0847517 -0.0540864   -9.80848 
             146.302   -0.196686   -0.277449 -0.00206678  0.340432 0.0976742   1.93839 0 0 0   -0.011 -0.02329  0.04412 -0.0352735   0.031413  0.0836667   3.0007e-05 -0.000250743 -0.000113716  0.0511039  0.0938873 -0.0179407 -0.0847288 -0.0541124   -9.80848 
             146.401  -0.129785  -0.233846 -0.0224508  0.33855 0.100262  1.94772 0 0 0   -0.011 -0.02329  0.04412 -0.0377279  0.0364096  0.0737466 -2.87498e-05 -0.000288508 -0.000159268  0.0508295  0.0939641 -0.0181844 -0.0847396 -0.0541131   -9.80848 
               146.5 -0.0949332  -0.126359 -0.0521671   0.3327 0.105111  1.95376 0 0 0   -0.011 -0.02329  0.04412 -0.0424521  0.0328184  0.0519606 -3.00902e-05 -0.000303145 -0.000138844  0.0510871  0.0937361 -0.0181248 -0.0847378 -0.0541063   -9.80848 
             146.601 -0.0829119  0.0022541 -0.0787706  0.32944 0.107789  1.96002 0 0 0   -0.011 -0.02329  0.04412 -0.0423218   0.030211  0.0451818 -4.01591e-05 -0.000319764 -0.000135395  0.0509341  0.0938062 -0.0182916  -0.084744 -0.0541088   -9.80848 
             146.702 -0.0938579  0.0318243  -0.158006 0.325089 0.116479  1.96207 0 0 0   -0.011 -0.02329  0.04412 -0.0432527  0.0492055  0.0346302 -4.89931e-06 -0.000322583 -5.78072e-05  0.0509716  0.0931259 -0.0179884 -0.0847246 -0.0540954   -9.80848 
             146.802 -0.106431 0.0223557 -0.271957 0.322722 0.118141  1.96393 0 0 0   -0.011 -0.02329  0.04412 -0.0359833  0.0257591  0.0209339  2.01189e-05 -0.000333307 -3.48331e-05  0.0507524  0.0934674 -0.0178476 -0.0847248 -0.0541049   -9.80848 
               146.9  -0.128652 -0.0624474  -0.409848 0.321277 0.122863  1.96398 0 0 0   -0.011 -0.02329  0.04412  -0.0300369   0.0303107 -0.00333773  2.22466e-05 -0.000280779 -1.19309e-05  0.0504901  0.0931774 -0.0176913 -0.0847097 -0.0541075   -9.80848 
             147.001 -0.151555 -0.174177 -0.544891 0.316309 0.127127  1.96438 0 0 0   -0.011 -0.02329  0.04412  -0.0401517   0.0317506 -0.00631156 -8.90944e-06   -0.0002769  1.93062e-05  0.0507413  0.0930543 -0.0178191 -0.0847086 -0.0540929   -9.80849 
             147.102 -0.191747 -0.267609 -0.655928 0.311845 0.125927  1.96368 0 0 0   -0.011 -0.02329  0.04412 -0.0448175  0.0106512  -0.012248 -1.24673e-05 -0.000255943  5.36017e-06  0.0507305  0.0935644 -0.0178579 -0.0847451 -0.0541002   -9.80848 
             147.202  -0.21737 -0.272839 -0.752035 0.309534 0.133951  1.96224 0 0 0   -0.011 -0.02329  0.04412 -0.0343026  0.0315514 -0.0115895 -4.21564e-05 -0.000280047   2.5957e-05  0.0505734  0.0926707 -0.0178483 -0.0846629 -0.0541058   -9.80849 
             147.301 -0.172557 -0.219828 -0.742397 0.305366 0.137891  1.95579 0 0 0   -0.011 -0.02329  0.04412 -0.0421283  0.0287155 -0.0379025 -4.95047e-05 -0.000284205 -1.43792e-05  0.0506896  0.0925277 -0.0172377 -0.0846189 -0.0541032   -9.80849 
             147.401 -0.151711 -0.157009 -0.888987 0.303635 0.142898  1.95655 0 0 0   -0.011 -0.02329  0.04412 -0.035069 0.0360009 -0.021499 -5.47549e-05 -0.000292753  3.49355e-05  0.0503791  0.0922291 -0.0178479 -0.0846137 -0.0541263   -9.80849 
             147.502 -0.142323 -0.102186  -0.92935 0.292011 0.142332  1.95405 0 0 0   -0.011 -0.02329  0.04412 -0.0659481  0.0154359 -0.0200148 -3.79757e-05 -0.000292236  2.66162e-05  0.0512938   0.092836 -0.0178044 -0.0846885 -0.0540142   -9.80849 
             147.601  -0.161021 -0.0730481   -1.02053 0.286697 0.147067  1.95087 0 0 0   -0.011 -0.02329  0.04412 -0.0674274  0.0267151 -0.0261934 -3.71641e-05 -0.000297207  4.12544e-05  0.0512026  0.0923926 -0.0176983 -0.0846256 -0.0540279   -9.80849 
             147.701  -0.176177 -0.0577407   -1.10316 0.281813 0.154835   1.9454 0 0 0   -0.011 -0.02329  0.04412 -0.0548702   0.041702 -0.0471614 -4.01425e-05  -0.00031368  6.42034e-05  0.0510953  0.0916701 -0.0174191 -0.0845155 -0.0540483   -9.80849 
             147.802  -0.174053 -0.0451615   -1.18771 0.278771 0.157834  1.93804 0 0 0   -0.011 -0.02329  0.04412 -0.0533037  0.0342746 -0.0667676 -3.32077e-05  -0.00026582  6.39463e-05  0.0507337  0.0917382 -0.0171207 -0.0845224 -0.0541061   -9.80849 
             147.901  -0.133944 -0.0682123   -1.14158  0.27664 0.159325  1.93344 0 0 0   -0.011 -0.02329  0.04412 -0.0430188  0.0253571 -0.0558847 -2.46104e-05 -0.000278827  3.74448e-05   0.050317  0.0918706 -0.0173822 -0.0845529 -0.0541713   -9.80849 
                 148 -0.128669 -0.083462  -1.29863 0.269311 0.160823  1.93151 0 0 0   -0.011 -0.02329  0.04412 -0.0562606 0.00828021 -0.0435184 -1.45703e-07 -0.000297925  6.25451e-05  0.0506796  0.0920132 -0.0178265 -0.0845794 -0.0541026   -9.80849 
             148.101 -0.142309  0.006987  -1.32987 0.263128 0.160578  1.92893 0 0 0   -0.011 -0.02329  0.04412  -0.0513209 -0.00242476  -0.0305623  1.11565e-05 -0.000326898  7.15368e-05  0.0507135  0.0921226 -0.0179884 -0.0846017 -0.0540936   -9.80849 
             148.201 -0.187105 0.0922914  -1.33261 0.260864 0.170355  1.92567 0 0 0   -0.011 -0.02329  0.04412  -0.044882  0.0284149 -0.0275113  2.48098e-05 -0.000331243  5.03571e-05 0.0506048 0.0907969 -0.017954 -0.0843561 -0.0541405   -9.80849 
             148.301 -0.208303  0.131975   -1.3328 0.252714 0.175176  1.92143 0 0 0   -0.011 -0.02329  0.04412 -0.0510347  0.0410226 -0.0340759  -3.1166e-05 -0.000331257  5.81309e-05  0.0511245  0.0906612 -0.0177589 -0.0843165  -0.054045   -9.80849 
             148.401 -0.149124 0.0803763  -1.33127  0.24878 0.179381  1.91848 0 0 0   -0.011 -0.02329  0.04412 -0.0515488  0.0369978 -0.0362202 -5.98766e-05  -0.00029682  6.79966e-05   0.050963  0.0905675 -0.0178154 -0.0843018 -0.0540775   -9.80849 
             148.501 -0.0480278  0.0144144   -1.34243 0.242762 0.181199  1.91729 0 0 0   -0.011 -0.02329  0.04412 -0.0507361  0.0252346 -0.0235726 -0.000106064 -0.000295193  9.60952e-05  0.0510282   0.090843 -0.0181267 -0.0843504 -0.0540556   -9.80849 
             148.601  0.0496816 -0.0271784   -1.40521 0.235396 0.180559  1.91616 0 0 0   -0.011 -0.02329  0.04412  -0.0602157  0.00953766 -0.00915541 -0.000108636  -0.00024895  0.000122729  0.0511747  0.0912669 -0.0182376 -0.0844272 -0.0540183   -9.80849 
             148.701  0.0978218 -0.0133401   -1.46352 0.231907 0.187178  1.91649 0 0 0   -0.011 -0.02329  0.04412 -0.0556013   0.026581 0.00192832 -9.16725e-05  -0.00028133  0.000101036  0.0510311  0.0904943 -0.0183561 -0.0842833 -0.0540643   -9.80849 
             148.801 0.0930525 0.0181356  -1.52514 0.229935 0.190759  1.91606 0 0 0   -0.011 -0.02329  0.04412 -0.0351627  0.0248579 0.00282148 -8.71181e-05 -0.000310134  9.66269e-05   0.050661   0.090259 -0.0182544 -0.0842442 -0.0541424   -9.80849 
             148.901 0.0763567 0.0669782  -1.57404 0.226186 0.192316  1.91952 0 0 0   -0.011 -0.02329  0.04412 -0.0329332  0.0212465  0.0267018   -8.227e-05 -0.000275552  0.000103507  0.0506493  0.0903773 -0.0186185 -0.0842767 -0.0541519   -9.80849 
             149.001 0.0477928 0.0878296  -1.63074 0.222804 0.193466  1.92139 0 0 0   -0.011 -0.02329  0.04412 -0.0335784  0.0136948  0.0302289 -9.99668e-05 -0.000291135  0.000101614  0.0506048  0.0904542 -0.0184928 -0.0842927  -0.054155   -9.80849 
               149.1 0.0479552 0.0732488  -1.67076 0.217807 0.192802   1.9235 0 0 0   -0.011 -0.02329  0.04412 -0.0380536 0.00102251   0.034258 -0.000109212 -0.000262043  9.75023e-05  0.0507575  0.0907316 -0.0183359 -0.0843469 -0.0541067   -9.80849 
             149.202 0.0269254 0.0211683  -1.72776 0.216873  0.19392  1.92496 0 0 0   -0.011 -0.02329  0.04412  -0.0301329 -0.00273496   0.0283457 -9.66972e-05 -0.000261659  0.000130718  0.0504433  0.0904747 -0.0180416 -0.0842999 -0.0541803   -9.80849 
             149.301 -0.0213717 -0.0124902   -1.79405 0.208046 0.198281  1.92434 0 0 0   -0.011 -0.02329  0.04412 -0.0515341  0.0166765  0.0149439 -9.85482e-05 -0.000257781  0.000163757  0.0513218   0.090143 -0.0176385 -0.0841838 -0.0539824   -9.80849 
             149.401 -0.0458186 -0.0442161   -1.81489 0.203684  0.19482  1.92632 0 0 0   -0.011 -0.02329  0.04412 -0.0599158 -0.0101984  0.0191009 -8.18854e-05 -0.000277776  0.000150349  0.0510148  0.0906997 -0.0176751 -0.0843291 -0.0540304   -9.80849 
             149.501 -0.0900553 -0.0358334    -1.8426 0.198263 0.194757  1.92799 0 0 0   -0.011 -0.02329  0.04412   -0.0573738 -0.000858898    0.0123251 -9.14271e-05 -0.000289174  0.000132958  0.0509745  0.0905454 -0.0176792 -0.0842938 -0.0540477   -9.80849 
             149.601   -0.120816 -0.00158104    -1.88579 0.197193 0.194465  1.92956 0 0 0   -0.011 -0.02329  0.04412  -0.0414553 -0.00319112  0.00686442 -0.000102396 -0.000286189  0.000114252  0.0503916  0.0903685 -0.0177422 -0.0842811 -0.0541998   -9.80849 
             149.702 -0.140541 0.0864054  -1.90347 0.195637 0.194293  1.92911 0 0 0   -0.011 -0.02329  0.04412    -0.02718 -0.00456782 -0.00308671 -8.65272e-05 -0.000303805  9.51028e-05  0.0500948  0.0902598 -0.0176152  -0.084268 -0.0542799   -9.80849 
             149.801 -0.146543  0.177395  -1.90347 0.192737 0.195263  1.92939 0 0 0   -0.011 -0.02329  0.04412  -0.0315276 -0.00544678 -0.00374569 -6.77961e-05 -0.000299072  0.000108445  0.0501358  0.0900753 -0.0176981 -0.0842196 -0.0542794   -9.80849 
             149.901 -0.149146  0.195176  -1.89414 0.188959  0.19845  1.93154 0 0 0   -0.011 -0.02329  0.04412 -0.0366445  0.0114956 0.00328236 -4.63112e-05 -0.000310203   0.00011487  0.0503612  0.0896282 -0.0180786 -0.0840915 -0.0542468   -9.80849 
             150.001 -0.161171  0.162356  -1.89339 0.182372 0.193547  1.93488 0 0 0   -0.011 -0.02329  0.04412  -0.0562108 -0.00928364   0.0171579  -4.1939e-05 -0.000304398  0.000105373  0.0504642  0.0904702 -0.0184302 -0.084294 -0.054175  -9.80849 
             150.101 -0.164452  0.103378  -1.89638  0.17966 0.191905  1.93829 0 0 0   -0.011 -0.02329  0.04412 -0.0484164 -0.0105286  0.0284452 -5.03804e-05 -0.000278396  0.000126779  0.0500717  0.0904587 -0.0186113 -0.0843094 -0.0542743   -9.80849 
             150.202 -0.152702 0.0764153  -1.95116 0.178089 0.198265  1.94021 0 0 0   -0.011 -0.02329  0.04412 -0.0317611  0.0221725  0.0238931 -5.10952e-05 -0.000285721  0.000108862 0.0499431 0.0894367 -0.018498 -0.0840627 -0.0543614   -9.80849 
             150.302 -0.11951 0.121276 -1.99236 0.177933 0.200613  1.93957 0 0 0   -0.011 -0.02329  0.04412 -0.0195257  0.0162351  0.0106141 -6.99811e-05 -0.000274394  0.000124095  0.0496013   0.089272 -0.0181503 -0.0840432  -0.054458   -9.80849 
               150.4 -0.0526963   0.170505   -2.07904 0.177226 0.200955  1.94144 0 0 0   -0.011 -0.02329  0.04412 -0.00989116   0.0108608   0.0143196 -5.95373e-05 -0.000276654  0.000159046 0.0494378 0.0893966  -0.01826 -0.0840839 -0.0544925   -9.80849 
             150.502 -0.0219956   0.212285   -2.15757 0.171418 0.200645  1.94422 0 0 0   -0.011 -0.02329  0.04412 -0.0353326 0.00430373  0.0251706 -4.42416e-05 -0.000283255  0.000175997  0.0499373  0.0897478 -0.0183679 -0.0841445  -0.054341   -9.80849 
               150.6 -0.0332104   0.227267   -2.22029 0.168058 0.199271  1.94631 0 0 0   -0.011 -0.02329  0.04412   -0.037438 -0.00531861   0.0213869 -3.54434e-05 -0.000302535  0.000180987  0.0498664  0.0899334 -0.0183307 -0.0841994 -0.0543473   -9.80849 
             150.701 -0.0515137   0.223965   -2.28004 0.166924 0.198707  1.94793 0 0 0   -0.011 -0.02329  0.04412 -0.0207804 -0.0157463  0.0231285 -5.17156e-05 -0.000296531  0.000214726   0.049598  0.0897992 -0.0182192 -0.0841828 -0.0544292   -9.80849 
               150.8 -0.0639617   0.199382   -2.33148 0.164823 0.199519    1.948 0 0 0   -0.011 -0.02329  0.04412 -0.0151954 -0.0129312 0.00914819 -3.82766e-05 -0.000282141   0.00023363  0.0497442  0.0894473 -0.0179788 -0.0840757 -0.0544103   -9.80849 
             150.901 -0.102793  0.121453  -2.36607 0.167695  0.19743  1.95015 0 0 0   -0.011 -0.02329  0.04412 -0.00110252  -0.0217963   0.0170431 -5.19554e-05 -0.000268575  0.000240514  0.0491697  0.0893098 -0.0181283 -0.0840798   -0.05459   -9.80849 
                 151 -0.170819 0.0315701  -2.40423 0.167527 0.193535  1.95207 0 0 0   -0.011 -0.02329  0.04412 -0.00541321  -0.0279857   0.0228356 -4.73686e-05 -0.000239743  0.000280811  0.0490843  0.0895557 -0.0181252 -0.0841591 -0.0545943   -9.80849 
             151.102  -0.237992 -0.0298333   -2.46297 0.166728 0.195687  1.95502 0 0 0   -0.011 -0.02329  0.04412  -0.011094 -0.0131007  0.0230583 -7.69099e-05 -0.000235524  0.000284253  0.0492824  0.0889261 -0.0181948 -0.0839557 -0.0545901   -9.80849 
             151.201  -0.230184 -0.0469394   -2.52788 0.165659 0.196515  1.95621 0 0 0   -0.011 -0.02329  0.04412  -0.0136217 -0.00963293   0.0137892 -9.22871e-05 -0.000271324  0.000274489  0.0494091  0.0886371 -0.0180902 -0.0838575 -0.0545791   -9.80849 
             151.301  -0.252631 -0.0600524   -2.57698 0.161523 0.197141  1.95497 0 0 0   -0.011 -0.02329  0.04412  -0.0303481 -0.00105872  0.00446373 -8.23616e-05 -0.000218646  0.000284761  0.0497595  0.0885907 -0.0178025 -0.0838079 -0.0544815   -9.80849 
             151.401  -0.25178 -0.110089  -2.62665 0.161638 0.197302  1.95603 0 0 0   -0.011 -0.02329  0.04412  -0.0236749 0.000209369   0.0182578 -7.50073e-05 -0.000206485  0.000276932  0.0493684  0.0883904 -0.0177955 -0.0837843 -0.0546233   -9.80849 
             151.501  -0.234781 -0.0455963   -2.61058 0.161957 0.198506  1.96219 0 0 0   -0.011 -0.02329  0.04412 -0.0100402 0.00145177  0.0272835 -8.92318e-05 -0.000260856  0.000254434  0.0491088  0.0881377 -0.0183564  -0.083738 -0.0547178   -9.80849 
             151.601  -0.202983 -0.0193307   -2.60967 0.157822 0.195424  1.96155 0 0 0   -0.011 -0.02329  0.04412 -0.0271817 -0.0109528 0.00804609   -9.974e-05 -0.000235795  0.000273425 0.0493216 0.0886669 -0.017981 -0.0838787 -0.0546038   -9.80849 
             151.702   -0.210091 0.000827492    -2.62386 0.154785 0.197716  1.96278 0 0 0   -0.011 -0.02329  0.04412 -0.0274746 0.00180925  0.0128257  -0.00011649 -0.000246279  0.000277156  0.0495467  0.0882864 -0.0180271 -0.0837352 -0.0545711   -9.80849 
             151.801 -0.192621 0.0198287  -2.63673 0.154342 0.202445  1.96124 0 0 0   -0.011 -0.02329  0.04412 -0.0145904  0.0119255 0.00622365 -0.000103919 -0.000253784  0.000250916  0.0495269  0.0876185 -0.0176738 -0.0835239 -0.0546522   -9.80849 
             151.901  -0.145421 0.00796148   -2.66144 0.156494 0.204383  1.96337 0 0 0   -0.011 -0.02329  0.04412 -0.00507524   0.0127443  0.00622083 -0.000107447 -0.000300397  0.000269432  0.0491532   0.087344 -0.0179081 -0.0834769 -0.0547959   -9.80849 
             152.001  -0.102664 0.00964528    -2.6936 0.148903 0.202971  1.96447 0 0 0   -0.011 -0.02329  0.04412   -0.03995 0.00311908 0.00465103 -8.40697e-05 -0.000324624  0.000283727 0.0498349 0.0880036 -0.018006 -0.0836152 -0.0545106   -9.80849 
             152.102    -0.060876 -0.000795283     -2.72794 0.148377 0.203674  1.96468 0 0 0   -0.011 -0.02329  0.04412 -0.0245363  0.0110248 0.00657036 -0.000113735 -0.000319432  0.000297469  0.0494279   0.087797 -0.0179554 -0.0835922 -0.0546623   -9.80849 
             152.201 -0.0418832  0.0158234   -2.80875 0.150509 0.207647  1.96561 0 0 0   -0.011 -0.02329  0.04412 -0.00726289   0.0170753   0.0127545 -0.000118333  -0.00030949  0.000329873  0.049028 0.0872323 -0.017966 -0.0834545 -0.0548513   -9.80849 
             152.301 0.0157247 0.0595791  -2.88555 0.146484 0.206199  1.96437 0 0 0   -0.011 -0.02329  0.04412  -0.0212567 -0.00300021  0.00383018 -0.000166957 -0.000285687  0.000337378  0.0492278  0.0877476 -0.0176486 -0.0835962 -0.0547278   -9.80849 
             152.402 0.0933966 0.0567177  -2.97344 0.144654 0.203553  1.96675 0 0 0   -0.011 -0.02329  0.04412 -0.0302812 -0.0290553  0.0132016 -0.000174966 -0.000280248  0.000360716  0.0490732  0.0878675 -0.0178849 -0.0836558  -0.054767   -9.80849 
               152.5   0.0959207 -0.00520249    -3.05775 0.140016 0.205708  1.96658 0 0 0   -0.011 -0.02329  0.04412 -0.0361277 -0.0190672 0.00824079 -0.000143871   -0.0002621  0.000313495  0.0495214  0.0873024 -0.0177222 -0.0834081 -0.0546833   -9.80849 
             152.601  0.0168839 -0.0415149   -3.14568 0.139825 0.202416  1.96703 0 0 0   -0.011 -0.02329  0.04412 -0.0229366 -0.0304298 0.00419726 -0.000115118 -0.000255614  0.000336456  0.0490752   0.087232 -0.0176835 -0.0834427 -0.0548462   -9.80849 
             152.702  -0.106613 -0.0241062   -3.05929  0.14144 0.205134   1.9666 0 0 0   -0.011 -0.02329  0.04412 -0.00539286 -0.00731323   0.0133646 -0.000113107 -0.000277199  0.000300845 0.0489826 0.0863575  -0.01755 -0.0831452 -0.0549987   -9.80849 
             152.801  -0.157729 -0.0131072   -3.03864 0.138167 0.200364  1.96387 0 0 0   -0.011 -0.02329  0.04412 -0.0148226  -0.022955 -0.0107599 -0.000111306 -0.000267941  0.000282847  0.0490897   0.087039 -0.0170818 -0.0833624 -0.0548597   -9.80849 
             152.902  -0.136464 -0.0305167   -3.02772 0.135047 0.206955  1.96474 0 0 0   -0.011 -0.02329  0.04412  -0.0199206   0.0100201 -0.00618623 -0.000125634 -0.000278193  0.000245886  0.0497995  0.0860578 -0.0173598 -0.0829229 -0.0547457    -9.8085 
             153.001 -0.0823857  -0.049651    -3.0247 0.130661 0.199837  1.96103 0 0 0   -0.011 -0.02329  0.04412 -0.0317467 -0.0301313 -0.0227308 -0.000117445 -0.000263728  0.000258929  0.0496499  0.0871394 -0.0170157 -0.0833158 -0.0546541   -9.80849 
             153.101 0.0168078 -0.121787  -3.00468 0.132909 0.200808  1.95831 0 0 0   -0.011 -0.02329  0.04412 -0.0122007 -0.0138947 -0.0277462 -0.000117981 -0.000257703  0.000253501 0.0491995 0.0863131  -0.01697 -0.0830901 -0.0549188   -9.80849 
             153.202 0.0586524 -0.232205  -2.99338 0.130586 0.203993  1.95546 0 0 0   -0.011 -0.02329  0.04412 -0.0233787 0.00533482 -0.0308063 -0.000120316 -0.000249834  0.000219214  0.0495632  0.0858515 -0.0169974 -0.0828852 -0.0548542    -9.8085 
             153.301 0.0613985   -0.2911  -2.96968 0.124385 0.202869  1.95119 0 0 0   -0.011 -0.02329  0.04412  -0.0429652 -0.00846808  -0.0299684 -0.000118677 -0.000256744  0.000229437 0.0499427 0.0861888 -0.016803 -0.0829452 -0.0546809    -9.8085 
               153.4 0.039915 -0.30896 -2.95362 0.119941 0.200068  1.95018 0 0 0   -0.011 -0.02329  0.04412  -0.052111 -0.0235622  -0.030536 -0.000131863 -0.000244514  0.000222176  0.0498237  0.0863541 -0.0170969   -0.08303 -0.0547019    -9.8085 
             153.502 0.0112563 -0.264711  -2.96092 0.115465  0.19827  1.94748 0 0 0   -0.011 -0.02329  0.04412  -0.057523 -0.0220819 -0.0322413 -0.000126477 -0.000264142  0.000247899  0.0496946   0.086228 -0.0171788  -0.083008 -0.0547611    -9.8085 
             153.601 -0.0298972  -0.190651   -2.98444 0.112297 0.196343  1.94586 0 0 0   -0.011 -0.02329  0.04412 -0.0542859 -0.0240141 -0.0181858 -8.39096e-05 -0.000253569  0.000242072  0.0493711  0.0860353 -0.0173237 -0.0829909 -0.0548926    -9.8085 
               153.7 -0.0967882  -0.132042   -3.04363 0.106901 0.198121  1.94395 0 0 0   -0.011 -0.02329  0.04412   -0.0571919 -0.000357011   -0.0162088 -0.000103915 -0.000276889  0.000249448  0.0495537  0.0855144 -0.0173125 -0.0827938 -0.0548954    -9.8085 
               153.8 -0.0954926 -0.0441831    -3.0854 0.101206 0.197808  1.94004 0 0 0   -0.011 -0.02329  0.04412  -0.0545241 -0.00701518  -0.0232414 -9.18962e-05 -0.000308448  0.000264389  0.0495641  0.0855727 -0.0170416 -0.0828021 -0.0548863    -9.8085 
             153.901 -0.0677028  0.0406331   -3.11376 0.0998438  0.195122    1.9385 0 0 0   -0.011 -0.02329  0.04412 -0.0362183 -0.0229233 -0.0194542 -0.000101534 -0.000302918  0.000254485  0.0490063  0.0855449 -0.0171301 -0.0828659 -0.0550784    -9.8085 
             154.001 -0.0371135  0.0984998   -3.12093 0.0930169  0.190396    1.9364 0 0 0   -0.011 -0.02329  0.04412 -0.0457452 -0.0355356 -0.0207506 -0.000127041  -0.00029507  0.000262869  0.0493005  0.0859775 -0.0171312 -0.0829754 -0.0549212    -9.8085 
               154.1 -0.0115637    0.09584   -3.13751 0.0858351  0.189079   1.93581 0 0 0   -0.011 -0.02329  0.04412 -0.0597803 -0.0258189 -0.0165991 -0.000132745 -0.000281961  0.000236084  0.0497136  0.0858493 -0.0173219 -0.0828777 -0.0547974    -9.8085 
               154.2 0.0279054 0.0586725  -3.13634 0.0835107  0.188853   1.93274 0 0 0   -0.011 -0.02329  0.04412 -0.0543745 -0.0236651 -0.0222101 -0.000181266 -0.000236065  0.000258612 0.0493793 0.0853171 -0.017175  -0.082739 -0.0549817    -9.8085 
               154.3   0.0664587 -0.00241009    -3.11793 0.0803556  0.185942   1.92866 0 0 0   -0.011 -0.02329  0.04412 -0.0472988 -0.0370427 -0.0292129 -0.000185118 -0.000246739  0.000244354 0.0491276 0.0851891 -0.016927 -0.0827286 -0.0550813    -9.8085 
             154.401  0.027765 0.0324533  -3.11033 0.0763319  0.181641   1.92799 0 0 0   -0.011 -0.02329  0.04412 -0.0389018 -0.0410115 -0.0163294 -0.000145966 -0.000269872  0.000250556  0.0490498  0.0851946 -0.0172141 -0.0827432 -0.0551129    -9.8085 
               154.5 0.000592952    0.104584    -3.12401 0.0705282   0.18065   1.92523 0 0 0   -0.011 -0.02329  0.04412 -0.0549191 -0.0338253  -0.015092 -0.000156857 -0.000256062  0.000256764  0.0494043  0.0848749 -0.0170438 -0.0825861 -0.0550299    -9.8085 
             154.602 -0.0127928   0.144786   -3.12153 0.0688962  0.179225   1.92312 0 0 0   -0.011 -0.02329  0.04412 -0.0327196 -0.0298818 -0.0221209 -0.000175319 -0.000268721  0.000248978  0.0490905  0.0844148 -0.0169886 -0.0824697 -0.0551949    -9.8085 
             154.701 0.0377773  0.136336  -3.15148 0.0666901   0.17639   1.92218 0 0 0   -0.011 -0.02329  0.04412 -0.0291709 -0.0415248 -0.0133057 -0.000191599 -0.000249649  0.000275422  0.0489894  0.0842752 -0.0171032 -0.0824354 -0.0552495    -9.8085 
             154.802 0.0799795  0.139167  -3.17159 0.062351 0.172842  1.91941 0 0 0   -0.011 -0.02329  0.04412 -0.0343187 -0.0372139 -0.0118677 -0.000196011 -0.000276264  0.000292071   0.049214  0.0842662 -0.0168864 -0.0824043 -0.0551698    -9.8085 
             154.901  0.05173  0.15811 -3.21609 0.0582747   0.17336   1.92055 0 0 0   -0.011 -0.02329  0.04412   -0.0387437   -0.0265444 -0.000801758  -0.00019131 -0.000283064  0.000309098  0.0495286  0.0837688 -0.0172008 -0.0821932 -0.0551348    -9.8085 
             155.002 -0.0156777   0.179267   -3.22124 0.0568925  0.166769    1.9211 0 0 0   -0.011 -0.02329  0.04412   -0.0243026   -0.0454321 -6.95412e-05 -0.000165702 -0.000273372  0.000249167  0.0490444  0.0840573 -0.0172883 -0.0823555  -0.055265    -9.8085 
               155.1 -0.0862509   0.228361   -3.25759 0.0521845  0.164565   1.91982 0 0 0   -0.011 -0.02329  0.04412  -0.031176 -0.0332197 0.00706648 -0.000170974 -0.000306528  0.000215155  0.0494659  0.0839398 -0.0170608 -0.0822592  -0.055129    -9.8085 
               155.2 -0.120543  0.311925  -3.22868 0.0526783  0.165153   1.91931 0 0 0   -0.011 -0.02329  0.04412 -0.0182752 -0.0166805 0.00376914 -0.000150215 -0.000302453  0.000205056  0.0492002  0.0832715 -0.0169138 -0.0820648 -0.0553105    -9.8085 
             155.301 -0.116132  0.365202   -3.1762 0.0524721  0.158956   1.91723 0 0 0   -0.011 -0.02329  0.04412 -0.0125974 -0.0402679 0.00353267  -0.00017623 -0.000317922  0.000156093  0.0487186  0.0836774 -0.0165332 -0.0822799 -0.0554154    -9.8085 
             155.401 -0.0555495   0.399834   -3.12348 0.0494448  0.154963   1.91758 0 0 0   -0.011 -0.02329  0.04412 -0.0176269 -0.0420955  0.0039861 -0.000187642   -0.0003129   0.00016485  0.0489851  0.0837377 -0.0165654 -0.0822638 -0.0553159    -9.8085 
             155.502 0.0270358  0.388389  -3.08841 0.0507949  0.151622   1.91623 0 0 0   -0.011 -0.02329  0.04412  0.00610289  -0.0399087 -0.00501286 -0.000234325 -0.000315179  0.000181958 0.0487474 0.0834608 -0.016413 -0.0822065 -0.0554286    -9.8085 
               155.6 0.0492472  0.341899  -3.05848 0.0491164  0.145775   1.91225 0 0 0   -0.011 -0.02329  0.04412 0.00203074 -0.0510452 -0.0232041 -0.000221685 -0.000311679  0.000152043 0.0489145 0.0838217 -0.016016 -0.0823221  -0.055319    -9.8085 
               155.7 -0.00111651    0.265545    -3.06093 0.0539408  0.146459   1.91099 0 0 0   -0.011 -0.02329  0.04412  0.0196636 -0.0221379 -0.0256724  -0.00021767 -0.000259423  0.000176957  0.0486625  0.0829309 -0.0161644 -0.0820539 -0.0555121    -9.8085 
             155.802 -0.0747816   0.143876   -3.06633 0.0531949  0.143412   1.90756 0 0 0   -0.011 -0.02329  0.04412 0.00932962 -0.0225728 -0.0339605 -0.000216565 -0.000222797  0.000151562  0.0489416  0.0831912 -0.0160825 -0.0821089 -0.0553885    -9.8085 
             155.901 -0.180616 0.0584662  -3.07763 0.0533496  0.140019   1.90628 0 0 0   -0.011 -0.02329  0.04412  0.0137164 -0.0226907 -0.0177134 -0.000198023 -0.000229411  0.000167419  0.0490138  0.0833782 -0.0163155 -0.0821565 -0.0553486    -9.8085 
                 156 -0.229658 0.0375816  -3.09187 0.0522412  0.134147   1.90586 0 0 0   -0.011 -0.02329  0.04412 0.000174519  -0.0376945  -0.0108403 -0.000184201 -0.000207524  0.000145609  0.0490777  0.0839484 -0.0164559 -0.0823325 -0.0552637    -9.8085 
             156.101    -0.24543 -0.00181287    -3.10285 0.050723 0.129837  1.90399 0 0 0   -0.011 -0.02329  0.04412  -0.011099 -0.0376636  -0.008093  -0.00017375 -0.000199599  0.000138766  0.0492032  0.0840814 -0.0163312  -0.082362 -0.0552079    -9.8085 
             156.201  -0.255815 0.00568637   -3.12152 0.0552616  0.134568    1.9026 0 0 0   -0.011 -0.02329  0.04412  0.00259048 -0.00869124  0.00142971  -0.00015905 -0.000238619   0.00016501  0.0489301  0.0827806 -0.0161921 -0.0819701 -0.0554503    -9.8085 
             156.301 -0.295412 0.0110236  -3.14491 0.052752 0.131284  1.89957 0 0 0   -0.011 -0.02329  0.04412 -0.00665854  -0.0148718  -0.0149645 -0.000126794 -0.000228806  0.000195432  0.0491363  0.0832451 -0.0158291 -0.0820969 -0.0553366    -9.8085 
             156.401    -0.34888 -0.00308594    -3.14342 0.054052 0.126798  1.89673 0 0 0   -0.011 -0.02329  0.04412 0.00567448  -0.025548 -0.0187128 -0.000115894 -0.000221879  0.000162767  0.0487741  0.0835248 -0.0156509 -0.0822308 -0.0554258    -9.8085 
               156.5  -0.395099 -0.0088445   -3.13325 0.0542229  0.126661   1.89669 0 0 0   -0.011 -0.02329  0.04412  0.0061961 -0.0157703 -0.0142566 -0.000104917 -0.000220259  0.000153682  0.0489343  0.0832642 -0.0158713 -0.0821254 -0.0553985    -9.8085 
             156.601  -0.449398 -0.0502196   -3.14572 0.0547063  0.124482   1.89353 0 0 0   -0.011 -0.02329  0.04412 -0.00147003  -0.0214642  -0.0293864 -9.76549e-05 -0.000211556  0.000159713   0.048896  0.0832793 -0.0156993  -0.082136 -0.0554148    -9.8085 
             156.702  -0.43942 -0.118958   -3.1411 0.0548758  0.128086   1.89055 0 0 0   -0.011 -0.02329  0.04412 -0.00217913  0.00927545   -0.030124 -0.000114231 -0.000205517  0.000160002  0.0491175  0.0826111 -0.0157119 -0.0818915 -0.0554207    -9.8085 
             156.801 -0.381821  -0.15117  -3.17345 0.0529316  0.128528   1.88588 0 0 0   -0.011 -0.02329  0.04412 -0.0245686  0.0107117 -0.0324489 -0.000130625 -0.000241014   0.00019076  0.0492322  0.0827303 -0.0155061 -0.0819177 -0.0553793    -9.8085 
               156.9 -0.376402 -0.104912  -3.21038 0.0522109  0.131733   1.88555 0 0 0   -0.011 -0.02329  0.04412 -0.0252252  0.0244074  -0.020579 -0.000109078 -0.000276443  0.000173195  0.0490723  0.0824224 -0.0158791 -0.0818386 -0.0554477    -9.8085 
             157.001 -0.406846 0.0198434    -3.247 0.0495524  0.131571   1.88369 0 0 0   -0.011 -0.02329  0.04412 -0.0362188  0.0163955 -0.0188853 -0.000125371  -0.00029284  0.000181355 0.0489192 0.0827404 -0.015934 -0.0819612 -0.0554575    -9.8085 
             157.101 -0.399818  0.120771   -3.2969 0.0492128  0.131296   1.88323 0 0 0   -0.011 -0.02329  0.04412  -0.0222944   0.0151102 -0.00494785 -0.000105238 -0.000277276  0.000191168  0.0484138  0.0828136 -0.0160568 -0.0820469 -0.0556101    -9.8085 
               157.2 -0.378179  0.153371  -3.33124 0.0502611  0.137127   1.88156 0 0 0   -0.011 -0.02329  0.04412 -0.00301416   0.0280791 -0.00601033 -9.37331e-05 -0.000272086  0.000223408  0.0483248  0.0821253 -0.0158997 -0.0818304 -0.0557308    -9.8085 
             157.301 -0.304667  0.155906  -3.35869 0.051275  0.13886   1.8781 0 0 0   -0.011 -0.02329  0.04412 0.00890416  0.0248946 -0.0331228 -0.000116698 -0.000261806   0.00025711  0.0481264  0.0821878 -0.0156007 -0.0818834 -0.0557979    -9.8085 
             157.401 -0.290566  0.116024  -3.41044 0.0490204  0.143839   1.87434 0 0 0   -0.011 -0.02329  0.04412 -0.00584273   0.0282969  -0.0328951  -9.7284e-05 -0.000268852  0.000253556  0.0486728  0.0820446 -0.0155702 -0.0817654 -0.0556326    -9.8085 
             157.501 -0.258413 0.0897472  -3.46451 0.0490107  0.143275   1.87388 0 0 0   -0.011 -0.02329  0.04412 -0.00361901   0.0105357  -0.0182085 -9.73333e-05 -0.000278243  0.000215132  0.0484345  0.0823997 -0.0158889  -0.081911 -0.0556613    -9.8085 
             157.601 -0.311344 0.0704878  -3.49119 0.049268 0.145009  1.87313 0 0 0   -0.011 -0.02329  0.04412 -0.00660124   0.0183152  -0.0221061 -7.26986e-05 -0.000285271  0.000206909  0.0483477  0.0823294 -0.0160331 -0.0818962 -0.0556988    -9.8085 
             157.701 -0.380076 0.0748072  -3.50688 0.0489102  0.149093    1.8697 0 0 0   -0.011 -0.02329  0.04412 -0.00885883   0.0259601  -0.0275377 -0.000108777  -0.00028539  0.000197245  0.0484366  0.0820161 -0.0159019 -0.0817758 -0.0557144    -9.8085 
             157.801 -0.384626  0.108723  -3.50736 0.0497565  0.153985   1.86776 0 0 0   -0.011 -0.02329  0.04412 -0.00313129   0.0404268  -0.0188112 -0.000104955  -0.00030617  0.000168517  0.0483474  0.0816759 -0.0159453 -0.0816687 -0.0557933    -9.8085 
               157.9 -0.283113  0.128465   -3.4815 0.0504846  0.159144   1.86807 0 0 0   -0.011 -0.02329  0.04412 0.00117612  0.0316582 -0.0134533  -9.9786e-05 -0.000290688  0.000177927  0.0483239  0.0814236 -0.0162331 -0.0815785 -0.0558294    -9.8085 
             158.002 -0.153227  0.137859  -3.44982 0.0510792   0.15677   1.86786 0 0 0   -0.011 -0.02329  0.04412 0.00908071 0.00108507  -0.015617 -9.64383e-05 -0.000270469    0.0001506  0.0479875  0.0820067 -0.0164199 -0.0818256 -0.0558599    -9.8085 
             158.101 -0.124256  0.137741  -3.41125 0.0524534  0.161541   1.86675 0 0 0   -0.011 -0.02329  0.04412  0.0117824  0.0211481 -0.0140548 -8.34628e-05  -0.00027708   0.00015519  0.0481891  0.0814507 -0.0164928 -0.0816037 -0.0558665    -9.8085 
               158.2 -0.178818  0.122776  -3.36487 0.0526083  0.168672   1.86469 0 0 0   -0.011 -0.02329  0.04412 0.00286076  0.0401511 -0.0125852 -9.32815e-05 -0.000304468  0.000153248  0.0485688  0.0809266 -0.0163924 -0.0813743 -0.0558072    -9.8085 
             158.301 -0.223265  0.109548  -3.37149 0.0531917  0.172967   1.86491 0 0 0   -0.011 -0.02329  0.04412  0.00490982   0.0354964 -0.00244676 -8.06204e-05 -0.000318021  0.000166824  0.0485845  0.0808785 -0.0165303 -0.0813546 -0.0558084    -9.8085 
             158.402 -0.269325  0.101772  -3.40375 0.0540826  0.177142   1.86634 0 0 0   -0.011 -0.02329  0.04412 0.00650744  0.0300202 0.00370864 -8.07178e-05 -0.000332997  0.000189797  0.0486085  0.0807711 -0.0167491 -0.0813136 -0.0558131    -9.8085 
             158.501 -0.276667  0.115924  -3.48058 0.051254 0.178864  1.86597 0 0 0   -0.011 -0.02329  0.04412 -0.00625701   0.0147212 0.000478852 -8.51892e-05 -0.000391008  0.000194205  0.0489751  0.0810645 -0.0166831 -0.0813662 -0.0556552    -9.8085 
               158.6 -0.301507  0.169888  -3.50213 0.0566016  0.177809   1.86773 0 0 0   -0.011 -0.02329  0.04412   0.0185261 -0.00147572  0.00740614 -6.62705e-05 -0.000429084   0.00017791 0.0481771 0.0810341 -0.016885 -0.0814564 -0.0559251    -9.8085 
             158.701 -0.324816    0.2234   -3.5704 0.0578123  0.187075   1.86762 0 0 0   -0.011 -0.02329  0.04412 0.0274644 0.0339279 0.0096129 -4.96621e-05 -0.000438471     0.000164  0.0488113  0.0800082 -0.0167373 -0.0810231 -0.0558486   -9.80851 
             158.801 -0.345858  0.247346   -3.6218 0.0588985   0.19488   1.86817 0 0 0   -0.011 -0.02329  0.04412 0.0196642  0.043675 0.0127072 -6.29534e-05 -0.000443131   0.00016273  0.0492946  0.0795462 -0.0166802 -0.0807976 -0.0557464   -9.80851 
             158.901 -0.350916  0.219153  -3.61286 0.0603965  0.198306   1.87121 0 0 0   -0.011 -0.02329  0.04412 0.0163237 0.0334678 0.0163762 -8.08191e-05 -0.000447807    0.0001402    0.04934  0.0796554 -0.0169121 -0.0808212 -0.0557119   -9.80851 
             159.001 -0.337289  0.171464  -3.62951 0.063674 0.202277  1.87212 0 0 0   -0.011 -0.02329  0.04412 0.0222372 0.0328961 0.0119579 -8.88821e-05 -0.000422275  0.000141356  0.0491393  0.0794675 -0.0168644  -0.080786 -0.0558103   -9.80851 
               159.1 -0.313384  0.119573  -3.63554 0.0647419  0.206534   1.87223 0 0 0   -0.011 -0.02329  0.04412  0.0163705  0.0351302 0.00775223 -9.08306e-05 -0.000416744  0.000137803  0.0493511  0.0793746 -0.0167375 -0.0807271 -0.0557516   -9.80851 
             159.201 -0.289175  0.069122  -3.61846 0.068615 0.213949  1.87479 0 0 0   -0.011 -0.02329  0.04412 0.0283999 0.0400568  0.016516 -7.85601e-05 -0.000395997  0.000117788  0.0493494  0.0787346 -0.0169437 -0.0804969 -0.0558413   -9.80851 
               159.3  -0.30804 0.0686132  -3.58182 0.070678 0.213962  1.87479 0 0 0   -0.011 -0.02329  0.04412  0.0276379   0.016121 0.00566893 -6.11818e-05 -0.000395203  5.55814e-05   0.049247  0.0791767 -0.0167524 -0.0806708 -0.0558164   -9.80851 
             159.401 -0.343605 0.0626984  -3.54674 0.0753493  0.221044   1.87611 0 0 0   -0.011 -0.02329  0.04412 0.0245557 0.0382191 0.0112613 -9.25721e-05 -0.000374197  3.65936e-05 0.0492844 0.0784042 -0.016863 -0.0803937 -0.0559123   -9.80851 
             159.502 -0.310603 0.0648904  -3.50283 0.0726255  0.226471   1.87905 0 0 0   -0.011 -0.02329  0.04412 0.00651407  0.0404313  0.0193902 -7.00858e-05 -0.000410086  4.44009e-05  0.0500579  0.0785228 -0.0170862 -0.0803237 -0.0556242   -9.80851 
             159.601 -0.269632  0.136719  -3.53488 0.0732638  0.233709   1.88179 0 0 0   -0.011 -0.02329  0.04412 0.00487518  0.0443609  0.0268288 -9.88647e-05 -0.000438926  0.000105251  0.0502623  0.0781304 -0.0171813 -0.0801625 -0.0556048   -9.80851 
             159.701 -0.215869  0.215819  -3.50377 0.0768272  0.239715   1.88442 0 0 0   -0.011 -0.02329  0.04412 0.0193618 0.0420118 0.0384321 -6.14255e-05 -0.000451907  4.74655e-05  0.0500231   0.077764 -0.0171131 -0.0800712  -0.055733   -9.80851 
             159.801 -0.124399  0.249492   -3.5473 0.0787312  0.245348   1.88568 0 0 0   -0.011 -0.02329  0.04412 0.0168331 0.0421099 0.0280006 -0.00010571 -0.00041934 3.43107e-05 0.0501302 0.0775518 -0.016804 -0.0799914 -0.0557276   -9.80852 
               159.9 -0.081898  0.243896  -3.54822 0.0835735   0.25313   1.88736 0 0 0   -0.011 -0.02329  0.04412 0.0283758 0.0555424 0.0281431 -7.49313e-05 -0.000430304  2.10115e-05  0.0499289  0.0769562 -0.0166833 -0.0798198  -0.055873   -9.80852 
                 160 -0.0953573   0.228639   -3.53294 0.0843318  0.258952    1.8901 0 0 0   -0.011 -0.02329  0.04412 0.0252923 0.0525368 0.0285224 -3.36718e-05 -0.000432848  3.43219e-05  0.0502097  0.0770177 -0.0166782 -0.0798038   -0.05577   -9.80852 
             160.102 -0.160641  0.217903  -3.54095 0.0846649   0.25857   1.89119 0 0 0   -0.011 -0.02329  0.04412 0.0144864 0.0273998 0.0287934 -1.74147e-05  -0.00042575  6.22307e-05  0.0501831  0.0777872 -0.0164476  -0.080071 -0.0556747   -9.80852 
             160.201 -0.182426  0.207077  -3.57433 0.0884983  0.265152   1.89355 0 0 0   -0.011 -0.02329  0.04412 0.0218635 0.0502148 0.0148539 -6.74439e-06  -0.00041544  6.03078e-05   0.050049  0.0772603 -0.0164161 -0.0799126 -0.0557865   -9.80852 
             160.301 -0.14414 0.194889 -3.61667 0.0917266  0.271992    1.8913 0 0 0   -0.011 -0.02329  0.04412  0.0293689  0.0541007 0.00125419 -3.93818e-05 -0.000431324  5.85165e-05  0.0500606  0.0769918 -0.0159567 -0.0798313 -0.0558121   -9.80852 
             160.402 -0.0606691   0.263725   -3.65631 0.096148 0.274136  1.89322 0 0 0   -0.011 -0.02329  0.04412  0.0294953   0.034164 0.00831659 -1.99264e-05 -0.000465573  8.63552e-05  0.0497335  0.0772385 -0.0162063 -0.0799518 -0.0558914   -9.80851 
             160.502 0.0176297  0.353484  -3.72301 0.0997214  0.278704   1.89458 0 0 0   -0.011 -0.02329  0.04412  0.0383188   0.031786 0.00895328 -2.66829e-05 -0.000478224  0.000120004  0.0497548  0.0770502 -0.0162501 -0.0798845 -0.0559096   -9.80852 
             160.601 0.0748225   0.45287  -3.76115 0.104624 0.281056  1.89491 0 0 0   -0.011 -0.02329  0.04412 0.0493486 0.0252004 0.0128298 -4.77027e-05 -0.000478359  0.000119181  0.0496125  0.0770835 -0.0161685  -0.079917 -0.0559518   -9.80851 
             160.701 0.0797042  0.482664  -3.79202 0.109859 0.282949  1.89677 0 0 0   -0.011 -0.02329  0.04412  0.0618562  0.0139451 0.00884897 -5.06953e-05 -0.000505623  0.000141073  0.0496246  0.0771584 -0.0162122   -0.07994 -0.0559386   -9.80851 
               160.8 0.0912198  0.414018  -3.70813  0.11657 0.286259   1.8949 0 0 0   -0.011 -0.02329  0.04412    0.067409   0.0132106 -0.00339254 -5.73639e-05 -0.000474623  8.22177e-05  0.0497175  0.0768697 -0.0158886 -0.0798367 -0.0559326   -9.80852 
             160.901 0.101258 0.299318 -3.77993 0.120348 0.291058  1.89568 0 0 0   -0.011 -0.02329  0.04412   0.0634516   0.0226973 7.33822e-05 -7.61481e-05 -0.000459971  0.000133524  0.0503494    0.07661 -0.0160506 -0.0796479 -0.0557578   -9.80852 
             161.001 0.117186 0.190819 -3.74966 0.127478 0.292305  1.89764 0 0 0   -0.011 -0.02329  0.04412  0.0680353  0.0166094 0.00714722 -8.91973e-05 -0.000495374  0.000164572  0.0502439  0.0766338 -0.0163196 -0.0796629 -0.0558044   -9.80852 
             161.101 0.151277  0.13293  -3.7303 0.133192 0.291702  1.89855 0 0 0   -0.011 -0.02329  0.04412   0.0627874 -0.00295076    0.015162 -0.000119434 -0.000509888  0.000155233  0.0502499  0.0769226 -0.0163078 -0.0797619 -0.0557614   -9.80852 
             161.201 0.139412 0.144286 -3.69318 0.136196 0.289902  1.90029 0 0 0   -0.011 -0.02329  0.04412  0.0477476 -0.0172205  0.0205815 -7.91552e-05 -0.000519843  0.000145507   0.050575  0.0772469 -0.0163206 -0.0798282  -0.055605   -9.80852 
             161.302 0.0711407  0.203078  -3.65989 0.141888 0.289601  1.90061 0 0 0   -0.011 -0.02329  0.04412  0.0543276 -0.0169876  0.0195314 -6.74396e-05 -0.000532259  0.000175882  0.0505657  0.0770137 -0.0160907 -0.0797483 -0.0556312   -9.80852 
             161.401 0.00943217    0.26805   -3.65267 0.148998 0.290706  1.90349 0 0 0   -0.011 -0.02329  0.04412  0.0666663 -0.0165403  0.0278929 -7.03207e-05 -0.000569006  0.000185986  0.0505696  0.0765331 -0.0161953 -0.0795861 -0.0556972   -9.80852 
             161.501 -0.00762294    0.300325    -3.66488 0.154112 0.291035  1.90456 0 0 0   -0.011 -0.02329  0.04412  0.0573779 -0.0168374  0.0197267 -8.72393e-05 -0.000542609  0.000187504  0.0508461  0.0763718 -0.0160036 -0.0794978 -0.0556194   -9.80852 
             161.602 -0.00188588    0.286104    -3.62874 0.160472 0.286595  1.90654 0 0 0   -0.011 -0.02329  0.04412  0.0608179 -0.0305287  0.0176333 -7.10391e-05 -0.000532496  0.000202294  0.0506562  0.0766535 -0.0159861 -0.0796162  -0.055646   -9.80852 
             161.701 -0.0274866   0.263045   -3.82293 0.167187 0.295114  1.90871 0 0 0   -0.011 -0.02329  0.04412 0.0565913 0.0209763 0.0190111 -4.13224e-05 -0.000545006   0.00026627  0.0511661  0.0752559 -0.0160285 -0.0790871 -0.0556556   -9.80852 
             161.802 -0.10737 0.230003 -3.71548 0.171192 0.289876  1.90628 0 0 0   -0.011 -0.02329  0.04412    0.0499264  -0.00919721 -0.000162886  -1.2406e-05 -0.000518536  0.000230957  0.0509348  0.0762146 -0.0155447 -0.0794495 -0.0555937   -9.80852 
             161.901 -0.118064   0.20928  -3.73333 0.177999 0.288679  1.90673 0 0 0   -0.011 -0.02329  0.04412   0.0540711  -0.0122248 -0.00773214 -2.86209e-05 -0.000469498  0.000210093  0.0506928  0.0761055 -0.0156692 -0.0794423 -0.0556932   -9.80852 
             162.001 -0.149726  0.165874  -3.73545 0.183065 0.285686  1.90768 0 0 0   -0.011 -0.02329  0.04412  0.0471361 -0.0196217  0.0024943 -4.42287e-06 -0.000474399  0.000202241  0.0506569  0.0763275 -0.0158823 -0.0795177 -0.0556785   -9.80852 
             162.101 -0.218732  0.143457  -3.71593 0.186763 0.283864  1.91081 0 0 0   -0.011 -0.02329  0.04412 0.0413965 -0.023056 0.0135499  1.54311e-05 -0.000432388  0.000202034  0.0507823  0.0763763 -0.0162053 -0.0795113 -0.0556323   -9.80852 
             162.201 -0.306432  0.108968  -3.68685 0.195561 0.288265  1.91195 0 0 0   -0.011 -0.02329  0.04412   0.0645071 -0.00336069  0.00999115  4.40831e-05 -0.000442098  0.000200434  0.0506236  0.0752993 -0.0162321 -0.0791695 -0.0558278   -9.80852 
               162.3 -0.348221 0.0740617  -3.65122 0.201121 0.290847  1.91274 0 0 0   -0.011 -0.02329  0.04412  0.0553844 0.00884464 0.00866834  1.16202e-05 -0.000434973  0.000231125  0.0508545  0.0749691 -0.0161941 -0.0790307 -0.0557937   -9.80852 
             162.401   -0.358712 -0.00895418     -3.5414 0.206335 0.283457  1.91835 0 0 0   -0.011 -0.02329  0.04412  0.0430536 -0.0133595  0.0348124  -2.3671e-05 -0.000422543   0.00017331  0.0503919   0.076052 -0.0167855 -0.0794341 -0.0557986   -9.80852 
             162.501 -0.372733 -0.052603  -3.63449 0.209137  0.29043  1.91885 0 0 0   -0.011 -0.02329  0.04412  0.035318 0.0234832 0.0189878  2.09463e-05 -0.000448594  0.000207149  0.0509843  0.0751679 -0.0164584 -0.0790801 -0.0557221   -9.80852 
             162.601   -0.399086 0.000740253     -3.6427 0.216749 0.290902  1.91927 0 0 0   -0.011 -0.02329  0.04412  0.0505711   0.014744 0.00833632  2.05905e-06 -0.000473125  0.000216164  0.0504182  0.0751717 -0.0163225 -0.0791483 -0.0559076   -9.80852 
               162.7 -0.372069 0.0653619  -3.62857 0.221006 0.294806  1.92098 0 0 0   -0.011 -0.02329  0.04412 0.0483299 0.0208329 0.0110736  1.33885e-05 -0.000460523  0.000163512  0.0506209  0.0749373 -0.0164001 -0.0790486 -0.0558674   -9.80852 
             162.801 -0.345435  0.103828   -3.6068  0.22228 0.294247  1.92035 0 0 0   -0.011 -0.02329  0.04412 0.0307953 0.0158173 0.0074628 3.59716e-05 -0.00046515 0.000134899  0.050883 0.0754235 -0.016175 -0.0791762 -0.0557315   -9.80852 
             162.901 -0.352871  0.122131  -3.59647 0.233057 0.297969  1.92345 0 0 0   -0.011 -0.02329  0.04412 0.0666541 0.0231564 0.0159376  4.52448e-05 -0.000471281   0.00013828  0.0501215  0.0747932 -0.0164904 -0.0790593  -0.056044   -9.80852 
                 163 -0.319001  0.108071  -3.55978 0.236823 0.301067  1.92495 0 0 0   -0.011 -0.02329  0.04412 0.0590848 0.0279098 0.0123653  6.82024e-06 -0.000476894  0.000134845  0.0505199  0.0748422 -0.0164835 -0.0790288 -0.0559113   -9.80852 
               163.1  -0.23179 0.0495904  -3.52534 0.239533 0.304462  1.92698 0 0 0   -0.011 -0.02329  0.04412  0.035505 0.0349806 0.0117408  2.49779e-05 -0.000500042  0.000113999  0.0508655  0.0749445 -0.0165761 -0.0790203 -0.0557882   -9.80852 
             163.201  -0.156416 -0.0601672   -3.49858 0.244655 0.308016  1.92683 0 0 0   -0.011 -0.02329  0.04412   0.0425692   0.0356784 -0.00871399 2.98932e-05 -0.00048643 0.000128649  0.0506959   0.074847 -0.0164524 -0.0790101 -0.0558544   -9.80852 
               163.3 -0.0860089  -0.119608   -3.54254 0.247876 0.309319  1.92622 0 0 0   -0.011 -0.02329  0.04412  0.0332496  0.0275245 -0.0095797  1.60432e-05 -0.000499983  0.000160725  0.0506629  0.0751375 -0.0165034  -0.079103 -0.0558332   -9.80852 
             163.402 -0.0580396  -0.125091   -3.49651 0.249732 0.309704  1.92775 0 0 0   -0.011 -0.02329  0.04412   0.0206483   0.0132914 -0.00297467 3.12596e-05 -0.00050514 0.000152792  0.0507125  0.0754448 -0.0168634  -0.079198 -0.0557835   -9.80852 
             163.501 -0.0806291  -0.104155   -3.52308  0.24963 0.315477  1.93025 0 0 0   -0.011 -0.02329  0.04412 0.00246532  0.0311893  0.0103984  3.52829e-05 -0.000497247  0.000157301   0.051125  0.0749894 -0.0171785 -0.0790241 -0.0557038   -9.80852 
             163.601  -0.125492 -0.0582814   -3.53599 0.253574 0.318001  1.93376 0 0 0   -0.011 -0.02329  0.04412 0.0175403 0.0319012 0.0216941  1.39304e-05 -0.000509383  0.000140459 0.0506579 0.0748528 -0.017489 -0.0790391 -0.0558604   -9.80852 
             163.701  -0.138555 -0.0380625   -3.51975  0.25825 0.317676  1.93504 0 0 0   -0.011 -0.02329  0.04412 0.0227049   0.01655  0.025556 -4.90972e-06 -0.000472064  0.000153978  0.0501044  0.0751219 -0.0173147 -0.0791753 -0.0560021   -9.80852 
             163.802    -0.128453 -0.000749973     -3.49162 0.259098 0.316533  1.93555 0 0 0   -0.011 -0.02329  0.04412  0.00999428 0.000100619   0.0155304 -2.69825e-05 -0.000483383  0.000163215  0.0501474  0.0754747 -0.0170795 -0.0792749 -0.0559535   -9.80852 
               163.9  -0.069518 0.00124782    -3.4824 0.259989 0.318582  1.93678 0 0 0   -0.011 -0.02329  0.04412   0.0101173 8.44971e-05   0.0160765 -6.58197e-05 -0.000426767  0.000203303  0.0502676  0.0751679 -0.0170406 -0.0791695 -0.0559485   -9.80852 
             164.001 -0.0184293 -0.0552443   -3.47037 0.261967 0.324167  1.93903 0 0 0   -0.011 -0.02329  0.04412 0.00738802  0.0184431   0.018435 -1.96385e-05 -0.000417134  0.000244435  0.0504066  0.0744258 -0.0171109 -0.0789347 -0.0559799   -9.80852 
               164.1 -0.0328141 -0.0738311   -3.48024  0.26217 0.324202  1.93859 0 0 0   -0.011 -0.02329  0.04412 -0.0037382 0.00900864 0.00854724  9.80716e-06 -0.000404419  0.000247684  0.0503291  0.0746267 -0.0168281 -0.0789983 -0.0559816   -9.80852 
             164.201 -0.0847211 -0.0921544   -3.48175 0.266726 0.321262  1.93828 0 0 0   -0.011 -0.02329  0.04412    0.0166146   -0.0159197 -0.000835543 -2.17508e-06 -0.000369102  0.000217739  0.0495814  0.0747979 -0.0167338 -0.0791196 -0.0561857   -9.80852 
               164.3 -0.100611 -0.135446  -3.47015 0.266428 0.324856  1.93576 0 0 0   -0.011 -0.02329  0.04412  0.00437803 -6.0621e-05 -0.00945884  7.77743e-06 -0.000353636  0.000224567  0.0500589  0.0742361 -0.0164401    -0.0789 -0.0560964   -9.80852 
               164.4 -0.102335 -0.151395  -3.43422 0.268007   0.3277  1.93653 0 0 0   -0.011 -0.02329  0.04412   0.0063235    0.012344 -0.00727931  4.33836e-06 -0.000365069  0.000230244  0.0500339  0.0738731 -0.0166912 -0.0788007 -0.0561391   -9.80852 
             164.501 -0.101892  -0.13807  -3.38153 0.270046 0.327028  1.93687 0 0 0   -0.011 -0.02329  0.04412   0.0152021 -0.00499806 -0.00337958 -1.49903e-05 -0.000379931  0.000216779  0.0497967  0.0739812 -0.0168399 -0.0788589  -0.056198   -9.80852 
             164.604 -0.0869517  -0.157254   -3.35065 0.265473 0.330646  1.93857 0 0 0   -0.011 -0.02329  0.04412 -0.0161741 0.00381518 0.00434393 -2.36304e-05 -0.000380007  0.000171261  0.0506739  0.0737169 -0.0170478 -0.0787082 -0.0559671   -9.80852 
             164.702 -0.0738886  -0.184666   -3.29209 0.262337 0.332527  1.93833 0 0 0   -0.011 -0.02329  0.04412 -0.0252508 0.00381987 0.00401836 -1.33522e-05 -0.000389976  0.000191227  0.0509026  0.0735695 -0.0169595 -0.0786435 -0.0559153   -9.80853 
             164.802 -0.0727091  -0.222674   -3.23236 0.262623  0.33401  1.93663 0 0 0   -0.011 -0.02329  0.04412 -0.00951601  0.00905781 -0.00415459 -7.80064e-06 -0.000403365  0.000182439  0.0506504    0.07335 -0.0166702 -0.0785944 -0.0560044   -9.80853 
             164.902 -0.127349  -0.23716  -3.18562 0.263963 0.334763  1.93895 0 0 0   -0.011 -0.02329  0.04412 0.00562449  0.0139253 0.00519843  1.26967e-05 -0.000426016  0.000228939 0.0503234 0.0732928 -0.017041  -0.078618 -0.0560965   -9.80852 
             165.002 -0.174145 -0.248884  -3.14091 0.260997 0.334374  1.93935 0 0 0   -0.011 -0.02329  0.04412 -0.00954367  0.00603955   0.0106162  2.56035e-05 -0.000404816  0.000228255  0.0506588  0.0736427 -0.0170003 -0.0786842 -0.0559831   -9.80852 
             165.102 -0.128419 -0.284712  -3.10332 0.260462 0.338409  1.94062 0 0 0   -0.011 -0.02329  0.04412 -0.00785685   0.0176663  0.00616171  2.73642e-05 -0.000405234  0.000220728  0.0507642  0.0732367 -0.0170327 -0.0785737 -0.0559834   -9.80853 
             165.202 -0.0418572  -0.349628   -3.00397 0.257116 0.334339  1.94136 0 0 0   -0.011 -0.02329  0.04412  -0.0273461 -0.00926812  0.00712698 -2.72931e-05 -0.000375952  0.000173516 0.0508123 0.0739926 -0.017051 -0.0787625 -0.0559218   -9.80852 
             165.301 -0.010832 -0.358262  -3.00296 0.251951 0.334492  1.94165 0 0 0   -0.011 -0.02329  0.04412 -0.0456717 -0.0110841 0.00584896 1.70786e-05 -0.00035312 0.000190012   0.051133  0.0739288 -0.0170083 -0.0787249 -0.0558471   -9.80853 
             165.403 -0.0335176  -0.348486   -2.93641 0.246623 0.337391  1.94461 0 0 0   -0.011 -0.02329  0.04412 -0.0524897 0.00668275  0.0226476  5.66481e-06 -0.000322454  0.000162202  0.0512713  0.0734728 -0.0172798 -0.0786236 -0.0558385   -9.80853 
             165.502 -0.00180377   -0.326071    -2.88166 0.240268 0.341313  1.94843 0 0 0   -0.011 -0.02329  0.04412 -0.0616611  0.0208214  0.0389199 -3.29354e-05 -0.000304236  0.000187588  0.0514738  0.0730909 -0.0174446 -0.0785338 -0.0558111   -9.80853 
             165.602 0.0485894 -0.226852  -2.83355 0.236917  0.34083   1.9522 0 0 0   -0.011 -0.02329  0.04412 -0.0474548  0.0100744  0.0431465 -2.64831e-05 -0.000318864  0.000196862  0.0510525  0.0733295 -0.0173562  -0.078603 -0.0558944   -9.80853 
             165.703 0.0458908 -0.156352  -2.81113 0.232713 0.339386  1.95405 0 0 0   -0.011 -0.02329  0.04412  -0.0503523 -0.00317216   0.0264556  2.24081e-06 -0.000312303  0.000172292  0.0509185  0.0736062 -0.0171008 -0.0786557 -0.0559095   -9.80853 
             165.802 0.0403617 -0.108463  -2.78832 0.224705 0.340392  1.95249 0 0 0   -0.011 -0.02329  0.04412  -0.0643487 -0.00164814  0.00776694 -4.12382e-05 -0.000333235  0.000186622  0.0513551  0.0735328 -0.0166124 -0.0786006 -0.0558122   -9.80853 
             165.902  0.0848528 -0.0740193   -2.77052 0.220424 0.339066  1.95668 0 0 0   -0.011 -0.02329  0.04412 -0.0553565 -0.0148951   0.021614 -4.73178e-05 -0.000373032  0.000182006  0.0510737  0.0735708 -0.0170698 -0.0786347 -0.0558778   -9.80853 
             166.002    0.122663 -0.00905192    -2.74337 0.214481 0.338308  1.96088 0 0 0   -0.011 -0.02329  0.04412 -0.0618292 -0.0225564  0.0247322 -5.85881e-05 -0.000400429  0.000165008  0.0511407  0.0734164 -0.0173227 -0.0786075 -0.0558752   -9.80853 
             166.101  0.0866271 0.00793632   -2.73636  0.20976 0.335533   1.9638 0 0 0   -0.011 -0.02329  0.04412 -0.0497709 -0.0311763  0.0226153 -3.70973e-05 -0.000400694  0.000151843  0.0510222  0.0733973 -0.0173895 -0.0786096 -0.0559018   -9.80853 
             166.204 0.00956885 0.00230945   -2.71757 0.202942 0.338741  1.96422 0 0 0   -0.011 -0.02329  0.04412 -0.0488281 -0.0075286  0.0132501  -3.4915e-05 -0.000371617  0.000112629  0.0514411  0.0726934 -0.0171676 -0.0784489 -0.0558358   -9.80853 
             166.304 -0.0563083 -0.0348373   -2.67458 0.198088 0.336068  1.96367 0 0 0   -0.011 -0.02329  0.04412  -0.0528604 -0.00571327  0.00217834  8.58682e-06 -0.000346302  0.000116212  0.0513438  0.0729576 -0.0169942 -0.0785033 -0.0558409   -9.80853 
             166.403 -0.129553 -0.121538  -2.61283 0.192786 0.337915  1.96697 0 0 0   -0.011 -0.02329  0.04412 -0.0594371 0.00593953  0.0158125  5.11189e-05 -0.000339892  8.03552e-05   0.051391  0.0726817 -0.0173927 -0.0784515 -0.0558484   -9.80853 
             166.501 -0.131269 -0.140481  -2.53414 0.186084 0.335073  1.96899 0 0 0   -0.011 -0.02329  0.04412  -0.0672576 -0.00294524   0.0179572  2.67069e-05 -0.000340688   8.2759e-05  0.0513945  0.0731226 -0.0174708 -0.0785365 -0.0558347   -9.80853 
             166.602 -0.0938863 -0.0821281   -2.46426 0.181056 0.333348  1.97245 0 0 0   -0.011 -0.02329  0.04412  -0.0577793 -0.00795502   0.0238995  1.27916e-05 -0.000370063  0.000111765 0.0511613 0.0732684 -0.017677 -0.0785734 -0.0558725   -9.80853 
             166.702 0.0194951 0.0210132  -2.40071 0.178988 0.330001  1.97349 0 0 0   -0.011 -0.02329  0.04412 -0.0370097 -0.0200023  0.0225482  2.59373e-05 -0.000361903  0.000109469  0.0506873  0.0734614 -0.0174905 -0.0786121 -0.0559488   -9.80853 
             166.802  0.108031 0.0922666  -2.36166 0.171011 0.327045  1.97272 0 0 0   -0.011 -0.02329  0.04412   -0.04861 -0.0278452   0.018348  2.81556e-05 -0.000373627  0.000122674 0.0512362 0.0736612 -0.017073 -0.0786272 -0.0558568   -9.80853 
             166.902 0.152226  0.12141 -2.35308 0.166372 0.325657   1.9761 0 0 0   -0.011 -0.02329  0.04412 -0.0472945 -0.0212621  0.0220932 -6.44933e-06 -0.000374297  0.000163158  0.0512489   0.073483 -0.0172389 -0.0786016 -0.0558615   -9.80853 
             167.008   0.17731 0.0826979  -2.35687 0.159234 0.325223  1.97854 0 0 0   -0.011 -0.02329  0.04412 -0.0577231 -0.0253358  0.0125834  -3.7906e-05 -0.000354943  0.000132655  0.0515523  0.0732491 -0.0173053 -0.0785643 -0.0558233   -9.80853 
             167.103  0.210582 0.0198349  -2.36265 0.154849 0.322701  1.97814 0 0 0   -0.011 -0.02329  0.04412 -0.0450635 -0.0268097 0.00467388 -4.05147e-05 -0.000353543  0.000140852  0.0514416  0.0732685 -0.0171128 -0.0785692 -0.0558311   -9.80853 
             167.201   0.190311 -0.0334136   -2.36338  0.15072 0.320271  1.97822 0 0 0   -0.011 -0.02329  0.04412 -0.0511384 -0.0237735  0.0089969 -1.35538e-05 -0.000336319  0.000118922  0.0513686  0.0732309 -0.0170457 -0.0785645 -0.0558391   -9.80853 
             167.303  0.0968728 -0.0950843   -2.35659 0.146883 0.311541  1.97687 0 0 0   -0.011 -0.02329  0.04412   -0.044643  -0.0518581 -0.00516376  1.94521e-05 -0.000325646  0.000113249  0.0510834  0.0739515 -0.0168017 -0.0786707 -0.0558596   -9.80853 
             167.403 -0.00177391   -0.113086    -2.34215 0.142447 0.307971  1.97905 0 0 0   -0.011 -0.02329  0.04412 -0.0486888 -0.0478636 0.00389766  7.46881e-05 -0.000345954   9.7322e-05  0.0510868  0.0737259 -0.0171381 -0.0786445 -0.0558757   -9.80853 
             167.503 -0.0237367  -0.104528   -2.29623 0.136225 0.304547  1.98009 0 0 0   -0.011 -0.02329  0.04412 -0.0503358 -0.0482986 0.00384478  2.40017e-05 -0.000339899  7.56918e-05  0.0512841  0.0735774 -0.0172399 -0.0786229 -0.0558522   -9.80853 
             167.601  0.0351989 -0.0628506   -2.24592  0.13523 0.303084  1.98254 0 0 0   -0.011 -0.02329  0.04412 -0.0359873 -0.0414419  0.0101489 -2.88414e-06 -0.000365126  8.16173e-05  0.0508684  0.0730653 -0.0174781 -0.0785615 -0.0559212   -9.80853 
             167.701  0.131557 -0.046356  -2.24142 0.123614 0.299769  1.98477 0 0 0   -0.011 -0.02329  0.04412 -0.0720604 -0.0337605   0.016284 -2.77432e-05 -0.000333899   6.3363e-05  0.0518142  0.0731347 -0.0176279 -0.0785648 -0.0557947   -9.80853 
             167.802  0.187442 -0.060905  -2.23674 0.118325 0.293516  1.98411 0 0 0   -0.011 -0.02329  0.04412 -0.0666798 -0.0438573 0.00644583 -2.93828e-05  -0.00031442  4.57186e-05  0.0514883  0.0734462 -0.0173735 -0.0786031 -0.0558294   -9.80853 
             167.902   0.156971 -0.0813773   -2.23087 0.116108 0.286312  1.98891 0 0 0   -0.011 -0.02329  0.04412 -0.0450686 -0.0516284  0.0357418  2.59857e-05 -0.000306442  1.39139e-05  0.0509361  0.0736929 -0.0178525 -0.0786473  -0.055914   -9.80853 
             168.002   0.083958 -0.0775325   -2.21131 0.107983 0.283146  1.99288 0 0 0   -0.011 -0.02329  0.04412 -0.0527271 -0.0421353  0.0313414  6.14339e-05 -0.000285834 -3.38215e-06  0.0514512  0.0735597 -0.0179281 -0.0786281 -0.0558528   -9.80853 
             168.102 0.00978458 -0.0478257   -2.19136 0.102435 0.279867  1.99394 0 0 0   -0.011 -0.02329  0.04412 -0.0540621 -0.0345444  0.0217522  0.000129565 -0.000295756 -1.80988e-05 0.0514945 0.0734693 -0.017681 -0.0786114 -0.0558385   -9.80853 
             168.202 -0.0549401 -0.0353033   -2.15756 0.0985135  0.277509   1.99594 0 0 0   -0.011 -0.02329  0.04412 -0.0553873 -0.0275022   0.017251  0.000169094  -0.00029095 -2.98163e-05  0.0512705  0.0733321 -0.0176794 -0.0785961 -0.0558665   -9.80853 
             168.302 -0.0397357 -0.0347777   -2.13212 0.0921913   0.27025   1.99441 0 0 0   -0.011 -0.02329  0.04412 -0.0626054 -0.0383638 0.00627022  0.000148736 -0.000301229 -3.31157e-05   0.051236  0.0739432 -0.0172472 -0.0786612 -0.0558587   -9.80853 
             168.401  0.0714441 -0.0399044   -2.13786 0.0899609  0.262548   1.99709 0 0 0   -0.011 -0.02329  0.04412 -0.0502048 -0.0604203  0.0161295  0.000140265 -0.000280253 -9.11193e-06   0.050644  0.0743253 -0.0175056  -0.078709 -0.0559266   -9.80852 
             168.502   0.177059 -0.0482703    -2.1706 0.0814541   0.25371   1.99781 0 0 0   -0.011 -0.02329  0.04412 -0.0621396 -0.0778728 0.00504136  0.000154352 -0.000269217  1.55341e-05  0.0510166  0.0746869 -0.0174534 -0.0787467 -0.0558845   -9.80852 
             168.603   0.181367 -0.0599933   -2.23813 0.0759403   0.24691   1.99856 0 0 0   -0.011 -0.02329  0.04412 -0.0550504 -0.0782371 0.00231726   0.00016444 -0.000255502  9.92364e-06  0.0509657  0.0745217 -0.0175381 -0.0787299 -0.0558929   -9.80852 
             168.702  0.0790372 -0.0694395   -2.27196 0.0728803  0.242464   1.99985 0 0 0   -0.011 -0.02329  0.04412 -0.0442147 -0.0705772  0.0137435  0.000186514 -0.000218107 -7.08213e-06  0.0507464  0.0740451 -0.0176481 -0.0786777 -0.0559251   -9.80853 
             168.801  -0.110637 -0.0779772   -2.30132 0.0633653  0.239148   1.99877 0 0 0   -0.011 -0.02329  0.04412  -0.0662984  -0.0505579 -0.00269958  0.000187498 -0.000210128  1.33673e-06  0.0514162  0.0737623 -0.0173877 -0.0786326 -0.0558337   -9.80853 
             168.902 -0.274814 -0.082682  -2.31413 0.060879 0.232101  2.00066 0 0 0   -0.011 -0.02329  0.04412   -0.0501443    -0.053605 -0.000946589  0.000170416 -0.000198963 -2.88924e-05  0.0508751  0.0739229 -0.0176894 -0.0786637  -0.055908   -9.80853 
             169.002  -0.368934 -0.0631135   -2.29572 0.054117 0.227913  2.00157 0 0 0   -0.011 -0.02329  0.04412 -0.0564206 -0.0454233 0.00341865  0.000171358 -0.000208181 -2.25101e-05  0.0511136  0.0738656 -0.0177805  -0.078655 -0.0558765   -9.80853 
             169.101  -0.348027 -0.0261818   -2.30678 0.0495086   0.22347   2.00326 0 0 0   -0.011 -0.02329  0.04412  -0.050455 -0.0408317  0.0155005  0.000150119 -0.000256365 -4.16097e-05  0.0509824  0.0738954 -0.0179182  -0.078662 -0.0558901   -9.80853 
             169.202 -0.350778 0.0535836  -2.31015 0.0461205  0.220566     2.002 0 0 0   -0.011 -0.02329  0.04412 -0.0440267 -0.0339226   -0.12034  0.000171233 -0.000275836 -3.04332e-05  0.0507954  0.0737114 -0.0179656 -0.0786401 -0.0559143   -9.80853 
             169.301 -0.360827  0.139144  -2.31505 0.0378457  0.218411   1.97184 0 0 0   -0.011 -0.02329  0.04412 -0.0539495 -0.0218224  -0.384683  0.000153295 -0.000278057 -4.06101e-05   0.051358  0.0736642 -0.0169734 -0.0786271 -0.0558798   -9.80853 
             169.402 -0.325606  0.163287  -2.33352 0.0316377  0.213118   1.92366 0 0 0   -0.011 -0.02329  0.04412 -0.0500483 -0.0260016   -0.57281  0.000168351 -0.000259316 -6.86816e-05  0.0514285  0.0740873 -0.0168232 -0.0786835 -0.0558722   -9.80853 
             169.502 -0.231982  0.121046  -2.34902 0.0281202  0.207982   1.85639 0 0 0   -0.011 -0.02329  0.04412 -0.0404426  -0.039836  -0.753727  0.000145798 -0.000273168 -6.69606e-05 0.0512268 0.0743505  -0.01646 -0.0787282 -0.0559075   -9.80852 
             169.602 -0.153573 0.0741767  -2.34971 0.0240402  0.205192   1.78254 0 0 0   -0.011 -0.02329  0.04412 -0.0400358 -0.0395782  -0.803077  0.000157791 -0.000293431 -2.92358e-05  0.0512953  0.0742213 -0.0170487 -0.0786974 -0.0558855   -9.80853 
             169.702 -0.0943826 0.00108791   -2.36157 0.0224857   0.20518   1.71647 0 0 0   -0.011 -0.02329  0.04412  -0.026032 -0.0238763  -0.568226  0.000134151 -0.000270328 -2.85899e-05  0.0510801  0.0737237 -0.0179962 -0.0786198 -0.0559066   -9.80853 
             169.802    -0.14133 -0.00589803    -2.37711 0.0130347  0.203045   1.68648 0 0 0   -0.011 -0.02329  0.04412 -0.0499663 -0.0203741  -0.266009 0.000142317 -0.00026843 9.76376e-06  0.0519532  0.0738701 -0.0200404 -0.0786185 -0.0557805   -9.80853 
             169.902 -0.231325  0.106623  -2.41939 0.00664222   0.201024    1.67857 0 0 0   -0.011 -0.02329  0.04412 -0.0586217 -0.0219058 -0.0305376  0.000144689 -0.000279309  1.89208e-05 0.0520996  0.073891 -0.021459 -0.0786251 -0.0557627   -9.80853 
             170.002 -0.299865  0.196402   -2.4621 0.00355028   0.199883    1.68678 0 0 0   -0.011 -0.02329  0.04412 -0.0485543 -0.0209408   0.153475 0.000173075 -0.00026818 8.31992e-05  0.0517792  0.0737212 -0.0220109 -0.0786052 -0.0558064   -9.80853 
             170.102 -0.360355  0.271318  -2.54357 0.000302312    0.197492     1.70505 0 0 0   -0.011 -0.02329  0.04412 -0.0397255 -0.0174955   0.253899  0.000183186 -0.000306525  8.82986e-05  0.0515813  0.0737329 -0.0218077 -0.0786123 -0.0558364   -9.80853 
             170.201 -0.379718  0.335739  -2.64318 0.00213728    0.19607    1.72736 0 0 0   -0.011 -0.02329  0.04412 -0.0109785 -0.0145951   0.300579  0.000189008 -0.000333724  0.000127145  0.0509069  0.0735662 -0.0211019 -0.0786173 -0.0559529   -9.80853 
             170.302 -0.329518   0.40007  -2.75982 -0.000473038     0.200123      1.75037 0 0 0   -0.011 -0.02329  0.04412 -0.0102195  0.0128182   0.299469   0.00015613 -0.000316676  0.000136469  0.0512111  0.0729462 -0.0200287 -0.0785569 -0.0559438   -9.80853 
             170.401 -0.298423   0.40767   -2.8826 0.00101501   0.198518    1.77933 0 0 0   -0.011 -0.02329  0.04412  0.00644151 -0.00524585    0.312109  0.000167924 -0.000299884  0.000168541  0.0508453  0.0732204 -0.0198194 -0.0786248 -0.0560053   -9.80852 
             170.502 -0.285319  0.360393  -2.96243 -0.0033482   0.197462    1.80891 0 0 0   -0.011 -0.02329  0.04412 -0.0065604 -0.0123475   0.298467  0.000183152 -0.000267078    0.0001808  0.0514504  0.0733996 -0.0195653 -0.0786544 -0.0558902   -9.80853 
             170.602 -0.267302  0.322421  -3.05479 -0.000432645     0.200055      1.83577 0 0 0   -0.011 -0.02329  0.04412 0.00918966 0.00559665   0.279133  0.000184076 -0.000256836  0.000224712  0.0511234  0.0728531 -0.0192452 -0.0785757 -0.0559805   -9.80853 
             170.702 -0.216577  0.274453  -3.15282 -0.00014385    0.201669     1.86251 0 0 0   -0.011 -0.02329  0.04412 0.0116385 0.0174241  0.265589  0.000184495 -0.000247288  0.000227124   0.051267  0.0728289 -0.0191515 -0.0785694  -0.055952   -9.80853 
             170.801 -0.204983  0.233953  -3.21607 -5.16985e-05     0.201804      1.88761 0 0 0   -0.011 -0.02329  0.04412 0.0107541 0.0103033  0.241979  0.000201437 -0.000281251  0.000265037  0.0513761  0.0730564 -0.0191194 -0.0786162 -0.0559165   -9.80853 
             170.902 -0.180282  0.193787  -3.27768 -0.000754584     0.202186      1.91411 0 0 0   -0.011 -0.02329  0.04412  0.00346635 -0.00223625    0.242033  0.000216234 -0.000251489  0.000242585  0.0516049  0.0731372 -0.0194009  -0.078613 -0.0558586   -9.80853 
             171.002 -0.150935  0.120039  -3.28991 -0.00339111     0.19658     1.93819 0 0 0   -0.011 -0.02329  0.04412 -0.0129146 -0.0253226   0.222412  0.000209557 -0.000234712  0.000243896  0.0517613  0.0738647 -0.0195206 -0.0787752  -0.055777   -9.80853 
             171.102 -0.129004 0.0803179   -3.2939 -0.00232092    0.196211     1.95593 0 0 0   -0.011 -0.02329  0.04412 -0.0014803 -0.0136807   0.180606  0.000192108 -0.000246182  0.000250773  0.0515784  0.0734954 -0.0191175 -0.0787048 -0.0558453   -9.80853 
             171.201 -0.140994 0.0828327  -3.25928 0.0011594  0.204611   1.97369 0 0 0   -0.011 -0.02329  0.04412 0.0113293 0.0275589  0.158431  0.000183501 -0.000267877  0.000208542  0.0514947  0.0721897 -0.0192734 -0.0783873 -0.0559489   -9.80853 
             171.301 -0.143613 0.0822014  -3.23208 0.00309605   0.207455    1.98667 0 0 0   -0.011 -0.02329  0.04412 0.0171738 0.0218529  0.131492  0.000192129 -0.000219254  0.000222783  0.0514539  0.0721523 -0.0190237 -0.0783823 -0.0559616   -9.80853 
             171.402 -0.165324 0.0694166  -3.25617 0.0025894  0.205308   2.00141 0 0 0   -0.011 -0.02329  0.04412 0.00183349 0.00488821   0.131317 0.000212985 -0.00023422 0.000235997  0.0515285  0.0727727 -0.0192785 -0.0785251 -0.0559063   -9.80853 
             171.502  -0.16268 0.0907993  -3.26457 0.0053209  0.203481   2.01435 0 0 0   -0.011 -0.02329  0.04412   0.0103525 -0.00248225    0.120341  0.000201444 -0.000268573  0.000222581  0.0511193   0.072968 -0.0193367 -0.0785954 -0.0559922   -9.80853 
             171.601  -0.1406 0.105956 -3.28325 0.00617713   0.206573    2.02367 0 0 0   -0.011 -0.02329  0.04412 0.0156693 0.0132807 0.0952933  0.000210394 -0.000261718  0.000218507  0.0512868  0.0725964 -0.0191062 -0.0784982 -0.0559746   -9.80853 
             171.701 -0.12113 0.124537 -3.30898 0.00635508   0.206716    2.02937 0 0 0   -0.011 -0.02329  0.04412 0.0118403 0.0128044 0.0724335  0.000196488 -0.000256966  0.000215158  0.0514202  0.0727916 -0.0186961 -0.0785402 -0.0559311   -9.80853 
             171.803 -0.0710276   0.110804   -3.34528 0.00983805   0.211516    2.03214 0 0 0   -0.011 -0.02329  0.04412 0.0136659 0.0308458 0.0463469  0.000184364 -0.000247707  0.000206518  0.0512402  0.0722988 -0.0181664 -0.0784376 -0.0560042   -9.80853 
             171.903 -0.0197562  0.0749119   -3.38573 0.0118678  0.212005   2.03875 0 0 0   -0.011 -0.02329  0.04412 0.0252205 0.0214138 0.0439445  0.000162434 -0.000247413  0.000219668  0.0510872  0.0725966 -0.0184905 -0.0785166 -0.0560246   -9.80853 
             172.002 0.0655349 0.0432668  -3.42811 0.0122443  0.209479   2.04161 0 0 0   -0.011 -0.02329  0.04412   0.0111361 -0.00139783   0.0216351  0.000184471 -0.000221171  0.000223071  0.0511603  0.0732118 -0.0183794 -0.0786647 -0.0559652   -9.80852 
             172.102 0.0223665 0.0212477  -3.49607 0.0123446   0.20959   2.04332 0 0 0   -0.011 -0.02329  0.04412 0.00172811 -0.0096864  0.0145209   0.00024405 -0.000230769  0.000181337  0.0512972  0.0731733 -0.0183535 -0.0786457 -0.0559328   -9.80853 
             172.203 -0.0563487  0.0138279   -3.53502 0.013177  0.21021  2.04445 0 0 0   -0.011 -0.02329  0.04412  0.00370174 -0.00862792   0.0160663  0.000224296 -0.000237742  0.000198873  0.0512839  0.0729268 -0.0182821 -0.0785825 -0.0559524   -9.80853 
             172.302 -0.098209 0.0163756  -3.55312 0.0112457  0.208897   2.04348 0 0 0   -0.011 -0.02329  0.04412 -0.00708155  -0.0257959  0.00957521  0.000220843 -0.000208641  0.000225386   0.051573  0.0729999 -0.0179251 -0.0785767 -0.0558644   -9.80853 
             172.402  -0.15773 0.0366254  -3.58789 0.0135234  0.211044   2.04716 0 0 0   -0.011 -0.02329  0.04412  0.00827432 -0.00425869   0.0152379  0.000240112 -0.000211444  0.000216858  0.0514519  0.0723165 -0.0183829 -0.0784082 -0.0559521   -9.80853 
               172.5 -0.225554  0.061301   -3.6515 0.0149217  0.210507   2.04688 0 0 0   -0.011 -0.02329  0.04412    0.013667  -0.0106441 -0.00394972  0.000250325 -0.000174451   0.00024714  0.0514102  0.0722953 -0.0182555 -0.0784056 -0.0559646   -9.80853 
             172.602 -0.264609 0.0378575  -3.70931 0.0127258  0.209321   2.04573 0 0 0   -0.011 -0.02329  0.04412 -0.00242178 -0.00393456 -0.00949433  0.000272679 -0.000201484  0.000247051  0.0518528  0.0724963 -0.0181921 -0.0784241 -0.0558289   -9.80853 
             172.701 -0.304283 0.0334974  -3.75103 0.0127395  0.213584   2.04655 0 0 0   -0.011 -0.02329  0.04412 0.00952699 0.00566082 0.00453353   0.00026439 -0.000220002  0.000249043  0.0521164  0.0719306 -0.0183694 -0.0782444 -0.0558023   -9.80853 
             172.802 -0.337245 0.0287247  -3.81904 0.0131315  0.214056   2.04716 0 0 0   -0.011 -0.02329  0.04412  0.0110429  0.0143396 0.00776758  0.000257747 -0.000217775  0.000273995   0.052177  0.0719845 -0.0183877 -0.078254  -0.05578  -9.80853 
             172.901 -0.364297 0.0346563   -3.8699 0.015603 0.217371  2.04953 0 0 0   -0.011 -0.02329  0.04412 0.0220448  0.024619 0.0121316 0.000265481 -0.00019702 0.000282703  0.0521252  0.0717129 -0.0186013 -0.0781793 -0.0558144   -9.80853 
             173.003 -0.399001 0.0164702  -3.88932 0.0140864  0.218801   2.04946 0 0 0   -0.011 -0.02329  0.04412 0.00660305  0.0225642  0.0079569  0.000286627 -0.000194537  0.000257655   0.052516  0.0720461 -0.0184314 -0.0782399 -0.0556734   -9.80853 
             173.102  -0.367917 -0.0420315     -3.864 0.0106164  0.215768   2.05191 0 0 0   -0.011 -0.02329  0.04412 -0.0216779 0.00279011  0.0105541  0.00023762 -0.00016736 0.000230023  0.0527239  0.0728372 -0.0186556 -0.0784497 -0.0555246   -9.80853 
             173.201 -0.297013   -0.1038  -3.82807 0.0145894  0.220412     2.054 0 0 0   -0.011 -0.02329  0.04412 0.00475178  0.0189174  0.0198277  0.000267757 -0.000162448  0.000211449 0.0522379 0.0720536 -0.018751  -0.078266 -0.0557458   -9.80853 
             173.303 -0.234076 -0.137431  -3.78482 0.0146309  0.223693   2.05088 0 0 0   -0.011 -0.02329  0.04412   0.0022801   0.0234715 -0.00285077 0.000257806 -0.00016909 0.000230712   0.052363  0.0718764 -0.0181486 -0.0782021 -0.0557473   -9.80853 
             173.402 -0.210805 -0.135469  -3.74064 0.0148248  0.226436   2.05474 0 0 0   -0.011 -0.02329  0.04412 0.00106465  0.0205925  0.0209715  0.000255594 -0.000188539  0.000215558  0.0523632  0.0718108 -0.0186649  -0.078189 -0.0557386   -9.80853 
             173.502   -0.17691 -0.0621283   -3.73516 0.0113414  0.229307   2.05589 0 0 0   -0.011 -0.02329  0.04412 -0.0090642   0.021173  0.0195563  0.000252499 -0.000189777  0.000259535  0.0528935  0.0718645 -0.0185482 -0.0781536 -0.0555864   -9.80853 
             173.605  -0.147558 -0.0012032    -3.7545 0.00854486    0.23446    2.05708 0 0 0   -0.011 -0.02329  0.04412 -0.0196065  0.0339029  0.0166414  0.000228816 -0.000131294  0.000276915  0.0531875  0.0715714 -0.0184477  -0.078045 -0.0555324   -9.80853 
             173.702 -0.120519 0.0215184   -3.8159 0.00922028   0.237397    2.05573 0 0 0   -0.011 -0.02329  0.04412  -0.0125473   0.0256568 -0.00299921  0.000221877 -0.000136015  0.000300212   0.052837   0.071459 -0.0181295 -0.0780417  -0.055642   -9.80853 
             173.801 -0.104312 0.0554552  -3.90272 0.00826431   0.241508    2.05128 0 0 0   -0.011 -0.02329  0.04412 -0.00918148   0.0281483  -0.0167665  0.000202192 -0.000159925  0.000331492 0.0528966 0.0712439  -0.01764  -0.077975 -0.0556468   -9.80853 
             173.901 -0.0996633   0.105437   -4.00435 0.00694482   0.241224    2.05401 0 0 0   -0.011 -0.02329  0.04412 -0.00513746  0.00913048  0.00195415  0.000228341 -0.000153391  0.000321236  0.0528561  0.0716225 -0.0182294  -0.078086 -0.0556238   -9.80853 
             174.002 -0.12303  0.10609 -4.08945 0.00532477   0.239865    2.05389 0 0 0   -0.011 -0.02329  0.04412 -0.00831307   0.0026747   0.0055927  0.000242202 -0.000122136  0.000329791  0.0529135  0.0719412 -0.0181874  -0.078174 -0.0555745   -9.80853 
             174.103 -0.156813 0.0491242  -4.13546 0.00497477   0.244428    2.05512 0 0 0   -0.011 -0.02329  0.04412 -0.0111141   0.023065  0.0111187   0.00022756 -9.48237e-05  0.000378499  0.0530238  0.0713936 -0.0182349  -0.077996 -0.0556008   -9.80853 
             174.202 -0.168612  0.011411  -4.18448 0.00598335    0.24927    2.05288 0 0 0   -0.011 -0.02329  0.04412 -0.00471815   0.0338462 -0.00882802  0.000244926 -9.58403e-05  0.000410373   0.052913  0.0709632 -0.0178605 -0.0778789 -0.0556825   -9.80853 
             174.303 -0.144907 0.0349223   -4.2141 0.0058284   0.25082   2.04728 0 0 0   -0.011 -0.02329  0.04412 -0.00217595   0.0241516   -0.024319  0.000240436 -0.000111699  0.000452108  0.0527378  0.0711658 -0.0172554  -0.077965 -0.0557145   -9.80853 
             174.402 -0.083538 0.0755788  -4.28217 0.00692152   0.250063    2.04919 0 0 0   -0.011 -0.02329  0.04412  0.00093646   0.0147822 -0.00581499  0.000236378 -7.84828e-05  0.000453675   0.052446  0.0714679 -0.0178184 -0.0780947  -0.055768   -9.80853 
             174.502 0.00540866  0.0950695   -4.35603 0.00276994   0.251222    2.04822 0 0 0   -0.011 -0.02329  0.04412 -0.0170489 0.00832669   -0.01256  0.000227635 -7.07238e-05  0.000436859  0.0529834    0.07173 -0.0178211 -0.0781118 -0.0555641   -9.80853 
             174.602 0.0305265 0.0616015  -4.40569 0.00135383   0.254013    2.04666 0 0 0   -0.011 -0.02329  0.04412  -0.010105  0.0111816 -0.0193278  0.000234158 -5.40378e-05  0.000424148  0.0531301  0.0714801 -0.0178256 -0.0780115 -0.0555489   -9.80853 
             174.702 0.00643888  0.0287301   -4.43652 0.000443563    0.255662     2.04559 0 0 0   -0.011 -0.02329  0.04412 -0.0108216  0.0138537 -0.0223367  0.000256882 -9.22414e-05  0.000425321  0.0531539   0.071397 -0.0179433  -0.077981 -0.0555545   -9.80853 
             174.801 -0.0594037  0.0270688   -4.41817 0.000828718    0.256338     2.03947 0 0 0   -0.011 -0.02329  0.04412 -0.00818016  0.00276587  -0.0394902  0.000292879 -8.63797e-05  0.000431866   0.052927  0.0713399 -0.0175109 -0.0779907 -0.0556293   -9.80853 
             174.902 -0.111607 0.0399484  -4.40171 -0.000474173     0.257767      2.04205 0 0 0   -0.011 -0.02329  0.04412 -0.0111615 0.00551769 -0.0130553 0.000308574 -7.1912e-05 0.000430291  0.0530484  0.0711869 -0.0183598 -0.0779292 -0.0556242   -9.80853 
             175.002 -0.183594 0.0587944  -4.44636 -0.00452295    0.257602     2.04159 0 0 0   -0.011 -0.02329  0.04412   -0.025797  0.00940062 -0.00434076  0.000336634 -3.88549e-05  0.000449393  0.0533072  0.0714345 -0.0184226 -0.0779761  -0.055505   -9.80853 
             175.102 -0.260881 0.0396565  -4.38109 -0.00363246    0.257457     2.04164 0 0 0   -0.011 -0.02329  0.04412 -0.0151306 0.00594912 0.00620115  0.000367185 -8.98002e-06  0.000394335  0.0527944  0.0713494 -0.0184451 -0.0780179 -0.0556864   -9.80853 
             175.201 -0.233134 0.0403376  -4.37277 -0.00216617    0.262408     2.04286 0 0 0   -0.011 -0.02329  0.04412 -0.00877571   0.0305804  0.00683939  0.000328685 -1.43562e-05  0.000423393  0.0526686  0.0706742 -0.0185386 -0.0778111 -0.0558194   -9.80853 
             175.303 -0.121015 0.0313219  -4.36092 -0.00469078    0.264771      2.0394 0 0 0   -0.011 -0.02329  0.04412  -0.030243  0.0279184 -0.0059196 0.000283465 8.38198e-06 0.000428502  0.0527619  0.0708511 -0.0180076 -0.0778615 -0.0557723   -9.80853 
             175.402 -0.00812412   0.0517077    -4.37824 -0.00458237    0.266412     2.04298 0 0 0   -0.011 -0.02329  0.04412 -0.0219248  0.0229058 0.00623438  0.000278987 -4.81777e-05  0.000440005  0.0523052  0.0707821 -0.0185626 -0.0778941  -0.055923   -9.80853 
             175.502 0.0844503   0.14826  -4.39632 -0.00703428    0.266587     2.04438 0 0 0   -0.011 -0.02329  0.04412 -0.0214623  0.0122327 0.00911304  0.000287016 -5.50718e-05  0.000483475  0.0521985  0.0710376 -0.0186421 -0.0779905 -0.0559244   -9.80853 
             175.602 0.128214 0.213171 -4.42518 -0.0061126   0.265625    2.04524 0 0 0   -0.011 -0.02329  0.04412 -0.00952962 -0.00264194   0.0050746  0.000276808 -2.78916e-05  0.000486602  0.0517344  0.0710792 -0.0186334 -0.0780635 -0.0560688   -9.80853 
             175.702 0.111452 0.238188  -4.4687 -0.00440038    0.268166     2.04735 0 0 0   -0.011 -0.02329  0.04412 -0.00558815  0.00441148  0.00934786  0.000299997 -3.37985e-05  0.000479337  0.0515881  0.0705752 -0.0188187 -0.0779186  -0.056188   -9.80853 
             175.801 0.113178 0.248746 -4.49345 -0.00473036     0.26241     2.04693 0 0 0   -0.011 -0.02329  0.04412 0.00718267 -0.0233074 0.00629954  0.000256678 -3.94858e-05  0.000512143  0.0512603  0.0712907 -0.0186186 -0.0781975 -0.0561916   -9.80853 
             175.903 0.148526 0.254584 -4.51782 -0.002406  0.262165   2.05221 0 0 0   -0.011 -0.02329  0.04412 0.00343663  -0.026199  0.0206589  0.000225359 -7.96162e-05  0.000519181  0.0512115   0.070842 -0.0192748 -0.0780492 -0.0562963   -9.80853 
             176.002 0.173313 0.289343 -4.55086 -0.00390581    0.259442     2.05621 0 0 0   -0.011 -0.02329  0.04412 0.00781787 -0.0329606  0.0277497  0.000225951 -0.000117525   0.00049652  0.0514984  0.0709314 -0.0194929 -0.0780372 -0.0561983   -9.80853 
             176.102 0.168097 0.277505 -4.54999 -0.0019814   0.259407    2.05997 0 0 0   -0.011 -0.02329  0.04412   0.012564 -0.0220393  0.0317948  0.000214854 -0.000128136  0.000478751 0.0516047 0.0704682 -0.019614 -0.0778664 -0.0562333   -9.80853 
             176.202 0.141788 0.269966 -4.51447 0.000319676    0.259615     2.06321 0 0 0   -0.011 -0.02329  0.04412  0.0170947 -0.0153636  0.0349868  0.000201749 -0.000134582  0.000461553  0.0516528   0.070097 -0.0196001 -0.0777352 -0.0562693   -9.80853 
             176.301 0.162366 0.219557 -4.48533 0.000292697    0.253813     2.06423 0 0 0   -0.011 -0.02329  0.04412  0.0112252 -0.0427341  0.0199056  0.000224043 -0.000137821  0.000436428  0.0516193  0.0706642 -0.0193509 -0.0779324 -0.0561885   -9.80853 
             176.403 0.157692  0.17737  -4.4493 0.00421808   0.251959    2.07139 0 0 0   -0.011 -0.02329  0.04412  0.0198221 -0.0332831  0.0514053  0.000224532 -0.000102158  0.000451657  0.0514374  0.0701958 -0.0199807 -0.0777956 -0.0563433   -9.80853 
             176.502 0.156097 0.135024 -4.40922 0.00226724   0.246767    2.07666 0 0 0   -0.011 -0.02329  0.04412 0.00439825 -0.0509366  0.0549613  0.000209949 -0.000100453  0.000456802  0.0518296  0.0705785 -0.0199648 -0.0778688 -0.0561642   -9.80853 
             176.602 0.189881 0.163154  -4.4025 0.00697665   0.244468    2.08135 0 0 0   -0.011 -0.02329  0.04412   0.016776 -0.0410514   0.056316  0.000197687 -0.000147967  0.000460615   0.051457    0.07002 -0.0198771  -0.077737 -0.0563516   -9.80853 
             176.703 0.259362 0.248639 -4.37834 0.00788116   0.237969    2.08635 0 0 0   -0.011 -0.02329  0.04412  0.0126952 -0.0529773  0.0510603    0.0001693 -0.000134614  0.000438778  0.0514405  0.0703016 -0.0198031 -0.0778287 -0.0563186   -9.80853 
             176.801  0.31179 0.289571 -4.38347 0.0111405  0.233129   2.08723 0 0 0   -0.011 -0.02329  0.04412  0.0195736 -0.0629481  0.0328898  0.000172148 -0.000127668  0.000394279  0.0512285  0.0701182 -0.0193119  -0.077797 -0.0563855   -9.80853 
             176.902 0.358682 0.302881 -4.36641 0.0122322  0.229218   2.09404 0 0 0   -0.011 -0.02329  0.04412  0.0191738 -0.0516017  0.0450189  0.000159617 -0.000115564  0.000432564   0.051491  0.0698637 -0.0197906 -0.0776815 -0.0563629   -9.80853 
             177.002 0.411393 0.294843 -4.35569 0.0155551  0.219141   2.09845 0 0 0   -0.011 -0.02329  0.04412  0.0283918 -0.0840751  0.0444888  0.000132219 -0.000116064  0.000425039  0.0511108  0.0703559 -0.0198079 -0.0778814 -0.0564239   -9.80853 
             177.103 0.452491 0.327123 -4.34403 0.019671   0.2154  2.10371 0 0 0   -0.011 -0.02329  0.04412  0.0366515 -0.0770486  0.0503253  0.000112288 -0.000134822  0.000409617 0.0512542 0.0696506 -0.019876 -0.0776444 -0.0564682   -9.80853 
             177.201 0.499335 0.384142 -4.32909 0.0261805  0.206901   2.10814 0 0 0   -0.011 -0.02329  0.04412  0.0624836 -0.0858859  0.0464858  0.000118763 -0.000135945   0.00038479  0.0509201  0.0696124 -0.0197953 -0.0776721 -0.0565696   -9.80853 
             177.301  0.46044 0.409827 -4.29974 0.0309753   0.19949   2.10731 0 0 0   -0.011 -0.02329  0.04412 0.0627269  -0.08621 0.0200143  0.000126418 -0.000151123  0.000364122  0.0511941  0.0695682 -0.0191738 -0.0776306 -0.0564343   -9.80853 
             177.403 0.379705 0.376195 -4.27592 0.0373359  0.190494   2.11158 0 0 0   -0.011 -0.02329  0.04412  0.0643161 -0.0844891  0.0294403   0.00012665 -0.000156032  0.000342592  0.0512238  0.0695903 -0.0194775 -0.0776306 -0.0564514   -9.80853 
             177.501 0.333253 0.338123 -4.17601 0.0334475  0.180961   2.11471 0 0 0   -0.011 -0.02329  0.04412  0.0273759 -0.0879116   0.025364  6.31877e-05 -0.000165434  0.000321786  0.0524026  0.0702411 -0.0195204 -0.0776962 -0.0560228   -9.80853 
             177.602  0.38145 0.243457 -4.19194 0.0391488  0.165821   2.11801 0 0 0   -0.011 -0.02329  0.04412 0.0437027 -0.120019 0.0248314  7.90729e-06 -0.000149912  0.000363743  0.0517912  0.0707663 -0.0196642 -0.0779153 -0.0561599   -9.80853 
             177.702 0.447023 0.164158 -4.15747 0.043065 0.159287  2.12031 0 0 0   -0.011 -0.02329  0.04412 0.0437381 -0.103964 0.0343297  1.95035e-05 -0.000137518  0.000338443  0.0521081  0.0701377 -0.0195703 -0.0777019 -0.0561245   -9.80853 
             177.801 0.443411 0.113833 -4.14832 0.0483809  0.147252   2.12064 0 0 0   -0.011 -0.02329  0.04412 0.0495721 -0.112861 0.0213055   1.6147e-05 -0.000135429  0.000330661   0.051911  0.0703006 -0.0192055 -0.0777684 -0.0561386   -9.80853 
             177.902 0.376165 0.128407 -4.16298 0.0582761  0.133892    2.1245 0 0 0   -0.011 -0.02329  0.04412 0.0753704 -0.130117 0.0302851  3.34991e-05 -0.000161992  0.000335191  0.0513024  0.0702139 -0.0193902 -0.0778047 -0.0563346   -9.80853 
             178.002  0.27763 0.214543 -4.16261 0.0610639  0.120096   2.12634 0 0 0   -0.011 -0.02329  0.04412 0.0600304 -0.140826 0.0227226  7.70138e-05 -0.000187513  0.000331019  0.0518493  0.0704874 -0.0192392 -0.0778275  -0.056142   -9.80853 
             178.103 0.181994 0.304642 -4.15449 0.062328 0.108294  2.12535 0 0 0   -0.011 -0.02329  0.04412  0.0418188  -0.136659 0.00935018  7.84341e-05 -0.000204126  0.000326632  0.0525537  0.0704363 -0.0188548 -0.0777406  -0.055921   -9.80853 
             178.202 0.0498141   0.36398  -4.15961  0.066866 0.0950222   2.12605 0 0 0   -0.011 -0.02329  0.04412  0.0444021  -0.142964 0.00600877  9.67241e-05 -0.000221294  0.000338737  0.0525344  0.0703293 -0.0188324 -0.0777121 -0.0559354   -9.80853 
             178.302 -0.0508845   0.377299   -4.14626 0.0687191 0.0832606   2.12233 0 0 0   -0.011 -0.02329  0.04412  0.0374627  -0.126383 -0.0110853  8.09845e-05 -0.000196016  0.000315729  0.0529226  0.0701871 -0.0183079 -0.0776447 -0.0558155   -9.80853 
             178.402 -0.163308     0.371  -4.10999 0.0768763 0.0736364   2.12445 0 0 0   -0.011 -0.02329  0.04412   0.0634649   -0.105474 -0.00624652   9.1856e-05 -0.000188752  0.000292704  0.0525983   0.069681 -0.0187945 -0.0775139 -0.0559688   -9.80853 
             178.502 -0.228345  0.359396  -4.09073 0.0779803 0.0615923   2.12253 0 0 0   -0.011 -0.02329  0.04412  0.0511356   -0.10292 -0.0188546  4.93375e-05 -0.000203168  0.000295899   0.053173  0.0701538 -0.0187035 -0.0775976 -0.0557615   -9.80853 
             178.602 -0.205089  0.345322  -4.05201 0.0836005 0.0510217   2.12252 0 0 0   -0.011 -0.02329  0.04412  0.0517229  -0.102871 -0.0103289 5.85951e-05  -0.0001994 0.000290009 0.0531221 0.0702243 -0.018914 -0.0776116 -0.0557704   -9.80853 
             178.703 -0.134006  0.256579  -4.05101 0.0940008  0.042324   2.12205 0 0 0   -0.011 -0.02329  0.04412   0.0722616  -0.0953362 -0.00268089  4.29517e-05 -0.000182573  0.000306979   0.052562  0.0697916 -0.0189823 -0.0775387 -0.0559601   -9.80853 
             178.802 -0.0613196   0.157158   -4.04277 0.0992491 0.0312927   2.11963 0 0 0   -0.011 -0.02329  0.04412   0.0601946   -0.103759 -0.00433128  6.04038e-05 -0.000158075  0.000303865  0.0526779  0.0700225 -0.0186815 -0.0776033 -0.0559101   -9.80853 
             178.901 -0.0261792  0.0539266   -4.04869  0.106706 0.0209366   2.11999 0 0 0   -0.011 -0.02329  0.04412   0.0585158   -0.101691 -0.00502269  5.82845e-05 -0.000131034  0.000321175  0.0524458  0.0699514 -0.0188304 -0.0775997 -0.0559785   -9.80853 
             179.003 -0.0384176  0.0231449   -4.06475 0.108791 0.011958   2.1186 0 0 0   -0.011 -0.02329  0.04412    0.040314  -0.0943242 -0.00568407   6.0399e-05 -0.000174488  0.000340691  0.0529304  0.0699553 -0.0187156 -0.0775627 -0.0558488   -9.80853 
             179.101 -0.0501522    0.10121   -4.10183   0.117394 0.00164786    2.11742 0 0 0   -0.011 -0.02329  0.04412   0.0556494   -0.093664 -0.00209732  6.61549e-05 -0.000126798  0.000323703  0.0522757  0.0699146 -0.0185926 -0.0776049 -0.0560247   -9.80853 
             179.201 -0.109004  0.152055  -4.15108    0.124029 -0.00477086     2.11561 0 0 0   -0.011 -0.02329  0.04412  0.0597778  -0.070902 -0.0137636 8.39098e-05 -9.5733e-05 0.000308067 0.0522362 0.0695928 -0.018392 -0.0775214 -0.0560604   -9.80853 
             179.303  -0.1638 0.206681  -4.1578   0.129416 -0.0149683    2.10941 0 0 0   -0.011 -0.02329  0.04412  0.0670136 -0.0847629 -0.0353686   9.6702e-05 -0.000118167  0.000335316  0.0522467  0.0699826 -0.0178011 -0.0776298 -0.0560186   -9.80853 
             179.402 -0.136921  0.238703   -4.1335   0.138585 -0.0274267    2.10917 0 0 0   -0.011 -0.02329  0.04412   0.078422 -0.0986679 -0.0187994 0.000134444 -9.3226e-05 0.000338256  0.0517751  0.0703716 -0.0182347 -0.0777702 -0.0561157   -9.80853 
             179.504 -0.112063  0.230086  -4.13029   0.145136 -0.0375491    2.10818 0 0 0   -0.011 -0.02329  0.04412  0.0807873 -0.0980485 -0.0234073  0.000130166 -0.000122378  0.000353182  0.0519767  0.0704764 -0.0183842 -0.0777777  -0.056052   -9.80853 
             179.602 -0.114621  0.219189   -4.1103    0.15212 -0.0391253    2.10419 0 0 0   -0.011 -0.02329  0.04412  0.0755366 -0.0628157 -0.0201325  0.000108169 -0.000135989   0.00036098  0.0524341  0.0695832 -0.0181545 -0.0775013 -0.0560041   -9.80853 
             179.702 -0.0882301   0.201716   -4.12712   0.156234 -0.0469092    2.10165 0 0 0   -0.011 -0.02329  0.04412  0.0664917 -0.0711753 -0.0251897  8.44641e-05 -0.000142905  0.000367328  0.0527813  0.0699066 -0.0181184 -0.0775601 -0.0558828   -9.80853 
             179.802 -0.0636714    0.17729   -4.11583    0.15751 -0.0593879    2.09511 0 0 0   -0.011 -0.02329  0.04412  0.0416967 -0.0886679 -0.0468868  9.25934e-05 -0.000143747  0.000376943  0.0531689  0.0707879 -0.0176415 -0.0777745 -0.0557024   -9.80853 
             179.902 -0.0990473   0.176194   -4.12402   0.168261 -0.0621571    2.09308 0 0 0   -0.011 -0.02329  0.04412  0.0649787  -0.067114 -0.0450958   8.9994e-05 -0.000166143   0.00039782 0.0526513 0.0697434 -0.018081 -0.0775306 -0.0559318   -9.80853 
             180.002 -0.18302 0.156123 -4.14376   0.168966 -0.0672879    2.08873 0 0 0   -0.011 -0.02329  0.04412  0.0387928 -0.0630292 -0.0380458 0.000121181 -0.00013509 0.000396857  0.0534044  0.0697965 -0.0180717 -0.0774828 -0.0557267   -9.80854 
             180.102 -0.267537  0.121127   -4.1736   0.176219 -0.0786179    2.08646 0 0 0   -0.011 -0.02329  0.04412   0.044621 -0.0817375 -0.0286812 0.000110314 -0.00013278  0.00046097  0.0527416  0.0702518 -0.0182252 -0.0776567 -0.0558662   -9.80853 
             180.202 -0.337742 0.0892943  -4.24084   0.180093 -0.0836803    2.08301 0 0 0   -0.011 -0.02329  0.04412  0.0423486 -0.0639945 -0.0242778 0.000161945 -0.00011358 0.000477578   0.052911  0.0699796 -0.0181356 -0.0775717 -0.0558443   -9.80853 
             180.302 -0.408143 0.0609692  -4.27952  0.189343 -0.090912   2.07548 0 0 0   -0.011 -0.02329  0.04412  0.0554953 -0.0655018 -0.0446875  0.000168669 -0.000116674  0.000475372   0.052246  0.0698102 -0.0175536 -0.0775934 -0.0560494   -9.80853 
             180.401 -0.414148 0.0338859   -4.3149   0.194329 -0.0953466    2.07437 0 0 0   -0.011 -0.02329  0.04412  0.0386426 -0.0538519   -0.03335  0.000192155 -0.000132203  0.000477433 0.0523546 0.0696244 -0.017999 -0.0775243 -0.0560221   -9.80853 
             180.502 -0.358396 0.0468917   -4.3267   0.195291 -0.0960322    2.07069 0 0 0   -0.011 -0.02329  0.04412  0.0218313 -0.0331338 -0.0326182  0.000165812 -0.000156099   0.00049615 0.0528647 0.0692228 -0.017966 -0.0773636 -0.0559179   -9.80854 
             180.603 -0.367191  0.102866  -4.33162  0.200642 -0.101792   2.06852 0 0 0   -0.011 -0.02329  0.04412  0.0306342 -0.0527045 -0.0287743  0.000159638 -0.000166953  0.000519626  0.0523561  0.0693116 -0.0180956 -0.0774358 -0.0560477   -9.80853 
             180.701 -0.385458  0.140571  -4.34476  0.207575 -0.105284   2.06597 0 0 0   -0.011 -0.02329  0.04412  0.0453619 -0.0438756 -0.0179397  0.000125935 -0.000173863  0.000526143  0.0520064  0.0688963 -0.0180951 -0.0773518 -0.0561863   -9.80853 
             180.801 -0.456319  0.150757  -4.37269  0.212783 -0.107522   2.06016 0 0 0   -0.011 -0.02329  0.04412  0.0484497 -0.0271846 -0.0300109  0.000111024 -0.000133283  0.000522353  0.0519774  0.0686251 -0.0175492 -0.0772886 -0.0562407   -9.80853 
             180.902 -0.567716  0.136453   -4.3811  0.219101 -0.108165    2.0579 0 0 0   -0.011 -0.02329  0.04412  0.0650307 -0.0162728 -0.0179069  0.000109356 -0.000137068  0.000528819  0.0519581  0.0683522 -0.0176223 -0.0772104 -0.0562701   -9.80853 
             181.002 -0.550486  0.122723  -4.39619  0.223611 -0.108936   2.05786 0 0 0   -0.011 -0.02329  0.04412    0.063423  -0.0117499 -0.00779151  7.77233e-05 -0.000103343  0.000507685   0.052253  0.0683787 -0.0178077 -0.0771827  -0.056175   -9.80854 
             181.102 -0.453878 0.0626629  -4.39729  0.226853 -0.109046   2.05404 0 0 0   -0.011 -0.02329  0.04412  0.0486084 -0.0039563 -0.0213894  7.80858e-05 -8.53863e-05  0.000480168  0.0526324  0.0683957 -0.0174422  -0.077163 -0.0560829   -9.80854 
             181.202  -0.353262 -0.0287985   -4.38937  0.234404 -0.108572   2.04995 0 0 0   -0.011 -0.02329  0.04412  0.0561319 0.00220065  -0.034804  0.000118182 -5.97467e-05   0.00048045  0.0523332  0.0681969 -0.0172664 -0.0771411 -0.0561981   -9.80854 
             181.302   -0.2662 -0.111077  -4.54055  0.231937 -0.104576   2.04349 0 0 0   -0.011 -0.02329  0.04412  0.0209076   0.013749 -0.0467808  0.000100724 -5.42288e-05  0.000544917  0.0534876  0.0680717 -0.0168934 -0.0769964 -0.0558947   -9.80854 
             181.402 -0.148929 -0.128873  -4.35123  0.240441 -0.107221   2.04357 0 0 0   -0.011 -0.02329  0.04412   0.0418734 -0.00999044  -0.0280444  8.88518e-05 -5.60382e-05  0.000484105  0.0524856  0.0682048 -0.0175432 -0.0771372 -0.0561492   -9.80854 
             181.504 -0.122415 -0.101342  -4.31895  0.245262 -0.107478   2.04109 0 0 0   -0.011 -0.02329  0.04412   0.038465 -7.692e-05 -0.0261275  7.07935e-05 -7.12374e-05  0.000485383  0.0524163  0.0681082 -0.0175694 -0.0771166 -0.0561784   -9.80854 
             181.601 -0.168429 -0.095455  -4.29905 0.248328  -0.1088  2.03609 0 0 0   -0.011 -0.02329  0.04412   0.0303679 -0.00405398  -0.0358421   8.0605e-05 -3.20275e-05  0.000490185  0.0524202  0.0682816 -0.0172797 -0.0771596 -0.0561653   -9.80854 
             181.702 -0.222838 -0.101389  -4.29662  0.252204 -0.103643   2.03168 0 0 0   -0.011 -0.02329  0.04412  0.0287339  0.0142073 -0.0445517  7.43688e-05 -4.68973e-05  0.000487976  0.0525911  0.0675878 -0.0172137 -0.0769503 -0.0561824   -9.80854 
             181.804  -0.242705 -0.0938599   -4.31251   0.25583 -0.106134    2.0212 0 0 0   -0.011 -0.02329  0.04412   0.0278687 -0.00816021   -0.177997  6.97491e-05 -3.44308e-05  0.000448269  0.0523266  0.0679935 -0.0168144 -0.0770776 -0.0562248   -9.80854 
             181.902  -0.205374 -0.0572007   -4.29627  0.253362 -0.101741   1.99386 0 0 0   -0.011 -0.02329  0.04412 0.000995486     0.01372   -0.395344  3.48491e-05 -3.16845e-05  0.000405057  0.0531415  0.0676288 -0.0167433 -0.0769037 -0.0560358   -9.80854 
             182.002   -0.18454 -0.0957829   -4.24259  0.254835 -0.103462   1.94009 0 0 0   -0.011 -0.02329  0.04412   0.00567266 -0.000440131    -0.605078  6.68089e-05 -5.41393e-05  0.000400518   0.052836  0.0679105 -0.0159337 -0.0769982 -0.0561125   -9.80854 
             182.102 -0.176965 -0.134379   -4.2064  0.254244 -0.101836   1.87265 0 0 0   -0.011 -0.02329  0.04412 -0.00513462  0.00709834   -0.735101  0.000100529 -4.93086e-05  0.000372149  0.0530491  0.0677628 -0.0157432 -0.0769371 -0.0560714   -9.80854 
             182.202 -0.186829 -0.182446  -4.19345   0.259771 -0.0965089     1.7962 0 0 0   -0.011 -0.02329  0.04412 0.0191254 0.0229499 -0.788271  0.000124699 -3.64788e-05  0.000357664  0.0525379  0.0669154 -0.0157534 -0.0767547 -0.0562778   -9.80854 
             182.302 -0.212479 -0.231706  -4.15542   0.260728 -0.0981369    1.72907 0 0 0   -0.011 -0.02329  0.04412 0.00399333   0.010628  -0.585259 0.000146098 -5.6265e-05 0.000370243   0.052394  0.0674175 -0.0165066 -0.0769157 -0.0562623   -9.80854 
             182.403  -0.24806 -0.164299  -4.15852   0.260149 -0.0957189     1.6929 0 0 0   -0.011 -0.02329  0.04412 -0.00225149   0.0163017   -0.306351  0.000146111 -6.31778e-05  0.000338969   0.052492  0.0673461 -0.0182728 -0.0769431 -0.0562057   -9.80854 
             182.502  -0.270355 -0.0195659   -4.15042   0.259655 -0.0947142    1.68376 0 0 0   -0.011 -0.02329  0.04412 -0.00457216   0.0167846  -0.0644726 0.000158282 -0.00010265 0.000314379  0.0524529  0.0675073 -0.0198988 -0.0770337 -0.0561626   -9.80854 
             182.603  -0.2947  0.10222 -4.15673   0.261643 -0.0925178    1.68609 0 0 0   -0.011 -0.02329  0.04412 0.00435793  0.0239569  0.0915614  0.000151024 -9.12257e-05  0.000310713  0.0521383  0.0673662 -0.0201788 -0.0770268 -0.0562454   -9.80854 
             182.701 -0.321885   0.13817  -4.15099   0.261563 -0.0888838    1.69613 0 0 0   -0.011 -0.02329  0.04412 0.000373587   0.0271418    0.179153 0.000156322 -0.00010271 0.000343714  0.0522481  0.0671931 -0.0197679 -0.076975 -0.056241  -9.80854 
             182.802 -0.348656  0.112848  -4.18377   0.261033 -0.0897607    1.70962 0 0 0   -0.011 -0.02329  0.04412 0.00193552 0.00857518   0.217939  0.000164645 -9.14998e-05  0.000344559  0.0521912  0.0676238 -0.0188159  -0.077099 -0.0562471   -9.80854 
             182.901 -0.357746 0.0866134  -4.21975   0.263986 -0.0842243    1.73163 0 0 0   -0.011 -0.02329  0.04412 0.0160247  0.028639  0.250361 0.000183565 -0.00011303  0.00031447  0.0520626  0.0669503 -0.0186276 -0.0769441 -0.0563323   -9.80854 
             183.001 -0.372991 0.0433296  -4.23675   0.264011 -0.0842076    1.75301 0 0 0   -0.011 -0.02329  0.04412 0.0150013 0.0170559  0.243386  0.000181935 -7.25734e-05  0.000363502  0.0521402  0.0673196 -0.0181199 -0.0770422 -0.0562984   -9.80854 
             183.101   -0.413311 -0.00699264    -4.26031   0.264417 -0.0799948    1.77454 0 0 0   -0.011 -0.02329  0.04412 0.00284172   0.031811   0.231838  0.000212293 -8.90567e-05   0.00034988   0.052333  0.0670801 -0.0177584 -0.0769731 -0.0562784   -9.80854 
             183.203 -0.464201 -0.073889    -4.302   0.265978 -0.0721088      1.796 0 0 0   -0.011 -0.02329  0.04412 -0.00217978   0.0575964    0.220591  0.000220793 -8.37996e-05  0.000363798     0.0523  0.0664763 -0.0175111 -0.0768225 -0.0563432   -9.80854 
               183.3 -0.399709 -0.150099  -4.33829   0.264619 -0.0647651    1.81644 0 0 0   -0.011 -0.02329  0.04412 -0.0151909   0.060515   0.203634  0.000223524 -9.10544e-05   0.00036775  0.0524732  0.0663034 -0.0174622 -0.0767639 -0.0563141   -9.80854 
             183.401 -0.319511  -0.14383  -4.37792   0.262559 -0.0656992    1.83727 0 0 0   -0.011 -0.02329  0.04412 -0.0271212  0.0352665   0.191976  0.000219295 -0.000112389  0.000349058  0.0521782  0.0671822 -0.0175759 -0.0770206 -0.0563137   -9.80854 
             183.502  -0.222953 -0.0794755   -4.40317   0.260175 -0.0593709     1.8562 0 0 0   -0.011 -0.02329  0.04412 -0.0237649  0.0464054   0.173617   0.00018442 -9.84474e-05  0.000339564  0.0522598   0.066825 -0.0175964 -0.0769181 -0.0563216   -9.80854 
             183.602 -0.153107 -0.047601  -4.44495   0.257291 -0.0551039    1.87401 0 0 0   -0.011 -0.02329  0.04412 -0.0216569   0.052113   0.161255  0.000166713 -8.67418e-05  0.000347336   0.052293  0.0669699 -0.0177395  -0.076956 -0.0562948   -9.80854 
             183.702   -0.17535 -0.0570563   -4.46259   0.260076 -0.0462398    1.88848 0 0 0   -0.011 -0.02329  0.04412 -0.0108217  0.0653846   0.134375  0.000176339 -6.54658e-05  0.000347057  0.0518264  0.0662843 -0.0176792 -0.0768101 -0.0564848   -9.80854 
             183.801   -0.23276 -0.0884806   -4.43334   0.260754 -0.0421039    1.90072 0 0 0   -0.011 -0.02329  0.04412 -0.0107232  0.0534629   0.108268  0.000195744 -7.48941e-05  0.000341826  0.0514961  0.0664598 -0.0176586 -0.0768884 -0.0565599   -9.80854 
             183.903 -0.299137 -0.134427  -4.42379    0.25756 -0.0379337    1.91332 0 0 0   -0.011 -0.02329  0.04412 -0.0214162  0.0371231   0.109006  0.000190852 -6.73323e-05   0.00035449  0.0516719  0.0666518 -0.0179787 -0.0769286 -0.0564902   -9.80854 
             184.002 -0.339322 -0.133514  -4.42479  0.254797 -0.037197   1.92508 0 0 0   -0.011 -0.02329  0.04412 -0.0242176  0.0252031    0.10172  0.000195143 -6.27974e-05   0.00035435  0.0516047  0.0670311 -0.0181628 -0.0770402 -0.0564708   -9.80853 
             184.102 -0.353703 -0.117639  -4.44248   0.255237 -0.0318179    1.93394 0 0 0   -0.011 -0.02329  0.04412 -0.0214331  0.0472083  0.0858894  0.000175469 -3.05239e-05   0.00036294  0.0513215  0.0666174 -0.0180766  -0.076952 -0.0565866   -9.80853 
             184.202  -0.378156 -0.0715871    -4.4681   0.252826 -0.0239321    1.94049 0 0 0   -0.011 -0.02329  0.04412 -0.0187145  0.0665974  0.0691877  0.000176731 -7.18729e-05  0.000359261  0.0515165   0.066284 -0.0178683 -0.0768422 -0.0565711   -9.80854 
             184.302 -0.392938 0.0044503  -4.47989   0.254126 -0.0165417    1.94423 0 0 0   -0.011 -0.02329  0.04412 -0.000238081    0.0687191    0.0507201 0.000161846 -9.5716e-05 0.000327559  0.0512121  0.0660661 -0.0175199 -0.0768071 -0.0566875   -9.80854 
             184.403 -0.371084 0.0458926  -4.49443   0.251186 -0.0133732    1.94961 0 0 0   -0.011 -0.02329  0.04412 -0.00848574   0.0514668   0.0431256  0.000162195 -9.30485e-05  0.000311848  0.0513798  0.0666462 -0.0175956 -0.0769512 -0.0565854   -9.80853 
             184.502 -0.309466 0.0200416  -4.47229   0.248075 -0.0049772    1.95313 0 0 0   -0.011 -0.02329  0.04412 -0.0113675  0.0648136   0.030954   0.00015685 -8.05245e-05  0.000323397  0.0518197  0.0663705 -0.0175894 -0.0768348 -0.0564899   -9.80854 
             184.601  -0.225494 -0.0427564   -4.44505   0.247059 0.00157733    1.95413 0 0 0   -0.011 -0.02329  0.04412 -0.004161 0.0666609 0.0201923  0.000151766 -9.78828e-05    0.0003214  0.0518495  0.0663304 -0.0173497 -0.0768237 -0.0564928   -9.80854 
             184.701 -0.178674 -0.115455  -4.43056   0.245598 0.00861285    1.95385 0 0 0   -0.011 -0.02329  0.04412 -0.0151545  0.0704779 0.00174945  0.000142008 -9.41199e-05  0.000315266  0.0519708  0.0663389 -0.0171509 -0.0768163  -0.056464   -9.80854 
             184.801 -0.124588 -0.185322  -4.42692  0.243305 0.0105713   1.95125 0 0 0   -0.011 -0.02329  0.04412  -0.017681  0.0490356 -0.0143299  0.000140767 -9.02436e-05  0.000333861  0.0518703  0.0670137 -0.0168302  -0.077004 -0.0564383   -9.80854 
             184.902  -0.10737 -0.196561  -4.42609   0.23918 0.0202505   1.95172 0 0 0   -0.011 -0.02329  0.04412  -0.029934  0.0680827 -0.0153851  0.000110615 -0.000128983  0.000319303   0.052325  0.0665721 -0.0171323 -0.0768547 -0.0563509   -9.80854 
             185.001 -0.0557934  -0.146738   -4.44398  0.234128 0.0229567   1.95004 0 0 0   -0.011 -0.02329  0.04412 -0.0400761  0.0445138 -0.0182395  8.71837e-05 -0.000122892  0.000323665  0.0523728  0.0670976 -0.0171582 -0.0769907 -0.0562937   -9.80854 
             185.101 -0.0210502 -0.0994103   -4.46685  0.231942 0.0281443   1.94925 0 0 0   -0.011 -0.02329  0.04412  -0.035952  0.0513244 -0.0151229  0.000113896 -0.000116243  0.000333704  0.0521546  0.0669393 -0.0173271 -0.0769725 -0.0563636   -9.80854 
             185.202 -0.0324778 -0.0562342   -4.51827  0.230945 0.0349683   1.94828 0 0 0   -0.011 -0.02329  0.04412 -0.0283406  0.0447083 -0.0122346  0.000126341 -0.000105271  0.000326636 0.0519338 0.0665719 -0.017391 -0.0768955 -0.0564538   -9.80854 
             185.301 -0.0638502  0.0175201   -4.56613  0.226191 0.0358247   1.94515 0 0 0   -0.011 -0.02329  0.04412 -0.0362849   0.032054 -0.0220088  0.000114933 -0.000134783  0.000309473  0.0519883  0.0670667 -0.0171556 -0.0770183 -0.0563946   -9.80854 
             185.402 -0.0664399  0.0930361    -4.6063  0.224796 0.0388208   1.94457 0 0 0   -0.011 -0.02329  0.04412 -0.0222014  0.0333561 -0.0123117  0.000138192 -0.000165784  0.000307468  0.0517331  0.0670322 -0.0173634 -0.0770352 -0.0564688   -9.80853 
             185.502 -0.0969437   0.106201   -4.62617  0.219698 0.0441259   1.94411 0 0 0   -0.011 -0.02329  0.04412  -0.0313762   0.0296754 -0.00545272 0.000155581 -0.00014479  0.00029686  0.0521995   0.066908 -0.0174245 -0.0769575 -0.0563518   -9.80854 
             185.601 -0.0971552   0.100695   -4.65179  0.218135 0.0484743   1.94278 0 0 0   -0.011 -0.02329  0.04412  -0.024025  0.0304056 -0.0105752  0.000174211 -0.000138636  0.000311406   0.052127  0.0666148 -0.0173361 -0.0768829 -0.0563992   -9.80854 
             185.703 -0.115542 0.0773087  -4.66389  0.214232 0.0544342   1.94148 0 0 0   -0.011 -0.02329  0.04412  -0.0289691   0.0490563 -0.00927874   0.00016118 -0.000143719    0.0003184  0.0524542  0.0663918 -0.0173223 -0.0767882 -0.0563287   -9.80854 
             185.802 -0.0981221  0.0833311   -4.65723  0.212464 0.0575776   1.93925 0 0 0   -0.011 -0.02329  0.04412   -0.027565   0.0360265 -0.00191928  0.000144423 -0.000177522  0.000315682   0.052228  0.0665022 -0.0171044 -0.0768429 -0.0563802   -9.80854 
             185.901 -0.0147103   0.139946   -4.67731  0.209571 0.0602419   1.94158 0 0 0   -0.011 -0.02329  0.04412 -0.0279745  0.0267469  0.0107559  9.75162e-05 -0.000240943  0.000335537 0.0522077 0.0665798 -0.017444  -0.076866 -0.0563799   -9.80854 
             186.002 0.100634 0.247802 -4.68566  0.209156 0.0631861   1.94191 0 0 0   -0.011 -0.02329  0.04412 -0.0173608  0.0251318  0.0172277  0.000102763 -0.000206495  0.000328591   0.051951  0.0664181 -0.0173053 -0.0768459 -0.0564668   -9.80854 
             186.103 0.127911 0.317138 -4.68216  0.209992 0.0654558   1.93957 0 0 0   -0.011 -0.02329  0.04412 -0.00137134   0.0179897 -0.00698156  0.000122633 -0.000183179  0.000295355  0.0516755  0.0663329 -0.0168741 -0.0768531 -0.0565432   -9.80854 
             186.201 0.0746262  0.370379  -4.72376  0.206428 0.0668162   1.93717 0 0 0   -0.011 -0.02329  0.04412 -0.0161265  0.0138667 -0.0131021  0.000133865 -0.000196136  0.000298213  0.0520861  0.0665198 -0.0166478 -0.0768691 -0.0563993   -9.80854 
             186.301 -0.00356724    0.390954    -4.68055  0.205968 0.0700041   1.93284 0 0 0   -0.011 -0.02329  0.04412 -0.0119093  0.0263571 -0.0330768  0.000144464 -0.000186817  0.000313991  0.0519914   0.066289 -0.0163441 -0.0768204 -0.0564358   -9.80854 
             186.403 -0.0646706   0.396897   -4.65039  0.205858 0.0706168   1.93191 0 0 0   -0.011 -0.02329  0.04412 -0.00856615    0.016072  -0.0221396  0.000161747 -0.000209251  0.000304365  0.0517669  0.0664214 -0.0166913 -0.0768684 -0.0565008   -9.80854 
             186.502 -0.011512  0.398655  -4.72899  0.204903 0.0751247    1.9316 0 0 0   -0.011 -0.02329  0.04412 -0.000334472    0.0250685  -0.00896708  0.000156013 -0.000192248    0.0003476  0.0519685   0.066076 -0.0168899 -0.0767448 -0.0564847   -9.80854 
             186.602 0.0854695  0.427268  -4.64302  0.207231 0.0724453    1.9317 0 0 0   -0.011 -0.02329  0.04412  0.0196105 0.00356292 0.00271989  0.000174795 -0.000193813  0.000285441  0.0514907  0.0666218 -0.0169614   -0.07694 -0.0565678   -9.80854 
             186.702 0.119165 0.468068 -4.65097  0.211782 0.0724209   1.92879 0 0 0   -0.011 -0.02329  0.04412  0.0410476 0.00324963 -0.0100238  0.000171855 -0.000221804    0.0002972  0.0512152  0.0665713 -0.0165858 -0.0769676 -0.0566359   -9.80853 
             186.802 0.100092 0.478378 -4.68038  0.213644 0.0712859   1.92153 0 0 0   -0.011 -0.02329  0.04412   0.0391943 -0.00136989  -0.0438357  0.000182465 -0.000225053  0.000301531   0.051413  0.0669344 -0.0158535 -0.0770795 -0.0565142   -9.80853 
             186.901 0.0390546  0.412595  -4.72099  0.216057 0.0738453    1.9195 0 0 0   -0.011 -0.02329  0.04412  0.0387924  0.0159584 -0.0357469   0.00019451 -0.000238443  0.000291987 0.0517569 0.0667205 -0.016156 -0.0769754 -0.0564549   -9.80854 
             187.003 -0.0312687   0.354989   -4.74172  0.217687 0.0691049   1.91864 0 0 0   -0.011 -0.02329  0.04412    0.0309684 -0.000817586   -0.0299238   0.00020532 -0.000259569  0.000277513  0.0517545  0.0676033 -0.0165027 -0.0772073 -0.0563878   -9.80853 
             187.103 -0.0719338   0.326252   -4.78941  0.220346 0.0692517   1.91498 0 0 0   -0.011 -0.02329  0.04412  0.0266258 0.00248989 -0.0431785  0.000167688 -0.000269678  0.000280771  0.0517696  0.0676267 -0.0165009 -0.0772124 -0.0563812   -9.80853 
             187.201 -0.0355934   0.296929   -4.81383  0.225769 0.0685874   1.91199 0 0 0   -0.011 -0.02329  0.04412   0.0446943 -0.00807667  -0.0344257   0.00015763 -0.000291557  0.000264409  0.0514373  0.0676317 -0.0165847 -0.0772444 -0.0564773   -9.80853 
             187.302 -0.0347582   0.306154   -4.80645   0.23524 0.0678741   1.91006 0 0 0   -0.011 -0.02329  0.04412   0.0717686 -0.00916603  -0.0253742  0.000206068 -0.000304171  0.000261638  0.0509004  0.0673655 -0.0167068 -0.0772195 -0.0566613   -9.80853 
             187.401 -0.0757598   0.307994   -4.81382  0.234535 0.0682083   1.91007 0 0 0   -0.011 -0.02329  0.04412  0.0370913 0.00447637 -0.0168526   0.00019081 -0.000312566  0.000263373  0.0518674  0.0676353 -0.0170123 -0.0771897 -0.0563624   -9.80853 
             187.502 -0.145293  0.312787   -4.7948  0.236376 0.0621179   1.90978 0 0 0   -0.011 -0.02329  0.04412  0.0311742 -0.0243152 -0.0114073 0.000189349 -0.00033916 0.000248717  0.0517587  0.0684592 -0.0171806 -0.0774338  -0.056312   -9.80853 
             187.603 -0.248772  0.332273  -4.77348  0.243169 0.0607155   1.90921 0 0 0   -0.011 -0.02329  0.04412   0.0462309  -0.0224512 -0.00522296  0.000211164 -0.000371306  0.000240622  0.0513953  0.0681496 -0.0172447 -0.0773804  -0.056449   -9.80853 
             187.702 -0.315339  0.437147  -4.79032 0.246973 0.060476  1.91057 0 0 0   -0.011 -0.02329  0.04412  0.0495058 -0.0162158 0.00667277  0.000160639 -0.000397395  0.000234208  0.0516121  0.0679512 -0.0174519 -0.0772949 -0.0564089   -9.80853 
             187.802 -0.32205 0.515076 -4.81191  0.255927 0.0590814   1.91002 0 0 0   -0.011 -0.02329  0.04412  0.0702473 -0.0169633 0.00511659    0.0001719 -0.000412221  0.000220536  0.0511484   0.067727 -0.0172764 -0.0772855 -0.0565627   -9.80853 
             187.902 -0.318915  0.521664  -4.79998  0.26672 0.063204  1.91167 0 0 0   -0.011 -0.02329  0.04412 0.0888424 0.0128124 0.0217887  0.000141116 -0.000394374  0.000213438   0.050992  0.0669008 -0.0173559 -0.0770626 -0.0566888   -9.80853 
             188.003 -0.318231  0.460405   -4.8032  0.268431 0.0616991   1.91432 0 0 0   -0.011 -0.02329  0.04412   0.0642639 0.000346679   0.0255697  0.000126594 -0.000364534  0.000214022  0.0517346  0.0675961 -0.0174006 -0.0771823 -0.0564091   -9.80853 
             188.101 -0.343411  0.417797  -4.83194  0.272545 0.0642924   1.91609 0 0 0   -0.011 -0.02329  0.04412  0.058202 0.0116783 0.0281264  0.000153535 -0.000360804  0.000207599  0.0521023  0.0674019 -0.0172939 -0.0770985 -0.0563251   -9.80854 
             188.201 -0.36189 0.397163 -4.86635  0.285246 0.0626391   1.91639 0 0 0   -0.011 -0.02329  0.04412  0.0894776 0.00206947  0.0120304  0.000166411 -0.000382054  0.000230209 0.0511649 0.0674439 -0.017001 -0.0772227 -0.0565872   -9.80853 
             188.302 -0.388203    0.3619  -4.92483  0.291562 0.0623449   1.91484 0 0 0   -0.011 -0.02329  0.04412  0.0841595 0.00422807 -0.0058322   0.00018186 -0.000379604  0.000221652  0.0514594   0.067661 -0.0167167 -0.0772714 -0.0564839   -9.80853 
             188.402 -0.36903 0.324176 -4.98963  0.301201 0.0651414    1.9166 0 0 0   -0.011 -0.02329  0.04412  0.085787 0.0111732 0.0108886  0.000162611 -0.000397479  0.000247321 0.0514386 0.0673414 -0.016989 -0.0771669 -0.0565194   -9.80853 
             188.502 -0.284908  0.321157  -5.05095  0.311192 0.0666967   1.91891 0 0 0   -0.011 -0.02329  0.04412 0.0944249 0.0127661 0.0208344  0.000138415 -0.000421098  0.000280678  0.0513348  0.0672179 -0.0171095 -0.0771359 -0.0565606   -9.80853 
             188.603 -0.246827  0.392937  -5.10781  0.316636 0.0675225   1.91946 0 0 0   -0.011 -0.02329  0.04412 0.0784945 0.0103947 0.0091174  0.000153301 -0.000466425   0.00028589  0.0517918  0.0674222 -0.0169385 -0.0771534 -0.0564054   -9.80853 
             188.702 -0.20155 0.430498  -5.1576  0.330143 0.0717771   1.91872 0 0 0   -0.011 -0.02329  0.04412  0.0999736  0.0226531 0.00423727  0.000104829 -0.000468632   0.00026853  0.0513021  0.0667223 -0.0167642 -0.0770068 -0.0566362   -9.80853 
             188.802 -0.165103  0.408257  -5.19149  0.338186 0.0690741   1.91737 0 0 0   -0.011 -0.02329  0.04412   0.0861495 -0.00498458 -0.00137555  0.000107967 -0.000429402  0.000278657  0.0512608  0.0673842 -0.0165062 -0.0772273 -0.0565675   -9.80853 
             188.901 -0.210233  0.366606  -5.22907 0.344578 0.071895  1.91775 0 0 0   -0.011 -0.02329  0.04412   0.0720974   0.0112778 -0.00930744  0.000147204 -0.000457139  0.000271264  0.0516685  0.0671225 -0.0166445 -0.0770882 -0.0564755   -9.80853 
             189.002 -0.238175  0.326987  -5.27423  0.352837 0.0741893   1.91813 0 0 0   -0.011 -0.02329  0.04412   0.0780448   0.0149354 -0.00094191  0.000122204 -0.000468618  0.000282419  0.0516282  0.0669412 -0.0167702 -0.0770309 -0.0565131   -9.80853 
             189.103 -0.279463  0.264427  -5.30758 0.364042 0.077237    1.918 0 0 0   -0.011 -0.02329  0.04412  0.0897248  0.0248728 0.00177939  0.000137209 -0.000465976  0.000282963 0.0513052 0.0666012 -0.016729 -0.0769673 -0.0566596   -9.80853 
             189.203 -0.327513   0.19541  -5.36286  0.375151 0.0831022   1.91896 0 0 0   -0.011 -0.02329  0.04412 0.0947321 0.0354883 0.0048321  0.000121133 -0.000488245  0.000301721  0.0512137  0.0660506 -0.0168106 -0.0768008 -0.0567627   -9.80854 
             189.302 -0.328298   0.17076  -5.41339 0.388114 0.083426  1.91563 0 0 0   -0.011 -0.02329  0.04412   0.102625  0.0300563 -0.0141848  0.000101535 -0.000475624  0.000274809  0.0505367  0.0662426 -0.0163775 -0.0769694 -0.0569589   -9.80853 
             189.402 -0.325037   0.14164  -5.46158   0.39802 0.0873002   1.91575 0 0 0   -0.011 -0.02329  0.04412   0.0996152   0.0444123 -0.00870164  0.000118786 -0.000471122  0.000261189   0.050615  0.0661982 -0.0166069 -0.0769374 -0.0569355   -9.80853 
             189.502 -0.320321 0.0937579  -5.49249  0.406727 0.0871564   1.91472 0 0 0   -0.011 -0.02329  0.04412 0.0893418 0.0260672 -0.013623  8.24561e-05 -0.000461074  0.000264931  0.0504631  0.0667846 -0.0166074 -0.0771532 -0.0568999   -9.80853 
             189.601   -0.2703 0.0325848  -5.52903  0.413891 0.0909703   1.91313 0 0 0   -0.011 -0.02329  0.04412  0.0856188  0.0275798 -0.0146288  6.58527e-05 -0.000497475  0.000210597  0.0507773  0.0667128 -0.0166363 -0.0770822 -0.0568055   -9.80853 
             189.703   -0.260609 -0.00991758      -5.555  0.423675 0.0980992    1.9111 0 0 0   -0.011 -0.02329  0.04412  0.0798568   0.040626 -0.0174489  7.37609e-05 -0.000479685  0.000247091 0.0508485 0.0660851 -0.016586 -0.0768614 -0.0568782   -9.80853 
             189.802  -0.244241 -0.0627193   -5.62655 0.434624 0.100849  1.90619 0 0 0   -0.011 -0.02329  0.04412 0.0899281 0.0333697  -0.02766  6.79172e-05 -0.000510238  0.000259994  0.0504074  0.0660038 -0.0162059  -0.076903 -0.0570465   -9.80853 
             189.902 -0.264165 -0.137039  -5.61284 0.442089 0.102051  1.90659 0 0 0   -0.011 -0.02329  0.04412   0.0816759   0.0224653 -0.00778776  5.76749e-05 -0.000499574  0.000220453  0.0504612  0.0663185 -0.0165973 -0.0770029 -0.0569711   -9.80853 
             190.002 -0.301341  -0.26301  -5.72065 0.446233 0.102525  1.90647 0 0 0   -0.011 -0.02329  0.04412   0.0642174   0.0170646 -0.00948658  3.35975e-05 -0.000510818  0.000240889  0.0508414  0.0667858 -0.0167028 -0.0771031 -0.0567649   -9.80853 
             190.102 -0.354067 -0.329484   -5.8032 0.452931 0.106819   1.9033 0 0 0   -0.011 -0.02329  0.04412  0.0564767  0.0267434 -0.0201246  3.51522e-05 -0.000527433  0.000240882  0.0509528  0.0664325 -0.0164741 -0.0769587 -0.0567914   -9.80853 
             190.201 -0.394996 -0.367077  -5.88645 0.460546 0.114789  1.89982 0 0 0   -0.011 -0.02329  0.04412 0.0619991 0.0494038 -0.025118  7.98678e-05 -0.000485382   0.00026449  0.0510092  0.0656876 -0.0162882  -0.076684 -0.0569049   -9.80854 
             190.301 -0.419678 -0.466425  -5.96531 0.465264 0.123134   1.8971 0 0 0   -0.011 -0.02329  0.04412  0.0540193  0.0675355 -0.0260308  7.43799e-05 -0.000419457  0.000289127  0.0513515  0.0654193 -0.0162872 -0.0765288 -0.0568309   -9.80854 
             190.403 -0.448413  -0.57054  -5.89105 0.470976 0.122207  1.89794 0 0 0   -0.011 -0.02329  0.04412   0.0401092   0.0392396 -0.00621629 8.04322e-05 -0.00042917  0.00019625  0.0507127  0.0662669 -0.0167182 -0.0769648 -0.0568797   -9.80853 
             190.503 -0.434406 -0.636151  -6.06511 0.467688 0.131014  1.89828 0 0 0   -0.011 -0.02329  0.04412 0.00166865  0.0600011 0.00442637  8.49231e-05 -0.000383075  0.000245517  0.0518124  0.0661758 -0.0167949 -0.0767289 -0.0564933   -9.80854 
             190.601 -0.388285 -0.652855  -6.07475 0.466814 0.138009  1.89718 0 0 0   -0.011 -0.02329  0.04412 -0.0157979  0.0589339  0.0096885  9.12887e-05 -0.000378509  0.000237863  0.0519447  0.0660437 -0.0165672 -0.0766439 -0.0564871   -9.80854 
             190.702 -0.281786 -0.606263  -6.06501 0.467036 0.147221  1.89731 0 0 0   -0.011 -0.02329  0.04412 -0.0132498  0.0664764  0.0107419  6.62844e-05 -0.000422615  0.000235359   0.051955  0.0654587 -0.0164168 -0.0764182 -0.0566081   -9.80854 
             190.801 -0.162704 -0.515433  -6.06749 0.466784   0.1506  1.89525 0 0 0   -0.011 -0.02329  0.04412  -0.0140994   0.0516971 -0.00184874  7.02831e-05 -0.000444238  0.000221961  0.0516414  0.0657352 -0.0160489 -0.0765572 -0.0566964   -9.80854 
             190.901 -0.0879772  -0.420016   -6.06522 0.462282 0.160039  1.89462 0 0 0   -0.011 -0.02329  0.04412 -0.0352891  0.0687152 -0.0121446  4.43833e-05 -0.000484779  0.000250908  0.0522998  0.0654446 -0.0160568 -0.0763213 -0.0565103   -9.80854 
             191.001 -0.0705125  -0.346716   -6.08402 0.457962 0.164885  1.89387 0 0 0   -0.011 -0.02329  0.04412 -0.0416292  0.0580576 -0.0152701  2.71213e-05 -0.000488334  0.000297994  0.0522368  0.0656859 -0.0161332 -0.0764269 -0.0564837   -9.80854 
             191.102 -0.0843105  -0.383858   -6.15591 0.456632 0.170847  1.89286 0 0 0   -0.011 -0.02329  0.04412  -0.0394925     0.06146 -0.00977855  4.16662e-05 -0.000479393    0.0002867  0.0518515  0.0654818 -0.0161702 -0.0764284 -0.0566623   -9.80854 
             191.201 -0.135291 -0.443195  -6.19739 0.454251 0.174728   1.8917 0 0 0   -0.011 -0.02329  0.04412  -0.043374  0.0454787 -0.0126878  7.15937e-05 -0.000495036  0.000278188  0.0515002  0.0655895 -0.0161419 -0.0765346  -0.056771   -9.80854 
             191.302  -0.20118 -0.424604  -6.22399 0.449651 0.180643  1.88975 0 0 0   -0.011 -0.02329  0.04412  -0.0478105   0.0442557 -0.00850662  8.8286e-05 -0.00048998 0.000267823  0.0516128  0.0654013 -0.0160652 -0.0764384 -0.0567684   -9.80854 
             191.402 -0.195919 -0.358981  -6.20888 0.447792 0.186525     1.89 0 0 0   -0.011 -0.02329  0.04412  -0.0377955   0.0471101 -0.00765649  6.79119e-05 -0.000500268  0.000251633  0.0513186  0.0650301 -0.0161925 -0.0763666  -0.056949   -9.80854 
             191.502 -0.121361 -0.305949   -6.1919 0.434913 0.191532  1.88844 0 0 0   -0.011 -0.02329  0.04412 -0.0815297  0.0432403  -0.014608  6.73592e-05 -0.000466509  0.000275824  0.0523921  0.0656276 -0.0161261 -0.0763679 -0.0564298   -9.80854 
             191.601 -0.0476705  -0.271712   -6.16579 0.431056 0.195977  1.88618 0 0 0   -0.011 -0.02329  0.04412 -0.0696934  0.0333253 -0.0207239   9.2665e-05 -0.000464811  0.000275032  0.0519376  0.0652452 -0.0160345 -0.0763134  -0.056678   -9.80854 
             191.702 -0.0430316  -0.237267   -6.14351 0.425415 0.201371    1.884 0 0 0   -0.011 -0.02329  0.04412 -0.0718676  0.0355048 -0.0131912  0.000120766 -0.000485334  0.000305317  0.0519176  0.0648816 -0.0159813 -0.0761811 -0.0567581   -9.80854 
             191.802 -0.123161 -0.208427  -6.15529 0.417163 0.205913  1.88321 0 0 0   -0.011 -0.02329  0.04412  -0.0841213   0.0403436 -0.00949625  0.000125501 -0.000428537  0.000293393  0.0520691  0.0647927 -0.0160296 -0.0761211 -0.0567192   -9.80854 
             191.901 -0.179016 -0.221094  -6.15946 0.412742 0.212722  1.88393 0 0 0   -0.011 -0.02329  0.04412 -0.0769543  0.0522912 0.00854753  0.000111864 -0.000413919  0.000284952  0.0517576  0.0641444 -0.0161825  -0.075949 -0.0569562   -9.80854 
             192.002 -0.200433 -0.214916  -6.13583 0.402159 0.217283  1.88297 0 0 0   -0.011 -0.02329  0.04412  -0.0856842   0.0465135 -0.00521708  0.000124914 -0.000429902  0.000236812  0.0520247  0.0644114 -0.0159857 -0.0759898   -0.05681   -9.80854 
             192.106 -0.179511 -0.170232  -6.13401 0.398975  0.22499  1.88173 0 0 0   -0.011 -0.02329  0.04412 -0.0627595  0.0496222  -0.013248  0.000148489 -0.000438235  0.000212846  0.0515939  0.0637075 -0.0158957 -0.0758131 -0.0571051   -9.80854 
             192.201 -0.121806 -0.121796  -6.12253 0.393261 0.226847  1.88046 0 0 0   -0.011 -0.02329  0.04412  -0.0596698   0.0344582 -0.00852771  0.000155153 -0.000430483   0.00025012  0.0514153  0.0639795 -0.0158742  -0.075946 -0.0571186   -9.80854 
             192.301 -0.0220316  -0.124788   -6.10674 0.385713 0.230538  1.87935 0 0 0   -0.011 -0.02329  0.04412  -0.0673397   0.0316959 -0.00487483  0.000140497 -0.000428057  0.000266564 0.0516062 0.0640164 -0.015805 -0.0759222 -0.0570438   -9.80854 
             192.402  0.0459937 -0.0983259   -6.13735 0.377612 0.236146  1.87937 0 0 0   -0.011 -0.02329  0.04412   -0.0769463    0.0332775 -0.000816011  0.000158991 -0.000434229  0.000257049  0.0519339  0.0637597 -0.0158779 -0.0757708 -0.0569729   -9.80854 
             192.503  0.023051 -0.068357   -6.2182 0.368273 0.235217  1.87998 0 0 0   -0.011 -0.02329  0.04412  -0.0841989   0.0137575 -0.00101199   0.00018775 -0.000423492  0.000278921  0.0518373  0.0643149 -0.0159847 -0.0759907 -0.0569059   -9.80854 
             192.601 -0.0387189 -0.0211636   -6.20352 0.362268 0.241762  1.87946 0 0 0   -0.011 -0.02329  0.04412 -0.0793022  0.0296582 0.00481344  0.000194038 -0.000406196  0.000262857  0.0519059  0.0635134 -0.0159019 -0.0756864 -0.0570298   -9.80854 
             192.702 -0.0771266 -0.0458324   -6.21748 0.356003 0.245937  1.87963 0 0 0   -0.011 -0.02329  0.04412   -0.0677085    0.0342779 -0.000754671  0.000199164 -0.000378568  0.000260456  0.0517891  0.0632687 -0.0159228 -0.0756202 -0.0571189   -9.80854 
             192.802 -0.0943214 -0.0873484   -6.22997 0.347283 0.250948  1.87931 0 0 0   -0.011 -0.02329  0.04412 -0.0709226  0.0417621 0.00816047  0.000226006 -0.000391184  0.000251906  0.0521878  0.0632348 -0.0158639 -0.0755309 -0.0569796   -9.80854 
             192.903 -0.131779 -0.066698  -6.23976 0.340933 0.254901  1.88327 0 0 0   -0.011 -0.02329  0.04412 -0.0674315  0.0437525   0.024298 0.000232627 -0.00034683 0.000243404  0.0520535  0.0632379 -0.0162279 -0.0755628 -0.0570294   -9.80854 
             193.002  -0.155037 -0.0700669   -6.26075 0.333205 0.257318   1.8868 0 0 0   -0.011 -0.02329  0.04412 -0.0742634    0.03692  0.0285059  0.000249294 -0.000342842  0.000262456  0.0520235    0.06355 -0.0163521 -0.0756835 -0.0569808   -9.80854 
             193.102 -0.122658 -0.101475  -6.27247 0.328604 0.255484  1.88793 0 0 0   -0.011 -0.02329  0.04412 -0.0658146 0.00561051  0.0229906  0.000217198 -0.000329584  0.000251835  0.0513512  0.0639262 -0.0161127 -0.0759456 -0.0571545   -9.80854 
             193.202 -0.0307093  -0.131556    -6.2972 0.319632 0.261334  1.88908 0 0 0   -0.011 -0.02329  0.04412 -0.0632024  0.0193954  0.0184508  0.000198564 -0.000337071  0.000252212 0.0520496 0.0634921 -0.015984 -0.0756523 -0.0569842   -9.80854 
             193.303  0.0245163 -0.0761721   -6.33457 0.313124 0.260604  1.89079 0 0 0   -0.011 -0.02329  0.04412 -0.0544988 0.00558957  0.0281096  0.000183294 -0.000358323  0.000240885  0.0519477  0.0638002 -0.0159098 -0.0757832 -0.0569623   -9.80854 
             193.402 -0.00214243  -0.0200619    -6.34433 0.304974 0.268662  1.89498 0 0 0   -0.011 -0.02329  0.04412 -0.0609449  0.0361561  0.0409349    0.0001712 -0.000337874  0.000247952  0.0528347  0.0630938 -0.0160828  -0.075355 -0.0567755   -9.80855 
             193.502 -0.0195309 -0.0607161   -6.38146 0.295391 0.266621   1.8975 0 0 0   -0.011 -0.02329  0.04412 -0.0767734  0.0149148  0.0260579  0.000167809 -0.000322798  0.000281595  0.0528385  0.0640283 -0.0159115  -0.075694 -0.0565891   -9.80854 
             193.602 -0.0263377  -0.164551   -6.39314 0.286309 0.270361  1.89935 0 0 0   -0.011 -0.02329  0.04412 -0.0861846  0.0262475  0.0270476   0.00013197 -0.000317391  0.000263366  0.0531401  0.0638772 -0.0157966 -0.0755774 -0.0565069   -9.80855 
             193.701 -0.0359615  -0.252364   -6.41029 0.281944 0.274617  1.90251 0 0 0   -0.011 -0.02329  0.04412 -0.067111 0.0330554  0.032486  0.000166211 -0.000321092  0.000233162  0.0527542  0.0634184 -0.0158771 -0.0754865 -0.0567409   -9.80855 
             193.802 -0.0470678  -0.244647   -6.42209 0.275237 0.274359  1.90286 0 0 0   -0.011 -0.02329  0.04412 -0.0697132    0.01403  0.0233903  0.000187547 -0.000313856  0.000246339  0.0525076  0.0638122 -0.0155204 -0.0756714 -0.0567529   -9.80854 
             193.902 0.00263741  -0.165114   -6.42304 0.265026 0.275256  1.90686 0 0 0   -0.011 -0.02329  0.04412 -0.0874647 0.00623028  0.0272014  0.000182494 -0.000302156  0.000273332  0.0528426  0.0640598 -0.0157532 -0.0757042 -0.0565785   -9.80854 
             194.001  0.0791759 -0.0850274   -6.44722 0.258811 0.273312   1.9106 0 0 0   -0.011 -0.02329  0.04412 -0.0705873  -0.017055  0.0242434   0.00018759 -0.000288795  0.000311625  0.0524084  0.0641339 -0.0158867 -0.0758224 -0.0567232   -9.80854 
             194.101   0.142191 -0.0126993    -6.5083 0.250224 0.274311  1.91271 0 0 0   -0.011 -0.02329  0.04412 -0.0744961 -0.0126308  0.0246175  0.000208173 -0.000281538  0.000311786  0.0527543  0.0639051 -0.0158351 -0.0756684 -0.0566409   -9.80854 
             194.204  0.122108 0.0480954  -6.56488  0.24703 0.275763  1.91574 0 0 0   -0.011 -0.02329  0.04412  -0.0452676 3.96582e-05   0.0285633  0.000202511 -0.000314702  0.000306252  0.0525035  0.0633157 -0.0158922 -0.0755023 -0.0568536   -9.80854 
             194.303 0.0837825 0.0980188  -6.60384 0.239573 0.276788  1.91783 0 0 0   -0.011 -0.02329  0.04412  -0.0541178 -0.00402924   0.0169191  0.000180019 -0.000299138  0.000329923  0.0529632  0.0633595 -0.0158597  -0.075423 -0.0566717   -9.80855 
             194.402 0.0372165 0.0964142  -6.63877 0.233881 0.275787  1.91835 0 0 0   -0.011 -0.02329  0.04412  -0.0578258 -0.00674309   -0.107017  0.000208228 -0.000291366  0.000305896  0.0529607  0.0634422 -0.0160978 -0.0754572 -0.0566628   -9.80855 
             194.502 -0.116772  0.131074  -6.66456 0.225104 0.276502   1.8972 0 0 0   -0.011 -0.02329  0.04412 -0.0619699 0.00147355   -0.31222  0.000227473 -0.000305263  0.000346903  0.0534645  0.0635259 -0.0159216 -0.0753805 -0.0564496   -9.80855 
             194.603 -0.148916 0.0621264  -6.69639 0.218017 0.275445  1.85365 0 0 0   -0.011 -0.02329  0.04412  -0.0562186 -0.00257419   -0.487338  0.000182607 -0.000298583  0.000313831 0.0535181 0.0637964 -0.015385 -0.0754719 -0.0563607   -9.80855 
             194.701 -0.051322 -0.110055  -6.72424 0.213513 0.274787  1.79762 0 0 0   -0.011 -0.02329  0.04412 -0.0558203 -0.0105865  -0.642716  0.000166546 -0.000261024  0.000296398  0.0533757  0.0637193 -0.0151732 -0.0754751 -0.0564298   -9.80855 
             194.802 0.0752767 -0.282582  -6.73387 0.205967 0.273242  1.72651 0 0 0   -0.011 -0.02329  0.04412 -0.0759122 -0.0201621  -0.738242   0.00017564 -0.000252769  0.000273188 0.0535315 0.0639019 -0.014872 -0.0755107 -0.0563296   -9.80855 
             194.901  0.141625 -0.354443  -6.74275 0.199086 0.269426   1.6645 0 0 0   -0.011 -0.02329  0.04412 -0.0694966 -0.0369856  -0.508031  0.000189257 -0.000241371  0.000286681  0.0533553  0.0640211 -0.0155053 -0.0756111 -0.0563705   -9.80855 
             195.001 0.0656359 -0.263619  -6.75116 0.190182 0.264975  1.63764 0 0 0   -0.011 -0.02329  0.04412 -0.0787317 -0.0407048  -0.213683  0.000199826 -0.000274522  0.000299074   0.053456  0.0641754 -0.0172303 -0.0757237 -0.0563001   -9.80855 
             195.101 -0.0680878 -0.0543419   -6.76661 0.181212 0.263952  1.63462 0 0 0   -0.011 -0.02329  0.04412 -0.0884094 -0.0293271  0.0175346  0.000193899 -0.000261461  0.000292715  0.0537096  0.0638272 -0.0184149 -0.0755966 -0.0562823   -9.80855 
             195.202 -0.124911  0.067542  -6.80703 0.174238  0.26768  1.64315 0 0 0   -0.011 -0.02329  0.04412 -0.0740834  0.0031755   0.173236 0.000165643 -0.00027235 0.000292775 0.0539987  0.063009 -0.018409 -0.0752208  -0.056352   -9.80855 
             195.302 -0.132577  0.156231  -6.81336 0.169032 0.265127  1.65663 0 0 0   -0.011 -0.02329  0.04412 -0.0586192 -0.0060003   0.232728  0.000167423 -0.000282599  0.000314254 0.0535877 0.0631916 -0.017462  -0.075368 -0.0564673   -9.80855 
             195.402 -0.0872536   0.164582    -6.8228 0.164797 0.266981  1.68034 0 0 0   -0.011 -0.02329  0.04412 -0.0470551 0.00754129   0.277453   0.00016706 -0.000277498  0.000314422 0.0535911 0.0628207 -0.017207 -0.0752277 -0.0565469   -9.80855 
             195.501 0.0150335  0.164073  -6.83801 0.158275 0.264751  1.70628 0 0 0   -0.011 -0.02329  0.04412  -0.0493563 -0.00602657    0.298651  0.000136229 -0.000276818  0.000319232 0.0535835 0.0633062  -0.01684 -0.0754204 -0.0564385   -9.80855 
             195.602 0.135416 0.162871 -6.86809 0.149129 0.260953  1.73488 0 0 0   -0.011 -0.02329  0.04412 -0.0741699 -0.0267262   0.308619  0.000107929 -0.000277352  0.000320925  0.0538255  0.0639164 -0.0165057 -0.0756045 -0.0562051   -9.80855 
             195.701  0.19028 0.149293 -6.87146  0.14436 0.258486  1.76193 0 0 0   -0.011 -0.02329  0.04412 -0.0681608 -0.0312906   0.290483  8.95173e-05 -0.000315505  0.000327737  0.0535558  0.0636343 -0.0161045  -0.075559 -0.0563605   -9.80855 
             195.802 0.216328 0.189066  -6.8857 0.139425 0.258073  1.78877 0 0 0   -0.011 -0.02329  0.04412  -0.055123 -0.0216602   0.268302 8.71598e-05 -0.00036388 0.000301099 0.0535735 0.0632182 -0.015873 -0.0753948 -0.0564387   -9.80855 
             195.902 0.159706  0.23006 -6.89516 0.135847 0.254567  1.81824 0 0 0   -0.011 -0.02329  0.04412 -0.0392488 -0.0325375   0.275114  0.000130243 -0.000365368   0.00027583  0.0533269  0.0632183 -0.0162508 -0.0754542 -0.0565496   -9.80855 
             196.001 0.118455 0.224485 -6.87067 0.130578 0.250379  1.84477 0 0 0   -0.011 -0.02329  0.04412 -0.0422246  -0.046759   0.263624  0.000111575 -0.000324395  0.000282791  0.0534644  0.0633953 -0.0162145 -0.0754909 -0.0564552   -9.80855 
             196.101 0.0852643  0.180516   -6.8585 0.127783 0.241249  1.86912 0 0 0   -0.011 -0.02329  0.04412 -0.0369893  -0.074011   0.239086 0.000136808 -0.00029705 0.000272602  0.0530474  0.0637257 -0.0160621 -0.0757109 -0.0565341   -9.80854 
             196.202 0.0170758  0.138218  -6.96602 0.124332 0.241974   1.8908 0 0 0   -0.011 -0.02329  0.04412 -0.0315847  -0.048108   0.196986  0.000160761 -0.000320376  0.000317079  0.0536354  0.0627772 -0.0159324 -0.0752197 -0.0565143   -9.80855 
             196.302 -0.106348  0.106442   -6.8119 0.122503 0.241748  1.90734 0 0 0   -0.011 -0.02329  0.04412 -0.0188682 -0.0336749    0.16868  0.000171245 -0.000311071  0.000234233  0.0538763  0.0621684 -0.0156247 -0.0749351 -0.0565469   -9.80855 
             196.403 -0.225266  0.122109  -6.80125 0.120885 0.235178  1.92625 0 0 0   -0.011 -0.02329  0.04412 -0.0161969 -0.0377525   0.150675 0.000159567 -0.00030384 0.000240308  0.0535558  0.0625587 -0.0160217 -0.0751526 -0.0565903   -9.80855 
             196.503 -0.261892  0.127444  -6.79297 0.111698 0.228909  1.94119 0 0 0   -0.011 -0.02329  0.04412 -0.0389445 -0.0393136    0.13506  0.000118351 -0.000280197  0.000256183   0.054243  0.0634166 -0.0161344 -0.0753274 -0.0561473   -9.80855 
             196.602 -0.216521   0.17279  -6.81236 0.106839 0.227267  1.95299 0 0 0   -0.011 -0.02329  0.04412 -0.0375434 -0.0268671    0.11276  0.000117186 -0.000238078  0.000259133  0.0545412  0.0632608 -0.0160471 -0.0752081 -0.0560686   -9.80855 
             196.702 -0.146067   0.18162  -6.86781 0.109663 0.226672  1.96344 0 0 0   -0.011 -0.02329  0.04412 -0.00278846  -0.0147087   0.0918042  0.000137589 -0.000245972  0.000249499  0.0539163  0.0625888 -0.0160801 -0.0750865 -0.0564412   -9.80855 
             196.803 -0.0733241   0.192616   -6.91148 0.109619  0.22224   1.9705 0 0 0   -0.011 -0.02329  0.04412 -0.00253272  -0.0240122   0.0690293  0.000113756 -0.000266431  0.000272577  0.0536621  0.0629227 -0.0158518  -0.07527 -0.056466  -9.80855 
             196.901 -0.0264842    0.20451    -6.9421 0.107084 0.221315   1.9786 0 0 0   -0.011 -0.02329  0.04412 -0.00515361  -0.0259315    0.063666  0.000106604 -0.000265667  0.000256058  0.0540955  0.0629289 -0.0160958 -0.0751755 -0.0563042   -9.80855 
             197.002 -0.0136073    0.21737   -6.94795 0.102403 0.215542  1.98523 0 0 0   -0.011 -0.02329  0.04412 -0.0150835 -0.0534179  0.0525194  0.000110154 -0.000270549  0.000238004  0.0544355  0.0635113 -0.0162428 -0.0753197 -0.0560517   -9.80855 
             197.102 -0.0662974   0.222665   -6.94493 0.106249 0.208776   1.9891 0 0 0   -0.011 -0.02329  0.04412  0.0156503 -0.0668027  0.0352428  0.000130526 -0.000287332  0.000239753  0.0537511  0.0632804 -0.0161677 -0.0753828 -0.0563603   -9.80855 
             197.202 -0.151798  0.179299  -6.93268  0.10255 0.207344  1.99167 0 0 0   -0.011 -0.02329  0.04412 -0.00134541  -0.0481158   0.0322877  0.000108777 -0.000275833  0.000232515  0.0547646  0.0630802 -0.0160635 -0.0750876 -0.0560176   -9.80855 
             197.307 -0.202342  0.100735  -6.89826  0.10383 0.203923  1.99369 0 0 0   -0.011 -0.02329  0.04412 0.00270791 -0.0383565  0.0163044  8.03719e-05 -0.000252067  0.000217611  0.0547148  0.0627873 -0.0159623 -0.0749894  -0.056098   -9.80855 
             197.402  -0.231735 -0.0227679   -6.84861 0.100796  0.20261   1.9981 0 0 0   -0.011 -0.02329  0.04412 -0.0115017  -0.023576  0.0225423   9.4698e-05 -0.000240716  0.000205266  0.0552608  0.0627686 -0.0164011 -0.0748576 -0.0558984   -9.80856 
             197.502 -0.212409 -0.105301  -6.83219 0.0986205  0.200007   2.00014 0 0 0   -0.011 -0.02329  0.04412 -0.0186899  -0.018313  0.0259764  0.00011696 -0.00025178 0.000215244  0.0553194  0.0628731 -0.0163378 -0.0748852  -0.055855   -9.80856 
             197.605 -0.176596 -0.117971   -6.8185 0.0965337  0.200103   2.00422 0 0 0   -0.011 -0.02329  0.04412  -0.0236312 -0.00565861   0.0274346   0.00010341 -0.000242798  0.000222965  0.0554491  0.0626629 -0.0165461 -0.0747802 -0.0558472   -9.80856 
             197.701 -0.173769 -0.116479  -6.84548 0.0959003  0.200893    2.0063 0 0 0   -0.011 -0.02329  0.04412 -0.0136133 0.00874899  0.0216407  0.000157814 -0.000266847  0.000244912  0.0553429  0.0624509 -0.0164734  -0.074723 -0.0559304   -9.80856 
             197.801  -0.154004 -0.0860665   -6.86888 0.097101 0.197655   2.0047 0 0 0   -0.011 -0.02329  0.04412 -0.00217049  -0.0132743   0.0101681  0.000197767 -0.000263415  0.000246164  0.0547933  0.0626905 -0.0160152 -0.0749149 -0.0560918   -9.80855 
             197.901  -0.137637 -0.0527289   -6.89483 0.0969562  0.196803   2.00911 0 0 0   -0.011 -0.02329  0.04412  0.00204398 -0.00813613   0.0246062  0.000191316 -0.000243539  0.000249779  0.0547937  0.0626526 -0.0164717  -0.074907 -0.0560939   -9.80855 
             198.001 -0.0873449 -0.0382086   -6.90311 0.091705 0.191762   2.0108 0 0 0   -0.011 -0.02329  0.04412  -0.018749 -0.0222806   0.021202  0.000176376 -0.000245294  0.000225191  0.0551386  0.0635811 -0.0164185 -0.0751787 -0.0557789   -9.80855 
             198.101  -0.048703 -0.0181001   -6.91072 0.0930172  0.188749   2.01285 0 0 0   -0.011 -0.02329  0.04412 -0.0018138 -0.0280279   0.023438  0.000144372 -0.000257592  0.000224041 0.0547576 0.0634514 -0.016342 -0.0752081 -0.0559467   -9.80855 
             198.201  0.0403608 -0.0345457   -6.92783 0.0898284   0.18913    2.0131 0 0 0   -0.011 -0.02329  0.04412 -0.0139165 -0.0146705  0.0137284  5.86606e-05 -0.000229617  0.000229117 0.0553229 0.0632929 -0.016095 -0.0750319 -0.0557705   -9.80855 
             198.301   0.149012 -0.0875191     -6.916 0.084242 0.187411  2.01092 0 0 0   -0.011 -0.02329  0.04412  -0.0312631  -0.0167892 -0.00679553 3.25671e-05 -0.00022843  0.00020295  0.0557895  0.0636373 -0.0156628 -0.0750595 -0.0555262   -9.80856 
             198.401  0.188332 -0.070651  -6.93387 0.0846315  0.184005   2.01157 0 0 0   -0.011 -0.02329  0.04412 -0.0271548 -0.0289389 -0.0037903 4.78411e-05 -0.00024766 0.000209607  0.0552394  0.0635165 -0.0158484 -0.0751314  -0.055757   -9.80855 
             198.502   0.198673 -0.0227492   -6.91712 0.0816496  0.179237   2.01249 0 0 0   -0.011 -0.02329  0.04412   -0.0243868   -0.0450738 -0.000361919   7.5776e-05 -0.000267686  0.000193642  0.0552133  0.0637016 -0.0160381 -0.0752106 -0.0557329   -9.80855 
             198.603 0.196694 0.054114  -6.9268 0.0757467  0.173415    2.0128 0 0 0   -0.011 -0.02329  0.04412  -0.0364294  -0.0497025 -0.00122366  2.23376e-05 -0.000269843  0.000215685  0.0555387  0.0640851 -0.0160881 -0.0752873 -0.0555363   -9.80855 
             198.701 0.168299 0.127648 -6.94261 0.0750769  0.174531   2.01277 0 0 0   -0.011 -0.02329  0.04412  -0.0332115  -0.0369915 -0.00835814  1.54966e-05 -0.000281375  0.000216796  0.0556141  0.0630785 -0.0161234 -0.0749038 -0.0557125   -9.80856 
             198.802 0.0656289  0.140252  -6.93945 0.0722009  0.168202   2.00952 0 0 0   -0.011 -0.02329  0.04412 -0.0279804 -0.0545702 -0.0168455   4.4025e-05 -0.000291505  0.000250234  0.0553922   0.063305 -0.0158299 -0.0750262 -0.0557379   -9.80855 
             198.902 -0.0615092   0.133162   -6.96144 0.0707319  0.162511   2.01266 0 0 0   -0.011 -0.02329  0.04412 -0.0223631 -0.0662841 0.00982309  7.62072e-05 -0.000255322  0.000272932  0.0552333  0.0631552 -0.0163949 -0.0750065 -0.0558463   -9.80855 
             199.001 -0.211934  0.134463  -6.99115 0.0654134  0.159626   2.01356 0 0 0   -0.011 -0.02329  0.04412 -0.0405293 -0.0508732 0.00924622  9.44891e-05 -0.000249157  0.000327844   0.055818   0.062949 -0.0163854 -0.0748144 -0.0556732   -9.80856 
             199.101 -0.314136  0.131664  -7.04394 0.0648023  0.152894   2.01247 0 0 0   -0.011 -0.02329  0.04412 -0.0260373 -0.0498964 -0.0092632  9.65264e-05 -0.000230813  0.000344321  0.0552922   0.062901 -0.0161901 -0.0749038 -0.0558725   -9.80855 
             199.203 -0.358151    0.1553  -7.09695 0.0658675  0.149489   2.01064 0 0 0   -0.011 -0.02329  0.04412  0.0030354 -0.0329487 -0.0194415  7.75735e-05 -0.000230458  0.000371692  0.0550127  0.0625313 -0.0161371 -0.0748255 -0.0560505   -9.80855 
             199.302 -0.366581  0.194662  -7.13417 0.0640115  0.151849   2.00806 0 0 0   -0.011 -0.02329  0.04412 -0.00370214 -0.00954649  -0.0203662 7.76016e-05 -0.00020682 0.000335156  0.0556728  0.0620847 -0.0160638 -0.0745249 -0.0558995   -9.80856 
             199.402 -0.313503  0.196221  -7.15226 0.0673635  0.147348   2.01132 0 0 0   -0.011 -0.02329  0.04412  0.0196716 -0.0196177 0.00399561  6.81643e-05 -0.000203035  0.000350148  0.0550362  0.0622585 -0.0167325 -0.0747017 -0.0560887   -9.80856 
             199.502 -0.287355  0.189748  -7.16649 0.0632279  0.147891   2.01399 0 0 0   -0.011 -0.02329  0.04412  0.00111518 -0.00964716  0.00587978  7.77497e-05 -0.000201141    0.0003996  0.0560057  0.0624561 -0.0170336 -0.0745571  -0.055678   -9.80856 
             199.602 -0.320618  0.165252  -7.16775 0.0650662  0.142883   2.01303 0 0 0   -0.011 -0.02329  0.04412  0.00284565  -0.0287925 -0.00407779  9.96582e-05 -0.000217198  0.000378406  0.0554904  0.0627305 -0.0168464 -0.0747766 -0.0558143   -9.80856 
             199.702 -0.40493 0.153769 -7.19218 0.0612519  0.144333   2.01381 0 0 0   -0.011 -0.02329  0.04412 -0.0129503 -0.0125901 0.00454365  0.000131486 -0.000272759  0.000386106  0.0563033  0.0625649 -0.0169836 -0.0745355 -0.0555436   -9.80856 
             199.803 -0.467301  0.169545  -7.18943 0.0612977  0.141043   2.01318 0 0 0   -0.011 -0.02329  0.04412 -0.00885786   -0.015682 -0.00205497  0.000112551 -0.000291487  0.000374157  0.0559661  0.0627068 -0.0168743 -0.0746645 -0.0556412   -9.80856 
             199.902 -0.458096  0.213883  -7.15498 0.0638044  0.143535   2.01663 0 0 0   -0.011 -0.02329  0.04412 0.00798397 0.00661127  0.0167847  0.000122668 -0.000302084  0.000388184  0.0558538  0.0620364 -0.0173307 -0.0744211 -0.0558173   -9.80856 
             200.002 -0.427536  0.257505  -7.13677 0.064211 0.147066  2.01926 0 0 0   -0.011 -0.02329  0.04412 0.00801728  0.0178391  0.0334487  0.000133538 -0.000307151  0.000339549  0.0561393  0.0617524 -0.0173763 -0.0742519 -0.0557701   -9.80856 
             200.102 -0.370745  0.243803  -7.11038 0.0641491  0.145794   2.02298 0 0 0   -0.011 -0.02329  0.04412 0.00708086 0.00675117  0.0376816  0.000147643 -0.000302768  0.000324199  0.0560306  0.0621899 -0.0174011 -0.0744369 -0.0557175   -9.80856 
             200.202 -0.324157  0.228038  -7.07695 0.0677895   0.14162   2.02449 0 0 0   -0.011 -0.02329  0.04412  0.0233651 -0.0113394  0.0307467  0.000147514 -0.000319597  0.000342891  0.0553523  0.0625412 -0.0170943 -0.0747221 -0.0559008   -9.80856 
             200.303 -0.273829  0.219189  -7.06709 0.0690171  0.142302   2.02301 0 0 0   -0.011 -0.02329  0.04412   0.0166718 -0.00114462    0.014668  0.000156873 -0.000327331  0.000349874 0.0555801 0.0623866 -0.016529 -0.0746421 -0.0558548   -9.80856 
             200.402 -0.229142  0.216214    -7.061 0.0728333  0.148639   2.02522 0 0 0   -0.011 -0.02329  0.04412  0.0204141  0.0119627 0.00861205  0.000124478 -0.000324862  0.000343934  0.0557718  0.0614094 -0.0166706 -0.0742421 -0.0559796   -9.80856 
             200.502 -0.164867  0.228172   -7.0772 0.07266 0.14961 2.02584 0 0 0   -0.011 -0.02329  0.04412 0.00981461  0.0142906 0.00849804  0.000136808 -0.000332152  0.000335055 0.0560082 0.0616023 -0.016646 -0.0742664 -0.0558555   -9.80856 
             200.602 -0.115415  0.243202  -7.09433 0.0741848  0.153754   2.02571 0 0 0   -0.011 -0.02329  0.04412  0.00798625   0.0189687 -0.00266442  0.000117692 -0.000352434  0.000354341  0.0561616  0.0612083 -0.0165773 -0.0740951 -0.0558771   -9.80856 
             200.701 -0.073652  0.257364  -7.13152 0.0783246  0.151677   2.02566 0 0 0   -0.011 -0.02329  0.04412    0.0158521 -0.000783383 -0.000507646  0.000123694 -0.000349315  0.000369788  0.0555116  0.0613799 -0.0166148 -0.0742838 -0.0560794   -9.80856 
             200.803 -0.145794  0.232678   -7.1582 0.0838192  0.153266    2.0239 0 0 0   -0.011 -0.02329  0.04412    0.033732  0.00757495 -0.00862197  0.000144191 -0.000307855  0.000352268  0.0551784  0.0609291 -0.0164491 -0.0741897 -0.0562867   -9.80856 
             200.901 -0.236633  0.213707  -7.15881 0.0897229   0.15449   2.02653 0 0 0   -0.011 -0.02329  0.04412  0.0517619 0.00590641 0.00723341  0.000112213 -0.000302385  0.000320277 0.0550109 0.0607049 -0.016908 -0.0741307 -0.0564013   -9.80856 
             201.002 -0.273093  0.208008  -7.14064 0.0919928  0.159135   2.02896 0 0 0   -0.011 -0.02329  0.04412  0.0519367  0.0290316 0.00691891  0.000141913 -0.000297278  0.000313782  0.0556637  0.0605249 -0.0171541 -0.0739257  -0.056201   -9.80856 
             201.102 -0.338805  0.175806   -7.1143 0.0927674  0.160206   2.02952 0 0 0   -0.011 -0.02329  0.04412  0.0346816  0.0275463 0.00841455  0.000191541 -0.000282295  0.000312546  0.0559749   0.061076 -0.0171589 -0.0740644 -0.0559755   -9.80856 
             201.202  -0.35741 0.0855393   -7.0639 0.0966428  0.161241   2.03059 0 0 0   -0.011 -0.02329  0.04412  0.033082 0.0125751 0.0117891   0.00019733 -0.000270338  0.000281878  0.0558349  0.0611762 -0.0171891 -0.0741278 -0.0560064   -9.80856 
             201.301 -0.341916 0.0483745  -7.01778  0.10047 0.165371  2.03057 0 0 0   -0.011 -0.02329  0.04412 0.0340095 0.0293699 0.0108267  0.000203176 -0.000265676  0.000262512  0.0559363  0.0608509 -0.0170237  -0.073995 -0.0560354   -9.80856 
             201.402 -0.364979 0.0537068  -6.99395 0.107059 0.167508    2.035 0 0 0   -0.011 -0.02329  0.04412 0.0407083 0.0239622 0.0310934  0.000237088 -0.000266647  0.000287276 0.0555045 0.0607267  -0.01744 -0.0740241 -0.0562046   -9.80856 
             201.501 -0.366798 0.0545903  -6.98308 0.105896 0.173085  2.03977 0 0 0   -0.011 -0.02329  0.04412 0.0099294 0.0468946 0.0415407  0.000220311 -0.000227179  0.000289738  0.0562435  0.0607371 -0.0176004 -0.0738893 -0.0559383   -9.80856 
             201.603  -0.38205 0.0771777  -7.00449 0.107415 0.172941  2.04046 0 0 0   -0.011 -0.02329  0.04412  0.012389 0.0345835 0.0199537  0.000231078 -0.000231134  0.000282019  0.0558694  0.0613141 -0.0171897 -0.0741664 -0.0559757   -9.80856 
             201.702 -0.430792 0.0876928  -7.04054 0.111744 0.179308   2.0387 0 0 0   -0.011 -0.02329  0.04412   0.0159459   0.0461616 -0.00334542   0.00023287 -0.000193621  0.000279394   0.055674  0.0607031 -0.0167802 -0.0739957 -0.0561647   -9.80856 
             201.802 -0.474474  0.041517  -7.07273 0.115582 0.183932  2.03632 0 0 0   -0.011 -0.02329  0.04412   0.0202978   0.0506612 -0.00128805  0.000258793 -0.000156644  0.000281501  0.0553429  0.0605309 -0.0165166 -0.0740017 -0.0563196   -9.80856 
             201.902   -0.4889 0.0112535  -7.08872 0.120404 0.187707  2.04192 0 0 0   -0.011 -0.02329  0.04412 0.0303683 0.0452155 0.0264735  0.000278649 -0.000201663  0.000281688  0.0549466  0.0605109 -0.0172374 -0.0740484 -0.0564407   -9.80856 
             202.003  -0.519245 0.00294771   -7.07799 0.118882 0.189738  2.04402 0 0 0   -0.011 -0.02329  0.04412 0.00798005  0.0424687  0.0208636   0.00029284 -0.000202696  0.000252407  0.0552635  0.0611434 -0.0171968 -0.0742146 -0.0562117   -9.80856 
             202.101  -0.514082 0.00462253   -7.08054 0.122938 0.195122  2.04504 0 0 0   -0.011 -0.02329  0.04412 0.0207599 0.0476686 0.0143997   0.00025909 -0.000212447  0.000255637  0.0549174  0.0607668 -0.0171132 -0.0741475 -0.0564087   -9.80856 
             202.203   -0.5552 0.0359595  -7.07908 0.132496 0.204003  2.04585 0 0 0   -0.011 -0.02329  0.04412 0.0435339 0.0640067  0.011014  0.000314434 -0.000215432  0.000265673  0.0543072  0.0598526 -0.0170458 -0.0739387  -0.056797   -9.80856 
             202.302 -0.586746 0.0629121  -7.07201 0.134323 0.210047  2.04346 0 0 0   -0.011 -0.02329  0.04412   0.0422239   0.0706379 -0.00267428  0.000292311 -0.000239896  0.000265326  0.0546097  0.0600962 -0.0166409 -0.0739786 -0.0566647   -9.80856 
             202.403 -0.557297 0.0744504  -7.10403 0.133012 0.217741  2.04811 0 0 0   -0.011 -0.02329  0.04412 0.0206563 0.0705129 0.0194402  0.000294902 -0.000272315  0.000264897  0.0552807  0.0604389 -0.0172644 -0.0739591 -0.0563357   -9.80856 
             202.502    -0.552 0.0670706  -7.12702 0.133471 0.223218  2.05022 0 0 0   -0.011 -0.02329  0.04412 0.0021674 0.0697439 0.0182375  0.000321828 -0.000284867  0.000273358   0.055315  0.0607319 -0.0173218 -0.0740542 -0.0562673   -9.80856 
             202.601 -0.525852 0.0331527  -7.22648 0.137804 0.236386  2.05049 0 0 0   -0.011 -0.02329  0.04412  0.012624 0.0918106 0.0173423  0.000301866 -0.000266375  0.000330174  0.0552516   0.059671 -0.0171057 -0.0736991  -0.056494   -9.80856 
             202.701 -0.459984  -0.01408  -7.14787 0.144241 0.240909  2.05434 0 0 0   -0.011 -0.02329  0.04412 0.0351493 0.0725184 0.0216968   0.00032332 -0.000212675   0.00026885  0.0543497  0.0598826 -0.0173928 -0.0739323 -0.0567606   -9.80856 
             202.802    -0.4002 -0.0942601   -7.17019  0.14826 0.249694  2.05303 0 0 0   -0.011 -0.02329  0.04412  0.0375783  0.0773536 0.00493568  0.000311364 -0.000196411  0.000312961  0.0543839  0.0596705 -0.0169952 -0.0738611 -0.0568042   -9.80856 
             202.903 -0.331175 -0.116671  -7.17201 0.149093 0.256367  2.05675 0 0 0   -0.011 -0.02329  0.04412 0.0294241 0.0748424 0.0210054  0.000263772 -0.000220356  0.000293792  0.0546726  0.0600226 -0.0173803 -0.0739263 -0.0566222   -9.80856 
             203.003 -0.296995 -0.112342  -7.16552 0.147564 0.264071  2.06076 0 0 0   -0.011 -0.02329  0.04412 0.0046888 0.0755812 0.0331808 0.000270816 -0.00021604 0.000309656 0.0551398  0.060295 -0.017571 -0.0739347 -0.0563994   -9.80856 
             203.101 -0.264795 -0.112201  -7.14786 0.151285 0.271408  2.06273 0 0 0   -0.011 -0.02329  0.04412 0.0184007 0.0700426 0.0355433  0.000255965 -0.000191808   0.00029502  0.0548064  0.0600392 -0.0174094  -0.073906 -0.0565695   -9.80856 
             203.201 -0.141332   -0.1073  -7.16522 0.152338 0.281327  2.06243 0 0 0   -0.011 -0.02329  0.04412 0.0179695 0.0793052 0.0173777  0.000205042 -0.000210489  0.000354604  0.0551191  0.0597469 -0.0169596 -0.0737429 -0.0565249   -9.80856 
             203.302 -0.0768918 -0.0937433   -7.17386 0.154609 0.289883  2.06031 0 0 0   -0.011 -0.02329  0.04412  0.0165753  0.0769573 0.00266639  0.000241018 -0.000216657  0.000371681 0.0550939 0.0596236 -0.016484 -0.0736996 -0.0565656   -9.80856 
             203.403 -0.0503282 -0.0868136   -7.21212 0.156387 0.297052   2.0633 0 0 0   -0.011 -0.02329  0.04412 0.0147906  0.070638 0.0038349  0.000222004 -0.000227122  0.000361765  0.0550485  0.0596376 -0.0168918 -0.0737194 -0.0565762   -9.80856 
             203.501 -0.0150787  -0.114877   -7.26136 0.154327 0.301793  2.06247 0 0 0   -0.011 -0.02329  0.04412 0.000720667   0.0650928 -0.00132851  0.00022445 -0.00019621 0.000376631 0.0552977 0.0601744 -0.016754 -0.0738595 -0.0563909   -9.80856 
             203.602 0.0221258 -0.145691  -7.20042 0.155125 0.309697  2.06177 0 0 0   -0.011 -0.02329  0.04412 -0.000569048    0.0691792  -0.00862392 0.000217965 -0.00021988 0.000352194  0.0552783   0.059917 -0.0167309 -0.0737718 -0.0564455   -9.80856 
             203.703 0.0308687 -0.145497  -7.21011 0.150824 0.323851  2.06236 0 0 0   -0.011 -0.02329  0.04412 -0.0220634  0.0990687 0.00341964  0.000246052 -0.000237606  0.000350193  0.0562149  0.0593643 -0.0168946 -0.0734055 -0.0562186   -9.80856 
             203.803 0.0441597 -0.101686   -7.1593 0.148295 0.329152  2.05908 0 0 0   -0.011 -0.02329  0.04412  -0.0270186   0.0785425 -0.00961715  0.000262906 -0.000231859  0.000319639 0.0559481 0.0599125  -0.01644 -0.0736343 -0.0562067   -9.80856 
             203.902  0.0743871 -0.0387969   -7.12371 0.152056 0.333172   2.0613 0 0 0   -0.011 -0.02329  0.04412 0.00193976  0.0613076 0.00178839  0.000213793 -0.000242465  0.000340731 0.0549651 0.0598885  -0.01688 -0.0738181 -0.0565605   -9.80856 
             204.001  0.172421 0.0411439  -7.07553 0.146834 0.334007  2.06124 0 0 0   -0.011 -0.02329  0.04412  -0.0187781   0.0328946 -0.00202837  0.000203968 -0.000249515  0.000348577  0.0552589  0.0608174 -0.0168617 -0.0740864 -0.0562954   -9.80856 
             204.103 0.203858 0.100885 -7.06244  0.14646 0.338053  2.06025 0 0 0   -0.011 -0.02329  0.04412  -0.0075953   0.0245189 -0.00449364  0.000197343 -0.000233845  0.000362244  0.0552055   0.060597 -0.0167658 -0.0740184 -0.0563489   -9.80856 
             204.203 0.175878  0.11243 -7.08184 0.148349  0.34309  2.05982 0 0 0   -0.011 -0.02329  0.04412 -0.00563972   0.0300769 -0.00537317  0.000185473 -0.000225803  0.000381198  0.0550512    0.06006 -0.0167611  -0.073863 -0.0564896   -9.80856 
             204.302   0.14768 0.0824032  -7.08252 0.146673 0.350772  2.05532 0 0 0   -0.011 -0.02329  0.04412 -0.0130663  0.0474475 -0.0208537  0.000197022 -0.000214075  0.000392328  0.0554899  0.0596087 -0.0162846 -0.0736339 -0.0563964   -9.80856 
             204.402  0.0624053 0.00987235   -7.08709 0.150493 0.355463  2.05636 0 0 0   -0.011 -0.02329  0.04412  0.0103329  0.0465674 -0.0111528  0.000210434 -0.000226092  0.000387391  0.0549236  0.0592646 -0.0167517 -0.0736162 -0.0566623   -9.80856 
             204.502 -0.0131745 -0.0211849   -7.07992 0.148684 0.352607  2.05663 0 0 0   -0.011 -0.02329  0.04412  0.00249353  0.00846744 -0.00320643  0.000219534 -0.000181463  0.000373363  0.0547847   0.060289 -0.0169206 -0.0739857 -0.0565455   -9.80856 
             204.602 -0.0607901 -0.0172409   -7.06509 0.143295 0.351756  2.05775 0 0 0   -0.011 -0.02329  0.04412  -0.0206453 -0.00435002  0.00500608  0.000231979 -0.000204045   0.00035433 0.0553419  0.060823 -0.017071 -0.0740751 -0.0562731   -9.80856 
             204.702 -0.0745806  0.0469627   -7.03236 0.141908 0.358715   2.0564 0 0 0   -0.011 -0.02329  0.04412   -0.016173   0.0214128 -0.00890426  0.000266611 -0.000189961  0.000341836   0.055742  0.0599527 -0.0168604 -0.0737153 -0.0562787   -9.80856 
             204.802 -0.129952 0.0693677  -7.00412 0.141148 0.360323  2.05162 0 0 0   -0.011 -0.02329  0.04412 -0.0179546   0.014979 -0.0306516  0.000312652 -0.000169999  0.000316221  0.055615 0.0599289 -0.016427 -0.0737245 -0.0563203   -9.80856 
             204.902 -0.207296 0.0868528  -6.94756 0.141243 0.363527  2.05212 0 0 0   -0.011 -0.02329  0.04412 -0.00971421   0.0220123  -0.0221819  0.000326581 -0.000158706  0.000331828  0.0555124  0.0596168 -0.0169329 -0.0736372 -0.0564076   -9.80856 
             205.001 -0.250155  0.108502  -6.90251 0.137674 0.362542  2.05301 0 0 0   -0.011 -0.02329  0.04412  -0.0224717    0.015591 -0.00499878  0.000346679 -0.000186196  0.000332337 0.0555777 0.0601854 -0.017285 -0.0738101 -0.0563009   -9.80856 
             205.102 -0.278121  0.110252  -6.87177 0.137976 0.366292  2.05349 0 0 0   -0.011 -0.02329  0.04412  -0.0176936   0.0265692 0.000584556  0.000375743 -0.000160161  0.000334166 0.0553963 0.0598143 -0.017389 -0.0737165 -0.0564132   -9.80856 
             205.202  -0.27363 0.0824572  -6.86104 0.139122 0.367479  2.05467 0 0 0   -0.011 -0.02329  0.04412 -0.00754688   0.0220203  -0.0013668  0.000384328 -0.000160001  0.000334339  0.0549722  0.0598038 -0.0175796 -0.0737704 -0.0565475   -9.80856 
             205.301 -0.220902 0.0841334  -6.82411 0.139484 0.371624   2.0501 0 0 0   -0.011 -0.02329  0.04412 -0.00607212   0.0321709  -0.0194197  0.000352896 -0.000131844  0.000282577  0.0549397  0.0595033 -0.0170787 -0.0736899  -0.056605   -9.80856 
             205.401 -0.222942  0.109697  -6.81193 0.138897 0.375027  2.05379 0 0 0   -0.011 -0.02329  0.04412 -0.00680464   0.0303926   0.0045108  0.000388567 -0.000154075  0.000278966 0.0549545 0.0594827 -0.017812 -0.0736685 -0.0565958   -9.80856 
             205.502 -0.238507  0.182688  -6.77509 0.137346 0.377133  2.05595 0 0 0   -0.011 -0.02329  0.04412 -0.012884 0.0239935 0.0137627 0.000379775 -0.00016194 0.000272906  0.054991 0.0596582 -0.017987 -0.0737153 -0.0565595   -9.80856 
             205.603 -0.232339  0.238196  -6.73956  0.13556 0.376911  2.05611 0 0 0   -0.011 -0.02329  0.04412 -0.0116719  0.0136231   0.016515  0.000351111 -0.000175656  0.000278051  0.0549197  0.0600016 -0.0178035 -0.073833 -0.056537  -9.80856 
             205.702 -0.19989 0.282613  -6.7339 0.139621 0.380681  2.05876 0 0 0   -0.011 -0.02329  0.04412 0.0207884 0.0178063  0.015536  0.000310082 -0.000172022  0.000263448  0.0545208  0.0594471 -0.0179206 -0.0737136 -0.0567274   -9.80856 
             205.801 -0.164469  0.286334   -6.7102 0.143072  0.38584  2.05447 0 0 0   -0.011 -0.02329  0.04412  0.0316114  0.0257581 -0.0213787  0.000279737 -0.000154245  0.000248815  0.0546026  0.0589488 -0.0172907 -0.0735744 -0.0567655   -9.80856 
             205.903 -0.0689008   0.203235   -6.68653 0.143203  0.38741  2.05735 0 0 0   -0.011 -0.02329  0.04412   0.0181511   0.0204676 -0.00153227  0.000293824 -0.000140161  0.000231674  0.0548903  0.0592717 -0.0179682 -0.0736103 -0.0566445   -9.80856 
             206.002 -0.011799 0.0965204  -6.64796 0.141015 0.388929  2.05856 0 0 0   -0.011 -0.02329  0.04412 -0.0064685  0.0182399 0.00289447  0.000299129 -0.000123321  0.000224343  0.0553227  0.0594979 -0.0181471 -0.0736193 -0.0564919   -9.80856 
             206.101 0.0405458 0.0386182  -6.59043 0.146064 0.390996  2.06205 0 0 0   -0.011 -0.02329  0.04412 0.0137031 0.0160708 0.0223988  0.000283444 -0.000175737  0.000208246  0.0546768  0.0591392 -0.0184877  -0.073585 -0.0567286   -9.80856 
             206.202  0.081558 0.0623667  -6.54072 0.146171 0.394271  2.06292 0 0 0   -0.011 -0.02329  0.04412  0.0024692  0.0172574 0.00605481  0.000294443 -0.000217354  0.000216308  0.0548868  0.0589593 -0.0183986 -0.0735095  -0.056687   -9.80856 
             206.302 0.122601 0.107822 -6.62869 0.146137 0.395444  2.05957 0 0 0   -0.011 -0.02329  0.04412  0.000640542 -0.000593762  -0.00202775  0.000275132 -0.000196376  0.000260405  0.0549049  0.0589826 -0.0178846 -0.0735092 -0.0566671   -9.80856 
             206.402 0.156037 0.164745 -6.56023 0.147331 0.391034  2.06268 0 0 0   -0.011 -0.02329  0.04412 0.00723645 -0.0267788 0.00332976  0.000278931 -0.000223322  0.000241894  0.0546109  0.0593583 -0.0183591 -0.0736491 -0.0567245   -9.80856 
             206.501  0.16323 0.183198 -6.57342 0.150747 0.388573  2.06466 0 0 0   -0.011 -0.02329  0.04412  0.0171605 -0.0282826  0.0073498  0.000260754 -0.000266381  0.000247846  0.0543225  0.0591896 -0.0185632 -0.0736342 -0.0568307   -9.80856 
             206.602 0.127362 0.185679 -6.57674 0.152081  0.39158  2.06746 0 0 0   -0.011 -0.02329  0.04412  0.0213031 -0.0118472  0.0161683  0.000290485 -0.000256386  0.000265341  0.0547244  0.0584693 -0.0187949 -0.0733928 -0.0568053   -9.80856 
             206.702 0.0726211  0.174151   -6.6131 0.155734  0.39259  2.06824 0 0 0   -0.011 -0.02329  0.04412   0.030451 -0.0105344  0.0150226  0.000273821 -0.000313857   0.00028882   0.054683   0.058126 -0.0186836 -0.0733025 -0.0568477   -9.80856 
             206.801 0.0162819   0.18965  -6.60909 0.153647 0.391034  2.06692 0 0 0   -0.011 -0.02329  0.04412  0.0122433 -0.0166642  0.0079919 0.000276135 -0.00032082 0.000301058 0.0552563 0.0584471 -0.018316 -0.0733326 -0.0566403   -9.80856 
             206.902 -0.0174612   0.140728   -6.59568 0.158603 0.390384  2.07097 0 0 0   -0.011 -0.02329  0.04412  0.0341219 -0.0200247  0.0188423  0.000269816 -0.000287037  0.000299137   0.054943   0.058139 -0.0187404 -0.073277 -0.056774  -9.80856 
             207.006 -0.0319947   0.075842   -6.56622 0.158756 0.388394  2.06882 0 0 0   -0.011 -0.02329  0.04412    0.01805 -0.0189628  -0.131474  0.000282953 -0.000276312  0.000319804  0.0553134  0.0582835 -0.0186994 -0.0732783 -0.0566546   -9.80856 
             207.102 -0.158576 0.0163851   -6.5679 0.158049 0.384788  2.04371 0 0 0   -0.011 -0.02329  0.04412  0.0142523 -0.0280378  -0.361671  0.000321726 -0.000271617  0.000290004  0.055526 0.0586459 -0.018233 -0.0733593 -0.0565489   -9.80856 
             207.201  -0.144506 -0.0791374   -6.55311 0.161857 0.388425  1.99443 0 0 0   -0.011 -0.02329  0.04412   0.024093 0.00455766  -0.560916  0.000330852 -0.000268759  0.000314891  0.0555436  0.0577976 -0.0175385 -0.0731271 -0.0566235   -9.80856 
             207.302 -0.0119102  -0.188074   -6.51721 0.163615 0.383878  1.92531 0 0 0   -0.011 -0.02329  0.04412  0.0185912 -0.0154314    -0.7163  0.000272925 -0.000287417  0.000313887  0.0553677  0.0584061 -0.0167046 -0.0733056 -0.0566099   -9.80856 
             207.406  0.160228 -0.269706  -6.49822 0.164789 0.382959  1.85143 0 0 0   -0.011 -0.02329  0.04412 0.00664947 -0.0197913  -0.779108   0.00028016 -0.000281216  0.000299218  0.0554502  0.0583057 -0.0172789 -0.0732831  -0.056595   -9.80856 
             207.502  0.274747 -0.258266  -6.47824 0.165072 0.380723  1.78822 0 0 0   -0.011 -0.02329  0.04412 0.000257804  -0.0233758   -0.570917  0.00028673 -0.00033615 0.000313716  0.0554292  0.0583295 -0.0180439  -0.073321 -0.0566033   -9.80856 
             207.602   0.21368 -0.135997  -6.47788 0.162987 0.379201  1.75462 0 0 0   -0.011 -0.02329  0.04412 -0.00644182  -0.0213633   -0.283994  0.000306727 -0.000308924  0.000333569  0.0556434  0.0582516 -0.0196496 -0.0733662 -0.0565895   -9.80856 
             207.702 0.0360375 0.0251449  -6.49149 0.162998 0.370506  1.74591 0 0 0   -0.011 -0.02329  0.04412 -0.0115706 -0.0455689 -0.0465477  0.000322279 -0.000288196  0.000319709  0.0551778  0.0588893 -0.0210146  -0.073646 -0.0566983   -9.80856 
             207.802 -0.12374 0.140208 -6.53161 0.162291 0.368923  1.75092 0 0 0   -0.011 -0.02329  0.04412 -0.0105847 -0.0293806   0.105168  0.000338994 -0.000274156  0.000335864  0.0552203  0.0585214 -0.0214809 -0.0735622 -0.0567365   -9.80856 
             207.901 -0.223962  0.194797  -6.53624 0.161148 0.370243  1.76582 0 0 0   -0.011 -0.02329  0.04412 -7.33711e-05   -0.0131281     0.205156  0.000360546 -0.000267172  0.000295547  0.0554742  0.0580554 -0.0215202 -0.0734166 -0.0567142   -9.80856 
             208.003 -0.158533  0.223305  -6.51426 0.160844 0.365975  1.78642 0 0 0   -0.011 -0.02329  0.04412 -0.00317491  -0.0316049    0.253856  0.000314407 -0.000292291  0.000265295  0.0553881   0.058387 -0.0211547  -0.073517 -0.0567019   -9.80856 
             208.101 -0.0714535   0.229925   -6.48289 0.163862 0.361511  1.80884 0 0 0   -0.011 -0.02329  0.04412  0.0143695 -0.0414533   0.274419  0.000338526 -0.000301101  0.000289528  0.0549532  0.0583528 -0.0206417 -0.0735608 -0.0568189   -9.80856 
             208.201 -0.0293611   0.247679   -6.41862 0.163402 0.361941  1.83313 0 0 0   -0.011 -0.02329  0.04412 0.00287882  -0.024287   0.267799  0.000332041 -0.000336634  0.000255743  0.0553825   0.057879 -0.0201803  -0.073409 -0.0567472   -9.80856 
             208.301 0.0164553  0.255864  -6.38012 0.162564 0.361024  1.85851 0 0 0   -0.011 -0.02329  0.04412 0.00371649   -0.02488   0.263808   0.00030888 -0.000314176  0.000259214  0.0555871  0.0577088 -0.0199852 -0.0733519  -0.056707   -9.80856 
             208.401 0.0429124  0.257007  -6.37886 0.164836 0.356658  1.88504 0 0 0   -0.011 -0.02329  0.04412  0.0127929 -0.0330858   0.266578  0.000281711 -0.000311706  0.000290959 0.0553285 0.0578445  -0.02001 -0.0734066 -0.0567606   -9.80856 
             208.501 0.00730052   0.251654   -6.40287 0.164232 0.351676  1.91123 0 0 0   -0.011 -0.02329  0.04412  0.0115641 -0.0383977   0.252782  0.000268817 -0.000301242  0.000296599  0.0555137  0.0581674 -0.0200204 -0.0734703   -0.05669   -9.80856 
             208.601 -0.0647062   0.241815   -6.42708  0.16669 0.350149  1.93533 0 0 0   -0.011 -0.02329  0.04412  0.0198933 -0.0374617   0.237584 0.000283075 -0.00028479 0.000336645   0.055488  0.0577924 -0.0199419 -0.0733827 -0.0567238   -9.80856 
             208.702 -0.142485  0.169164  -6.45523 0.171438  0.34988   1.9558 0 0 0   -0.011 -0.02329  0.04412  0.0345512 -0.0115045   0.199413  0.000270001 -0.000259031  0.000311045  0.0553467  0.0573275 -0.0196466 -0.0732869  -0.056788   -9.80856 
             208.801 -0.149845 0.0790904  -6.48473 0.174624   0.3448  1.97263 0 0 0   -0.011 -0.02329  0.04412  0.0328759 -0.0288208   0.178767 0.000254728  -0.0002388 0.000303615   0.055187  0.0578068 -0.0193622 -0.0734258 -0.0567826   -9.80856 
             208.901   -0.140781 -0.00218982    -6.48035  0.17316 0.339663  1.99314 0 0 0   -0.011 -0.02329  0.04412   0.008295 -0.0416649   0.169954  0.000256896 -0.000240963  0.000323529  0.0556175   0.058269 -0.0198339 -0.0734977 -0.0566369   -9.80856 
             209.004  -0.128859 -0.0298557   -6.46713 0.173645  0.33566   2.0074 0 0 0   -0.011 -0.02329  0.04412 0.00725666 -0.0403048   0.140908  0.000275149 -0.000266918  0.000314633  0.0556846  0.0582612 -0.0195659 -0.0734917 -0.0566207   -9.80856 
             209.103   -0.106547 9.78169e-05    -6.45114 0.175787 0.332987  2.01972 0 0 0   -0.011 -0.02329  0.04412  0.0117739 -0.0405879   0.120642  0.000232258 -0.000269344  0.000302427   0.055564  0.0580072 -0.0194437 -0.0734375 -0.0566734   -9.80856 
             209.202 -0.067596  0.071494  -6.42331 0.176552 0.331118  2.03051 0 0 0   -0.011 -0.02329  0.04412  0.0139193 -0.0376619  0.0980656  0.000253801 -0.000267031  0.000265276  0.0557257  0.0577591 -0.0194115 -0.0733613 -0.0566541   -9.80856 
             209.302 -0.131602  0.143628  -6.44386 0.175411 0.330467  2.03464 0 0 0   -0.011 -0.02329  0.04412 0.00711328 -0.0207907  0.0565985  0.000271509 -0.000281445  0.000262469  0.0561285  0.0575586 -0.0188028 -0.0732745  -0.056569   -9.80856 
             209.402 -0.215774  0.188123  -6.33818 0.183335 0.327294  2.04276 0 0 0   -0.011 -0.02329  0.04412  0.0422933 -0.0296343  0.0586264  0.000253654 -0.000316322  0.000220045  0.0552715   0.057341 -0.0192098 -0.0732891 -0.0568001   -9.80856 
             209.501 -0.242668   0.19552  -6.27433  0.18332 0.322675  2.04774 0 0 0   -0.011 -0.02329  0.04412  0.0266247 -0.0307447  0.0416999  0.000265328 -0.000304804  0.000208022  0.0556835  0.0577544 -0.0192219 -0.0733565 -0.0566682   -9.80856 
             209.602 -0.241474  0.108021  -6.18959 0.186058 0.324505  2.05187 0 0 0   -0.011 -0.02329  0.04412   0.0254933 -0.00633735   0.0281965  0.000283337 -0.000252057  0.000191437  0.0558609  0.0571962 -0.0192898 -0.0732116 -0.0566673   -9.80856 
             209.702 -0.141006 0.0311406  -6.09818  0.18903 0.322447  2.05404 0 0 0   -0.011 -0.02329  0.04412   0.0186138 -0.00878013    0.015973  0.000242562 -0.000286333   0.00021314  0.0557356  0.0573498 -0.0192761 -0.0732547 -0.0566852   -9.80856 
             209.801 -0.0232437  0.0311571   -6.11268  0.18675 0.321534  2.05278 0 0 0   -0.011 -0.02329  0.04412 -0.000419658   -0.0184993 -0.000875984  0.000292736 -0.000292887  0.000234143   0.056193   0.057492 -0.0189463 -0.0732622 -0.0565826   -9.80856 
             209.901 0.0998698  0.113548  -6.04104 0.185498  0.31765  2.05736 0 0 0   -0.011 -0.02329  0.04412 -0.00464282  -0.0265549   0.0131087  0.000260236 -0.000310426  0.000212225  0.0562767  0.0577783 -0.0196068 -0.0733174 -0.0565523   -9.80856 
             210.002 0.176885 0.223714  -6.0298 0.185629 0.312971  2.05855 0 0 0   -0.011 -0.02329  0.04412 0.00353269 -0.0333913 0.00424593  0.000257851 -0.000294039  0.000170396  0.0561548  0.0579821 -0.0196551 -0.0733649 -0.0565669   -9.80856 
             210.101 0.127402 0.305695  -6.0266 0.195287 0.311166  2.05748 0 0 0   -0.011 -0.02329  0.04412  0.0403644 -0.0277935 -0.0118887  0.000268931 -0.000287036  0.000182746  0.0551298  0.0574571 -0.0195324 -0.0733133 -0.0567938   -9.80856 
             210.201 0.0391235  0.331712  -6.00213 0.196907 0.307722  2.05634 0 0 0   -0.011 -0.02329  0.04412  0.0312902 -0.0336535 -0.0136737 0.000288861 -0.00031777 0.000165142   0.055384  0.0576191 -0.0195758 -0.0733319 -0.0567381   -9.80856 
             210.302 -0.00252107    0.282002    -5.95637 0.197666 0.309938  2.05251 0 0 0   -0.011 -0.02329  0.04412  0.0239235  -0.015562 -0.0241407   0.00029806 -0.000304514  0.000162309   0.055849  0.0570144 -0.0192942 -0.0731997  -0.056665   -9.80856 
             210.402 0.0446979  0.226249  -5.94463 0.202172 0.304128  2.05446 0 0 0   -0.011 -0.02329  0.04412   0.0292049  -0.0324491 -0.00411511  0.000300312 -0.000316036  0.000190275 0.0554591 0.0574062 -0.019855 -0.0732742 -0.0567406   -9.80856 
             210.501 0.0583308  0.212738  -5.91422 0.202383 0.296561  2.05509 0 0 0   -0.011 -0.02329  0.04412     0.019331   -0.0484927 -0.000774136  0.000312951 -0.000298912  0.000205409  0.0555956  0.0580336 -0.0199694 -0.0733802 -0.0566922   -9.80856 
             210.603 0.0374702  0.177667  -5.90112 0.207262 0.292015  2.05474 0 0 0   -0.011 -0.02329  0.04412   0.0372002  -0.0450809 -0.00746746  0.000321786 -0.000274387  0.000191981  0.0552841  0.0578879 -0.0199797 -0.0733666 -0.0567543   -9.80856 
             210.702 0.0663854  0.121317   -5.9216 0.209036 0.293105  2.05349 0 0 0   -0.011 -0.02329  0.04412   0.0306911  -0.0300894 -0.00672123  0.000282821 -0.000251916  0.000165008  0.0557115  0.0572623 -0.0199367 -0.0732393 -0.0567022   -9.80856 
             210.802  0.163177 0.0322882  -5.92219 0.214154 0.284637  2.05014 0 0 0   -0.011 -0.02329  0.04412  0.0356568 -0.0516952 -0.0128079 0.000265682 -0.00021377 0.000182235  0.0552616  0.0578643 -0.0195714 -0.0733689 -0.0567473   -9.80856 
             210.903   0.220834 -0.0324906   -5.92176 0.216815  0.28235  2.05332 0 0 0   -0.011 -0.02329  0.04412  0.0355618 -0.0426589  0.0133865  0.000231059 -0.000210379  0.000194647  0.0554785   0.057495 -0.0201438 -0.0732941 -0.0567417   -9.80856 
             211.001   0.266958 -0.0371827   -5.87589 0.216688 0.275072  2.05441 0 0 0   -0.011 -0.02329  0.04412  0.0195977 -0.0564481 0.00949667  0.000195387 -0.000243096  0.000205076  0.0558137  0.0579936 -0.0201091 -0.0733682 -0.0566617   -9.80856 
             211.102   0.305792 -0.0148123   -5.86688  0.21598 0.268544  2.05478 0 0 0   -0.011 -0.02329  0.04412 -0.000580679   -0.0618456   0.00816399 0.000203472  -0.0002404 0.000189106  0.0560327  0.0581489 -0.0200096 -0.0733846 -0.0566134   -9.80856 
             211.201   0.273218 -0.0360493   -5.84472 0.217319 0.265061  2.05419 0 0 0   -0.011 -0.02329  0.04412 0.00513544 -0.0561014  0.0059248  0.000203681 -0.000240229  0.000177861  0.0559599  0.0577339 -0.0198415 -0.0733122  -0.056633   -9.80856 
             211.302   0.209935 -0.0346475   -5.81089 0.219849 0.255381  2.05177 0 0 0   -0.011 -0.02329  0.04412   0.0192643  -0.0832907 -0.00544063  0.000187961 -0.000205151  0.000161287  0.0556243  0.0581474 -0.0194935 -0.0733841 -0.0566561   -9.80856 
             211.402   0.143334 -0.0679805   -5.78406 0.222518 0.247957  2.05467 0 0 0   -0.011 -0.02329  0.04412  0.0253574 -0.0822055  0.0207628  0.000189214 -0.000169423  0.000144967  0.0555567  0.0579653 -0.0198837 -0.0733659 -0.0566925   -9.80856 
             211.502 0.0755138 -0.205383  -5.76422 0.225769 0.243191  2.05672 0 0 0   -0.011 -0.02329  0.04412  0.0332793 -0.0701878  0.0196337  0.000184676 -0.000120693  0.000112763   0.055608  0.0575444 -0.0198651 -0.0732962 -0.0566972   -9.80856 
             211.601 0.00136268  -0.360958   -5.69275 0.227342 0.235738  2.05763 0 0 0   -0.011 -0.02329  0.04412  0.0159233 -0.0783304  0.0173899  0.000188479 -0.000109099  9.58511e-05  0.0557492  0.0576577 -0.0197305 -0.0733061 -0.0566672   -9.80856 
             211.702 -0.0417266  -0.455756   -5.63137 0.223512 0.228446  2.05859 0 0 0   -0.011 -0.02329  0.04412 -0.00610446  -0.0721008   0.0159046  0.000186249 -7.43237e-05  0.000123651  0.0564106  0.0577263 -0.0196261 -0.0732931 -0.0565623   -9.80856 
             211.801 -0.00750356   -0.513309    -5.55873 0.221446 0.222208  2.05512 0 0 0   -0.011 -0.02329  0.04412 -0.0185637 -0.0650359 -0.0110186  0.000199596 -6.54467e-05  0.000110704  0.0566064  0.0576862 -0.0190459 -0.0732496  -0.056533   -9.80856 
             211.901 0.00781762  -0.522338   -5.59277 0.217125 0.218645  2.05741 0 0 0   -0.011 -0.02329  0.04412 -0.0408317   -0.05399 0.00728025   0.00021497 -9.96196e-05  0.000146049  0.0568879  0.0573903 -0.0194937 -0.0732376 -0.0565006   -9.80856 
             212.002 0.00128518  -0.496709   -5.59307 0.212024 0.211614  2.06045 0 0 0   -0.011 -0.02329  0.04412 -0.0528872  -0.062237  0.0135632  0.000205336 -0.000109466  0.000150025  0.0568816  0.0575709 -0.0197866 -0.0732845 -0.0564972   -9.80856 
             212.102 -0.00263232   -0.462355    -5.58595 0.20527 0.20394 2.06238 0 0 0   -0.011 -0.02329  0.04412    -0.0671 -0.0680607  0.0208156  0.000232184 -0.000101188  0.000155118  0.0569422  0.0577719 -0.0198342 -0.0733127 -0.0564856   -9.80856 
             212.203 -0.0557094  -0.404057   -5.60496 0.206796 0.197725  2.06442 0 0 0   -0.011 -0.02329  0.04412 -0.0396022 -0.0664759  0.0143316  0.000234259 -0.000140387   0.00018201  0.0559734  0.0574577 -0.0198008 -0.0732891 -0.0566145   -9.80856 
             212.302 -0.0940524  -0.292167   -5.61758 0.198142 0.196291  2.06137 0 0 0   -0.011 -0.02329  0.04412  -0.0642579  -0.0488807 -0.00113571  0.000237114 -0.000176306  0.000189032  0.0567228  0.0569545 -0.0192617 -0.0731715 -0.0565301   -9.80856 
             212.401  -0.10374 -0.240385  -5.60363 0.193815 0.187011  2.06458 0 0 0   -0.011 -0.02329  0.04412 -0.0565325  -0.066952  0.0187035   0.00025494 -0.000154859  0.000204879   0.056335  0.0574136 -0.0196679 -0.0732633 -0.0565689   -9.80856 
             212.504 -0.149297 -0.233753  -5.59651 0.190227 0.181988  2.06665 0 0 0   -0.011 -0.02329  0.04412 -0.0498834 -0.0515437  0.0159037   0.00024272 -0.000129165  0.000211227  0.0561423  0.0571588 -0.0196953 -0.0732352 -0.0565991   -9.80856 
             212.603 -0.170007 -0.216267  -5.55801 0.180916 0.176688  2.06655 0 0 0   -0.011 -0.02329  0.04412 -0.0669512 -0.0596746 0.00463537  0.000222233 -9.73166e-05  0.000165574  0.0566599    0.05727 -0.0195534 -0.0732339  -0.056531   -9.80856 
             212.701 -0.159027 -0.216847  -5.51656 0.174161 0.170747  2.06739 0 0 0   -0.011 -0.02329  0.04412 -0.0704366 -0.0646778 0.00614984  0.00019871 -8.6099e-05 0.000121293  0.0566722  0.0572602 -0.0196103 -0.0732342 -0.0565288   -9.80856 
             212.802  -0.10716 -0.230825  -5.45448 0.167138 0.167875  2.06412 0 0 0   -0.011 -0.02329  0.04412 -0.0659564 -0.0459302 -0.0161267 0.000197198 -0.00010986 0.000135936  0.0568063  0.0568387 -0.0191448 -0.0731648 -0.0565266   -9.80856 
             212.902 -0.0923431  -0.273466   -5.39808 0.160792 0.163787  2.06649 0 0 0   -0.011 -0.02329  0.04412  -0.0585354  -0.0495879 -0.00137606  0.000178284 -7.56817e-05  0.000154748  0.0567783  0.0567608 -0.0196556 -0.0731734 -0.0565244   -9.80856 
             213.003 -0.0642179  -0.307974   -5.34584 0.155373 0.158641   2.0661 0 0 0   -0.011 -0.02329  0.04412  -0.0540755   -0.052672 -0.00228582  0.000177358 -7.58066e-05  0.000148804  0.0566903  0.0567511 -0.0196522 -0.0731733 -0.0565339   -9.80856 
             213.103 -0.0956875  -0.293741   -5.34531 0.146472 0.153414  2.06679 0 0 0   -0.011 -0.02329  0.04412 -0.0701762  -0.056456 0.00316214  0.000216144 -9.08939e-05  0.000173961 0.0571187 0.0568006 -0.019764 -0.0731787 -0.0564905   -9.80856 
             213.202 -0.174444 -0.252306  -5.37249 0.142509  0.15062  2.06771 0 0 0   -0.011 -0.02329  0.04412 -0.0585977 -0.0361206 0.00779727  0.000198684 -0.000102642  0.000182221 0.0568113 0.0564628  -0.01981 -0.0731519 -0.0565218   -9.80856 
             213.301 -0.198392 -0.214535  -5.40078 0.132755 0.152089  2.06285 0 0 0   -0.011 -0.02329  0.04412  -0.081227  -0.019821 -0.0133111  0.000167613 -6.61687e-05   0.00017858  0.0573462  0.0559426 -0.0190921 -0.0730679 -0.0564811   -9.80857 
             213.402 -0.183776 -0.213295  -5.44812 0.123007 0.141816  2.06353 0 0 0   -0.011 -0.02329  0.04412  -0.0828826  -0.0530016 -0.00433187  0.000136142 -7.23931e-05  0.000183198  0.0573712  0.0569564 -0.0193874 -0.0731746 -0.0564654   -9.80856 
             213.502 -0.149034 -0.196616   -5.4701 0.114441 0.138256  2.06258 0 0 0   -0.011 -0.02329  0.04412  -0.0782312  -0.0501078 -0.00788927  0.000118136 -3.45133e-05  0.000164889  0.0575128  0.0567355 -0.0193353 -0.0731491 -0.0564543   -9.80856 
             213.601 -0.120928 -0.174499  -5.48836 0.10533 0.13866 2.06176 0 0 0   -0.011 -0.02329  0.04412 -0.0883097   -0.03173 -0.0104465  0.000121175 -4.10974e-05   0.00015148 0.0578161 0.0561325 -0.019329 -0.0730812 -0.0564293   -9.80857 
             213.703 -0.131926  -0.16009  -5.54657 0.0964476  0.137108   2.05962 0 0 0   -0.011 -0.02329  0.04412 -0.0856552 -0.0146575 -0.0207176  0.000117331 -1.12149e-05   0.00017463  0.0578429  0.0559892 -0.0192135 -0.0730621 -0.0564297   -9.80857 
             213.802 -0.130103 -0.149207  -5.48883 0.0877382  0.133632   2.05372 0 0 0   -0.011 -0.02329  0.04412 -0.0880811 -0.0248158 -0.0476395 0.000125442 -3.3383e-05 0.000176473  0.0578248  0.0562234 -0.0187864 -0.0730779 -0.0564326   -9.80857 
             213.902 -0.127314 -0.106677  -5.50342 0.0826641  0.131365   2.05302 0 0 0   -0.011 -0.02329  0.04412 -0.0706029 -0.0235522 -0.0297235   0.00011302 -2.52281e-05  0.000172508  0.0573731  0.0560878 -0.0193178 -0.0730817  -0.056481   -9.80857 
             214.001 -0.0815756 -0.0205408   -5.51768 0.0720826  0.126865    2.0535 0 0 0   -0.011 -0.02329  0.04412 -0.0885273 -0.0316749 -0.0182205  0.000108861 -4.74142e-05  0.000175635  0.0577623  0.0564436 -0.0197563 -0.0731257 -0.0564285   -9.80857 
             214.102 -0.0494794  0.0300235   -5.54817 0.0648312  0.123742   2.05319 0 0 0   -0.011 -0.02329  0.04412 -0.0854209 -0.0253235 -0.0120042  9.51963e-05 -3.81769e-05  0.000170696  0.0575212  0.0564228 -0.0199485   -0.07313 -0.0564554   -9.80856 
             214.201 0.00555455  0.0514077   -5.58236 0.0576475   0.12132   2.05122 0 0 0   -0.011 -0.02329  0.04412  -0.083876 -0.0250262 -0.0160002  5.89673e-05 -2.25791e-05  0.000217458  0.057332 0.0563665 -0.019889 -0.0731259 -0.0564777   -9.80856 
             214.302 0.0380668 0.0791342  -5.76908 0.045974 0.123525  2.04964 0 0 0   -0.011 -0.02329  0.04412  -0.0936635 -0.00609663  -0.0177461  8.95416e-05 -1.96894e-05  0.000300211 0.0578974 0.0558636 -0.019888 -0.0730596 -0.0564202   -9.80857 
             214.403 0.0682653  0.042453  -5.64048 0.0429517  0.118017   2.05059 0 0 0   -0.011 -0.02329  0.04412  -0.0772841  -0.0282745 -0.00332664 7.60682e-05 2.13235e-05 0.000194836  0.056953 0.0562175 -0.020269 -0.0731194 -0.0565385   -9.80856 
             214.502 0.0925504 0.0205855  -5.63826 0.0344463  0.114014    2.0511 0 0 0   -0.011 -0.02329  0.04412  -0.0738813  -0.0377913 -0.00180494   0.00010628 -8.52776e-06  0.000144288  0.0570474  0.0563523 -0.0203792 -0.0731351 -0.0565253   -9.80856 
             214.602 0.0243663 0.0338792  -5.68863 0.0273304  0.104467   2.05636 0 0 0   -0.011 -0.02329  0.04412 -0.0720113 -0.0616909  0.0243667 0.000138206 9.76007e-06 0.000173889  0.0568243  0.0570739 -0.0210133  -0.073239 -0.0565568   -9.80856 
             214.701 -0.0210041  0.0949987   -5.57232 0.0191571  0.107236   2.05581 0 0 0   -0.011 -0.02329  0.04412 -0.0777665 -0.0166844  0.0104109  0.000143954 -2.76506e-05  0.000146021  0.0572117   0.056069 -0.0206446 -0.0730965 -0.0565169   -9.80856 
             214.802 -0.0102487   0.142537   -5.54402 0.0150809  0.103956   2.05219 0 0 0   -0.011 -0.02329  0.04412 -0.0562517 -0.0265735 -0.0122099  0.000149547 -1.11657e-05  0.000148024  0.0567307  0.0561849 -0.0200909 -0.0731207 -0.0565635   -9.80856 
             214.903 0.0573248  0.155344  -5.51121 0.0078579 0.0975523   2.05424 0 0 0   -0.011 -0.02329  0.04412 -0.0683929 -0.0361306 0.00796228 0.000114948 1.29224e-05 0.000166544 0.0567825 0.0567093 -0.020502 -0.073178 -0.056556  -9.80856 
             215.001 0.133469 0.160598 -5.50872 -0.00388379   0.0932347     2.05581 0 0 0   -0.011 -0.02329  0.04412 -0.0847452 -0.0359874  0.0050058 0.000113061 2.14173e-05 0.000195947  0.0574132  0.0569301 -0.0206088 -0.0731923 -0.0564851   -9.80856 
             215.102 0.201368  0.18287 -5.53086 -0.00518759   0.0892702      2.0539 0 0 0   -0.011 -0.02329  0.04412  -0.0508782  -0.0390454 -0.00974745 8.82777e-05 2.35612e-05  0.00017408  0.0565561  0.0568129 -0.0203611 -0.0731942 -0.0565704   -9.80856 
             215.202 0.278962 0.170286 -5.55935 -0.00877158   0.0861275     2.05531 0 0 0   -0.011 -0.02329  0.04412  -0.0424574  -0.0361043 -0.00253065 9.90493e-05 5.42271e-05 0.000156635    0.05641  0.0566761 -0.0206573 -0.0731767 -0.0565995   -9.80856 
             215.302 0.283683   0.1549  -5.5476 -0.00901818   0.0800402     2.05272 0 0 0   -0.011 -0.02329  0.04412 -0.0254567 -0.0447673 -0.0117963 8.86945e-05 6.45682e-05 0.000122722  0.0558194  0.0569014 -0.0203859 -0.0732145 -0.0566485   -9.80856 
             215.402 0.268782 0.112252 -5.57088 -0.0147414   0.073109    2.05671 0 0 0   -0.011 -0.02329  0.04412 -0.0407343 -0.0576131  0.0117475  6.7981e-05 0.000104779 7.25991e-05  0.0561434  0.0571905 -0.0210619 -0.0732344 -0.0566466   -9.80856 
             215.501  0.267313 0.0864216  -5.53559 -0.0221787   0.064823    2.05776 0 0 0   -0.011 -0.02329  0.04412 -0.0372978 -0.0795857  0.0106218 8.67756e-05 0.000122432  6.2116e-05  0.0565884  0.0575641 -0.0210682 -0.0732709 -0.0565886   -9.80856 
             215.603  0.228782 0.0683932  -5.50321 -0.0275645  0.0568675    2.05883 0 0 0   -0.011 -0.02329  0.04412 -0.0410786 -0.0862624  0.0162656 6.36332e-05 0.000129398 8.39793e-05  0.0568071  0.0575557 -0.0210519 -0.0732667 -0.0565625   -9.80856 
             215.701  0.176537 0.0254845  -5.50718 -0.0288253  0.0490023    2.05972 0 0 0   -0.011 -0.02329  0.04412 -0.0259228 -0.0855239  0.0174469 8.15027e-05 0.000150255 0.000115753  0.0565256  0.0574006 -0.0209421 -0.0732537 -0.0565893   -9.80856 
             215.803   0.084383 -0.0117793   -5.47537 -0.0371851  0.0436889    2.05699 0 0 0   -0.011 -0.02329  0.04412   -0.0504139   -0.0654545 -0.000209337 9.02826e-05 0.000170696 0.000106079  0.0572623  0.0571964 -0.0203806 -0.0732225 -0.0564884   -9.80856 
             215.901 0.0111128 -0.039484  -5.48417 -0.0402529  0.0378378     2.0569 0 0 0   -0.011 -0.02329  0.04412 -0.0350356 -0.0664038 -0.0069348 5.08115e-05 0.000130763 0.000109452  0.0571183  0.0570677 -0.0203975 -0.0732111 -0.0565052   -9.80856 
             216.003 -0.0145964 -0.0754176   -5.47161 -0.0448099  0.0313042    2.05871 0 0 0   -0.011 -0.02329  0.04412 -0.0423766 -0.0658418 0.00552743   6.434e-05 0.000166502 8.36411e-05  0.0572334  0.0570509 -0.0206999 -0.0732115 -0.0565004   -9.80856 
             216.103 -0.0477167  -0.169518   -5.52894 -0.0512962  0.0218741     2.0577 0 0 0   -0.011 -0.02329  0.04412  -0.0513249  -0.0727783 -0.00258155 8.64768e-05  0.00015336 0.000107545  0.0574392  0.0574183 -0.0205175 -0.0732444 -0.0564725   -9.80856 
             216.201 -0.116731 -0.216059  -5.53885 -0.0541813  0.0168883    2.05669 0 0 0   -0.011 -0.02329  0.04412  -0.0511086  -0.0606913 -0.00620462 5.78075e-05 0.000145611 0.000100108  0.0571961  0.0571305 -0.0204331 -0.0732159 -0.0565004   -9.80856 
             216.303 -0.173895  -0.24499   -5.5391 -0.0591471  0.0113838    2.05306 0 0 0   -0.011 -0.02329  0.04412  -0.0573127  -0.0476242 -0.00998684 6.38199e-05 0.000161373 8.24847e-05  0.0571308  0.0571153 -0.0200325 -0.0732042 -0.0565083   -9.80856 
             216.402 -0.193268 -0.209519  -5.52302 -0.0664795  0.0040972    2.05609 0 0 0   -0.011 -0.02329  0.04412 -0.0716778 -0.0522881  0.0146261 5.10415e-05 0.000147153 5.84483e-05  0.0572152  0.0574704 -0.0205413 -0.0732579 -0.0564879   -9.80856 
             216.502 -0.169142 -0.123118  -5.52824   -0.0723205 -0.000780105      2.05615 0 0 0   -0.011 -0.02329  0.04412 -0.0602801 -0.0483177 0.00942855 8.02482e-05 0.000142699 5.36604e-05 0.0570805  0.057397 -0.020382 -0.0732467 -0.0565066   -9.80856 
             216.601   -0.17512 -0.0179372   -5.50472  -0.0779079 -0.00798863     2.05452 0 0 0   -0.011 -0.02329  0.04412 -0.0557151 -0.0496817 -0.0117131  0.00012049 0.000138381 3.37728e-05  0.0569846  0.0576998 -0.0201126 -0.0732735 -0.0565177   -9.80856 
             216.702 -0.247209 0.0641246  -5.48078 -0.0803034  -0.011054    2.05132 0 0 0   -0.011 -0.02329  0.04412 -0.0363322  -0.042973  -0.025546 0.000129766 0.000140386 1.65724e-05 0.0567171 0.0573802 -0.019899 -0.0732394 -0.0565532   -9.80856 
             216.803 -0.269892 0.0771647   -5.4663 -0.0891473 -0.0154557    2.04661 0 0 0   -0.011 -0.02329  0.04412 -0.0553298 -0.0335531 -0.0306469 0.000141325 0.000143683 1.77512e-05  0.0573437  0.0575633 -0.0196776 -0.0732503 -0.0564891   -9.80856 
             216.901 -0.348545  0.030336  -5.47713 -0.0923714 -0.0184549    2.04858 0 0 0   -0.011 -0.02329  0.04412  -0.0430738  -0.0281647 -0.00449269 0.000181269 0.000143906 6.20163e-06  0.0571232  0.0575218 -0.0203182 -0.0732413 -0.0564998   -9.80856 
             217.004 -0.327758 -0.028172  -5.47624  -0.098482 -0.0219838    2.05002 0 0 0   -0.011 -0.02329  0.04412 -0.0475705 -0.0210548 0.00748153  0.00016519 0.000143368 2.34569e-05  0.0572697   0.057692 -0.0205178 -0.0732542 -0.0564787   -9.80856 
             217.101  -0.282657 -0.0509187   -5.46983  -0.102801 -0.0263874    2.04905 0 0 0   -0.011 -0.02329  0.04412 -0.0448525 -0.0303551 0.00628014 0.000128737 0.000194829 4.82714e-05  0.0572229  0.0579363 -0.0202621 -0.0732806 -0.0564888   -9.80856 
             217.201   -0.21254 -0.0247404   -5.49677  -0.106734 -0.0285676    2.04726 0 0 0   -0.011 -0.02329  0.04412  -0.0590065   -0.018504 -0.00635759 0.000139909 0.000188063 6.35801e-05  0.0570632  0.0578737 -0.0199843 -0.0732772 -0.0565139   -9.80856 
             217.302  -0.169645 -0.0340255   -5.51572  -0.110376 -0.0342827     2.0437 0 0 0   -0.011 -0.02329  0.04412 -0.0484418 -0.0325628 -0.0242647 0.000134056 0.000208116 5.61768e-05  0.0566899  0.0582686 -0.0196663 -0.0733188 -0.0565545   -9.80856 
             217.402  -0.142815 -0.0144857   -5.53976  -0.114029 -0.0343002    2.04387 0 0 0   -0.011 -0.02329  0.04412 -0.0457965 -0.0146701 -0.0063331 0.000106937 0.000189788 6.75791e-05  0.0566188  0.0578971 -0.0199822 -0.0732835 -0.0565603   -9.80856 
             217.502 -0.147286 0.0536034  -5.57125  -0.125096 -0.0346277    2.04555 0 0 0   -0.011 -0.02329  0.04412  -0.0795378 -0.00682087  0.00270064  0.00011124 0.000192213 2.93597e-05  0.0573853  0.0579365 -0.0202789 -0.0732795  -0.056477   -9.80856 
             217.602 -0.203762  0.144686  -5.58418  -0.128056 -0.0415039    2.04583 0 0 0   -0.011 -0.02329  0.04412  -0.0621182  -0.0256372 0.000881553 0.000121793 0.000144931 1.07266e-05  0.0565807  0.0585794 -0.0202926 -0.0733602 -0.0565552   -9.80856 
             217.701 -0.254975  0.246864  -5.55787  -0.129838 -0.0380134    2.04432 0 0 0   -0.011 -0.02329  0.04412  -0.0381927  0.00384702 -0.00226663 0.000118257 0.000178215 2.13523e-05  0.0562553  0.0577919 -0.0200744 -0.0732792 -0.0566047   -9.80856 
             217.802 -0.254961  0.283355  -5.54619  -0.133159 -0.0429384    2.04119 0 0 0   -0.011 -0.02329  0.04412 -0.0236542 -0.0155942 -0.0155111 9.38542e-05 0.000173846 4.21134e-05  0.0561325  0.0583992 -0.0197596 -0.0733548 -0.0566131   -9.80856 
             217.902 -0.219316   0.32551  -5.57416  -0.133005 -0.0433094    2.04277 0 0 0   -0.011 -0.02329  0.04412   -0.015883 -0.00833713  0.00429827 0.000110105  0.00017436 4.25843e-05  0.0558578   0.058252 -0.0201271  -0.073329 -0.0566391   -9.80856 
             218.002 -0.226959   0.30223   -5.5818 -0.141326 -0.046705   2.04476 0 0 0   -0.011 -0.02329  0.04412 -0.0368332 -0.0173022  0.0160775  0.00010506  0.00018634 6.89996e-05  0.0566488  0.0587315 -0.0203246 -0.0733613 -0.0565465   -9.80856 
             218.102 -0.192144  0.294524  -5.58875   -0.14058 -0.0486365    2.04514 0 0 0   -0.011 -0.02329  0.04412  -0.011512 -0.0315751  0.0131322 8.76815e-05 0.000154068 9.89601e-05  0.0561663  0.0585706 -0.0202181 -0.0733553 -0.0566005   -9.80856 
             218.202 -0.107563 0.0955531  -5.61182  -0.139283 -0.0502982    2.04748 0 0 0   -0.011 -0.02329  0.04412 -0.00849286  -0.0229594   0.0445447  8.9623e-05 0.000172983 7.75194e-05  0.0558584  0.0583635 -0.0201401 -0.0733407 -0.0566362   -9.80856 
             218.302 -0.389754 -0.288981  -5.08447  -0.142114 -0.0472575    2.05085 0 0 0   -0.011 -0.02329  0.04412 -0.0190896  0.0182691  0.0693872 0.000155649 0.000175211  3.3134e-05  0.0561967  0.0578464 -0.0198377 -0.0732896 -0.0566078   -9.80856 
             218.403  -1.40978 -0.239825  -2.77457  -0.148522 -0.0399786    2.06029 0 0 0   -0.011 -0.02329  0.04412 -0.0342045  0.0688501   0.109118   0.00015945  0.000130593 -0.000103255  0.0568403  0.0574225 -0.0199635 -0.0732525 -0.0565562   -9.80856 
             218.501 -2.64749 0.397245   2.1951   -0.15287 -0.0356017    2.07101 0 0 0   -0.011 -0.02329  0.04412 -0.0290498  0.0905824   0.127345  0.000193399  9.90207e-05 -0.000266363  0.0570245  0.0578658 -0.0198276 -0.0732159 -0.0565867   -9.80856 
             218.602 -3.05314  1.24817  9.69296  -0.156984 -0.0252617    2.08279 0 0 0   -0.011 -0.02329  0.04412 -0.0193033   0.128983   0.115182  0.000121532  0.000106233 -0.000386224  0.0572679  0.0578022 -0.0197198 -0.0731946 -0.0567174   -9.80856 
             218.703 -2.16797  1.74292  19.4193  -0.158442 -0.0119331    2.09272 0 0 0   -0.011 -0.02329  0.04412 0.0003106  0.155011 0.0758509  6.94533e-05  0.000127087 -0.000418046  0.0574305  0.0578672 -0.0197133  -0.073069 -0.0567652   -9.80856 
             218.802 -0.232741   1.43636   29.8668   -0.162706 0.000687664     2.09583 0 0 0   -0.011 -0.02329  0.04412 -0.00212788    0.144066   0.0332518   2.9983e-05  0.000173799 -0.000404512  0.0587731  0.0564693 -0.0193098 -0.0725055  -0.058445   -9.80856 
             218.902  1.99547 0.637865  39.0216 -0.161227 0.0132824   2.10069 0 0 0   -0.011 -0.02329  0.04412 0.0351876  0.109373 0.0276573  2.40315e-05  0.000184641 -0.000398501  0.0591559  0.0568215 -0.0196265 -0.0720849  -0.058232   -9.80856 
             219.002 3.81237 0.36233 45.6432 -0.157014 0.0120059   2.10569 0 0 0   -0.011 -0.02329  0.04412 0.0768565 0.0273885 0.0423214 7.36983e-06 0.000115745 -0.00025049  0.0662176  0.0555456 -0.0198747 -0.0660445 -0.0610373   -9.80859 
             219.102 4.55971 1.64633 49.4808 -0.138954 0.0203476   2.10808 0 0 0   -0.011 -0.02329  0.04412  0.193547 0.0357491 0.0375438  5.83413e-05  5.57609e-05 -0.000127174  0.0621311  0.0618319 -0.0196386 -0.0684775 -0.0544831   -9.80861 
             219.201 3.84088 4.88816 50.8056 -0.107879 0.0310595   2.10799 0 0 0   -0.011 -0.02329  0.04412  0.313458  0.113898 0.0193064  0.000116528 -2.31488e-05 -5.10447e-05  0.0592445  0.0700047 -0.0192901 -0.0695982  -0.046471   -9.80864 
             219.302 1.78402 9.34657 50.1837 -0.069056 0.0533655   2.09833 0 0 0   -0.011 -0.02329  0.04412   0.443211    0.27981 -0.0289804  0.000162689 -7.56841e-05  5.30008e-05  0.0548003  0.0740137 -0.0179389  -0.073031 -0.0420701   -9.80864 
             219.402 -0.872033    13.643   48.7096 -0.0158915  0.0907098    2.09313 0 0 0   -0.011 -0.02329  0.04412   0.583106   0.482984 -0.0401376  0.000200657 -1.47878e-05  2.60036e-05  0.0537778  0.0778956 -0.0177249 -0.0732764 -0.0383529   -9.80865 
             219.502 -2.82229  15.9147  46.9552 0.0441848  0.155542   2.09031 0 0 0   -0.011 -0.02329  0.04412   0.684167   0.731246 -0.0592868 0.000151288  0.00012906 3.04054e-05  0.0465024  0.0770521 -0.0180678 -0.0801136 -0.0377247    -9.8086 
             219.602 -3.5361 15.7649  45.716 0.124959 0.233966   2.0865 0 0 0   -0.011 -0.02329  0.04412  0.804452  0.887871 -0.156998 0.000110214 0.000263491 8.17163e-06  0.0511612  0.0830477 -0.0187389  -0.074776 -0.0329623   -9.80866 
             219.702 -2.66552  11.5591   45.199 0.203677 0.317373  2.06634 0 0 0   -0.011 -0.02329  0.04412  0.832238  0.928022 -0.358249  3.35844e-05   0.00038917 -5.57825e-07  0.0586192  0.0785306 -0.0190281  -0.068889 -0.0384023   -9.80868 
             219.803 -0.717852   6.08733    43.913 0.276975 0.383171  2.03843 0 0 0   -0.011 -0.02329  0.04412  0.800217  0.824504 -0.453394 1.05033e-05 0.000370226 0.000104116   0.079946  0.0656097 -0.0198065 -0.0521101 -0.0540343   -9.80871 
             219.902 1.41916 2.08523  40.749 0.363421 0.476512  1.98348 0 0 0   -0.011 -0.02329  0.04412 0.832392 0.856381 -0.60523 3.93194e-07 0.000298274 0.000188308  0.0708756  0.0733116 -0.0195589  -0.058808 -0.0452923   -9.80872 
             220.001  2.29458 0.279013  36.3429  0.44938 0.564749  1.90946 0 0 0   -0.011 -0.02329  0.04412  0.829134  0.839298 -0.745319 7.76733e-05 0.000237923 0.000233894  0.0671353  0.0767065 -0.0184677  -0.061468 -0.0415749   -9.80872 
             220.101  1.70616 0.131179  31.5054   0.5378 0.640421  1.83833 0 0 0   -0.011 -0.02329  0.04412  0.845567  0.783038 -0.605853 0.000141069 0.000131394 0.000229524  0.0718673   0.079722 -0.0183794 -0.0565349  -0.039897   -9.80876 
             220.202 -1.01707  2.88001  27.6396 0.625778 0.727407   1.7919 0 0 0   -0.011 -0.02329  0.04412  0.880631   0.86437 -0.392027  0.000245837 -1.84731e-05  0.000158728  0.0685737  0.0807399 -0.0191391 -0.0591983 -0.0381931   -9.80875 
             220.302 -4.22656  6.70697  26.4071 0.716214 0.817541  1.75746 0 0 0   -0.011 -0.02329  0.04412  0.931033  0.979336 -0.252994 0.000219179 -2.2925e-05 8.48941e-06 0.0689402 0.0809598 -0.019027 -0.0588206  -0.038098   -9.80875 
             220.401 -5.37302   8.9844  28.1209 0.808191 0.920867  1.74227 0 0 0   -0.011 -0.02329  0.04412  0.987143   1.11762 -0.095984  0.000104648  0.000103532 -0.000111414  0.0685373  0.0798657 -0.0194713 -0.0595011 -0.0388872   -9.80874 
             220.502 -3.87966   8.8524  32.0371 0.909405  1.03629  1.74535 0 0 0   -0.011 -0.02329  0.04412  1.03624  1.19105 0.020302  2.16627e-05  0.000165213 -0.000164863  0.0698949  0.0801295 -0.0205044 -0.0583574 -0.0388473   -9.80875 
             220.603 -1.25458  7.07347  36.9856 1.00823  1.1426 1.75742 0 0 0   -0.011 -0.02329  0.04412   1.04825   1.15419 0.0945033  4.70943e-05  0.000224787 -0.000180376 0.0776259 0.0770777 -0.021067 -0.052509 -0.043474  -9.80876 
             220.702 0.974684  4.88392  41.8368 1.11393  1.2552 1.76869 0 0 0   -0.011 -0.02329  0.04412  1.07066  1.14254 0.104492  7.57146e-05  0.000163678 -0.000160098  0.0787505  0.0776049 -0.0212018 -0.0513936 -0.0432555   -9.80877 
             220.801 2.01322 3.37265  45.908 1.22395 1.36858 1.77361 0 0 0   -0.011 -0.02329  0.04412   1.09747   1.11938 0.0648709  0.000120042  0.000123426 -0.000148887  0.0776122  0.0795592 -0.0206995 -0.0519468 -0.0413262   -9.80878 
             220.903 1.98018 2.94705 49.1232 1.34048 1.48252 1.77448 0 0 0   -0.011 -0.02329  0.04412    1.12896    1.11058 0.00222628  0.000163483  7.20228e-05 -9.60092e-05  0.0777035  0.0819673 -0.0202106 -0.0513707 -0.0392143   -9.80879 
             221.001 1.20489 3.53207 51.6389 1.44742 1.59813  1.7623 0 0 0   -0.011 -0.02329  0.04412    1.11909    1.15105 -0.0967057   0.00017845  2.26992e-05 -3.40017e-05   0.072107  0.0807121 -0.0189523 -0.0567373 -0.0393769   -9.80876 
             221.102 0.152114  4.65054  53.5184 1.56685 1.71637 1.74542 0 0 0   -0.011 -0.02329  0.04412    1.1361   1.18124 -0.180388  0.000177565  1.76294e-05 -1.88385e-05  0.0724977  0.0855184 -0.0184637 -0.0555146 -0.0350903   -9.80878 
             221.202 -0.835794   5.72417   55.1561 1.70323 1.83728 1.72331 0 0 0   -0.011 -0.02329  0.04412  1.21772  1.22445 -0.25561 0.000165996 2.18242e-05 -9.6739e-06  0.0762888   0.101411 -0.0184714 -0.0492496  -0.021215   -9.80885 
             221.301 -1.51826  6.38218  56.6412 1.81481  1.9535 1.68866 0 0 0   -0.011 -0.02329  0.04412  1.16377  1.24436 -0.34441 0.000160752 1.64057e-05 1.79856e-06  0.0791494  0.0930547 -0.0175677 -0.0480294 -0.0294281   -9.80884 
             221.403 -1.94623  6.47949   58.097 1.91439 2.08114 1.64996 0 0 0   -0.011 -0.02329  0.04412   1.06206   1.29238 -0.414709 0.000175502 3.26519e-05 1.95953e-05  0.0751682  0.0786551 -0.0173795 -0.0540666  -0.041996   -9.80876 
             221.503 -2.21226  6.06203  59.4208 2.05094 2.22916 1.61584 0 0 0   -0.011 -0.02329  0.04412   1.16126   1.41181 -0.436692 0.000183595 1.93585e-05 2.60505e-05   0.072723   0.104386 -0.0188105 -0.0522279 -0.0178465   -9.80884 
             221.603 -2.44053  5.33777  60.3543 2.13472 2.36128 1.56399 0 0 0   -0.011 -0.02329  0.04412  0.977832   1.40491 -0.506167 0.000166416 2.83199e-05 4.39971e-05  0.0711362  0.0777254 -0.0178995 -0.0578977 -0.0421659   -9.80874 
             221.702 -2.62076  4.54982   60.751  2.2324 2.49606 1.51097 0 0 0   -0.011 -0.02329  0.04412 0.945025  1.41246 -0.55871 0.000137976 2.89448e-05 6.94599e-05  0.0754511  0.0779111 -0.0177083 -0.0538842  -0.042681   -9.80876 
             221.802 -2.83175  3.83287  60.4476 2.33561 2.64365 1.45241 0 0 0   -0.011 -0.02329  0.04412 0.937219  1.45856 -0.59096 0.000137324 2.95086e-05 5.54218e-05  0.0748259  0.0862995 -0.0176167 -0.0531575  -0.034873   -9.80879 
             221.902 -3.07742  3.20357  59.3203 2.43039 2.79442 1.39893 0 0 0   -0.011 -0.02329  0.04412  0.886165   1.48696 -0.581123 0.000138267 1.33321e-05 0.000120445   0.073298  0.0900105 -0.0184222 -0.0540429 -0.0311886    -9.8088 
             222.002 -3.20773   2.6642  57.4075 2.52022 2.94458 1.34258 0 0 0   -0.011 -0.02329  0.04412  0.849075   1.49401 -0.583967 0.000123811 -6.1933e-06 0.000131823  0.0733765  0.0925987 -0.0186838 -0.0535819 -0.0288138   -9.80881 
             222.101 -3.0503 2.20128 54.7196 2.60259 3.09818 1.28591 0 0 0   -0.011 -0.02329  0.04412  0.797567   1.51299 -0.577009 0.000111119  1.1451e-05  0.00015862  0.0701647  0.0944214 -0.0188547 -0.0562478  -0.026618    -9.8088 
             222.202 -2.6161 1.80903  51.415 2.68266 3.25493 1.23037 0 0 0   -0.011 -0.02329  0.04412  0.759559   1.52099 -0.555041  7.79832e-05 -1.23652e-05  0.000173709  0.0681319  0.0961879 -0.0191376 -0.057831 -0.024653   -9.8088 
             222.303 -1.95344  1.48743  47.5269 2.76958 3.40113 1.17787 0 0 0   -0.011 -0.02329  0.04412  0.777696   1.47679 -0.515621  6.59042e-05 -1.78797e-05  0.000212175  0.0738111   0.101216 -0.0193182 -0.0517653  -0.021081   -9.80884 
             222.401 -1.19356  1.26544  43.4256 2.84839 3.55024 1.13425 0 0 0   -0.011 -0.02329  0.04412 0.758299  1.47319 -0.46055  7.90799e-05 -1.60495e-06   0.00020606  0.0718327   0.104223 -0.0200191 -0.0530215  -0.017964   -9.80884 
             222.501 -0.34943  1.24588  39.3415 2.92559 3.69589 1.08902 0 0 0   -0.011 -0.02329  0.04412  0.761258   1.43312 -0.416535  6.50644e-05 -1.11281e-05  0.000223537  0.0721225   0.105014 -0.0198883 -0.0525885 -0.0173147   -9.80884 
             222.601 0.579613  1.45453  35.4546  3.0007 3.83009 1.05096 0 0 0   -0.011 -0.02329  0.04412  0.760282    1.3546 -0.352659  5.54637e-05 -5.12845e-05   0.00017421  0.0752729   0.104016 -0.0200265 -0.0500097 -0.0189297   -9.80885 
             222.702 1.47528 1.83323 31.9526 3.08328 3.96716 1.01703 0 0 0   -0.011 -0.02329  0.04412  0.801586   1.29831 -0.297782   5.7365e-05 -6.58774e-05  0.000203686  0.0743418    0.10617 -0.0199492 -0.0502792 -0.0167978   -9.80886 
             222.802 2.29099 2.29839 28.9875  3.16217  4.09441 0.988127 0 0 0   -0.011 -0.02329  0.04412  0.820579   1.23328 -0.235334  4.46551e-05 -0.000118534  0.000192322  0.0742131   0.105294 -0.0197048 -0.0506453 -0.0175271   -9.80885 
             222.901 2.95017 2.79878 26.6744  3.24269  4.21274 0.971358 0 0 0   -0.011 -0.02329  0.04412  0.859408   1.14981 -0.135176   3.9222e-05 -0.000136795      0.00019  0.0744999   0.104347 -0.0200957 -0.0506749 -0.0183993   -9.80885 
             223.002 3.45593 3.29042 24.9887 3.32905 4.32525 0.96116 0 0 0   -0.011 -0.02329  0.04412   0.90169   1.06161 -0.056566  4.87272e-05 -0.000135629  0.000217447  0.0745292   0.103568 -0.0200612 -0.0509191  -0.019055   -9.80885 
             223.101 3.83641 3.63657 23.9981  3.42924  4.42094 0.960156 0 0 0   -0.011 -0.02329  0.04412 0.989771 0.948792  0.02705  4.50803e-05 -0.000122251  0.000172682    0.07582   0.106168 -0.0203137 -0.0488947  -0.017412   -9.80886 
             223.203 4.03375 3.79756 23.6496  3.53229   4.5185 0.968827 0 0 0   -0.011 -0.02329  0.04412  1.04572 0.887371 0.122502  3.94453e-05 -0.000115225  0.000104733  0.0747911   0.105855 -0.0205505 -0.0497911 -0.0172392   -9.80886 
             223.302 4.04388 3.80213 23.8452  3.63092  4.56101 0.979486 0 0 0   -0.011 -0.02329  0.04412  1.06874  0.64656 0.182795 5.24579e-05 -0.00010831 0.000136139  0.0854754   0.106024 -0.0201296 -0.0414788 -0.0214241   -9.80889 
             223.402 3.92409 3.67495 24.5926 3.74576 4.67593 1.00781 0 0 0   -0.011 -0.02329  0.04412  1.14269 0.815739  0.28612  5.87845e-05 -9.74633e-05   0.00015413  0.0703891   0.104613 -0.0208366  -0.053583 -0.0163264   -9.80884 
             223.501 3.73557 3.39131 25.7243 3.85864  4.7725 1.03883 0 0 0   -0.011 -0.02329  0.04412  1.17333 0.818971 0.341989 6.00067e-05 -9.2523e-05 0.000135521 0.0657646  0.103347 -0.020777 -0.0576945  -0.015464   -9.80882 
             223.602 3.48383 3.02534  27.122 3.97223 4.84436 1.07482 0 0 0   -0.011 -0.02329  0.04412  1.18163 0.730412 0.393494  6.64422e-05 -9.76037e-05  0.000114847  0.0680733   0.102127 -0.0206449 -0.0563679 -0.0173353   -9.80882 
             223.702  3.0661 2.66155  28.807 4.08471 4.90157 1.11475 0 0 0   -0.011 -0.02329  0.04412  1.17363 0.622768 0.433475   7.2845e-05 -8.89694e-05  0.000128441  0.0717255   0.100918 -0.0205111 -0.0539109 -0.0196794   -9.80883 
             223.803  2.4969 2.38087 30.6038 4.21163 4.95428 1.15943 0 0 0   -0.011 -0.02329  0.04412  1.21552 0.549738 0.464971  9.47891e-05 -0.000122502  0.000119279  0.0738063   0.103264 -0.0205109 -0.0513881  -0.018514   -9.80885 
             223.903 1.82554 2.15273 32.4927 4.33812 5.01478 1.20608 0 0 0   -0.011 -0.02329  0.04412   1.2321 0.545635 0.485864  0.000132693 -7.81326e-05  5.46505e-05  0.0717045   0.104645 -0.0204025  -0.052675 -0.0166687   -9.80884 
             224.001 1.12731 1.97288 34.3491 4.45472 5.07566 1.25232 0 0 0   -0.011 -0.02329  0.04412  1.20685 0.559133 0.490553  0.000135042 -9.34225e-05  7.65514e-05  0.0691867   0.103461 -0.0201506 -0.0551848  -0.016869   -9.80883 
             224.101 0.516109  1.95955  36.0856 4.57365 5.12356 1.29979 0 0 0   -0.011 -0.02329  0.04412  1.18514 0.521901 0.483769  0.000117733 -0.000142822  7.40642e-05  0.0716214   0.103077 -0.0199365 -0.0532428 -0.0179448   -9.80884 
             224.202 -0.0905606    2.09773    37.6751 4.69057 5.17415 1.34851 0 0 0   -0.011 -0.02329  0.04412  1.15406 0.511858 0.482542  0.000156469 -0.000154807  6.67403e-05  0.0723029   0.102415 -0.0198982 -0.0528475 -0.0187099   -9.80884 
             224.302 -0.654469   2.24736    39.043 4.80869 5.23173 1.39516 0 0 0   -0.011 -0.02329  0.04412  1.14736 0.543401 0.462901  0.000177185 -0.000155738  6.84062e-05  0.0702317   0.103771 -0.0197945 -0.0542741 -0.0169759   -9.80884 
             224.403 -1.0749  2.3999  40.118  4.9263 5.29071 1.43995 0 0 0   -0.011 -0.02329  0.04412   1.1445 0.571537 0.428492 0.000116527 -0.00014981 9.74592e-05  0.0689458   0.104763 -0.0197329 -0.0551357 -0.0157782   -9.80883 
             224.502 -1.3617 2.58946 40.9073 5.03934 5.34927 1.47846 0 0 0   -0.011 -0.02329  0.04412  1.11922 0.593974 0.380377  0.000105889 -0.000155355  0.000160318  0.0684782   0.105102 -0.0194416  -0.055452 -0.0153756   -9.80883 
             224.602 -1.62115  2.80612  41.4229  5.1492 5.40948 1.51467 0 0 0   -0.011 -0.02329  0.04412  1.09569 0.618338 0.330516  0.000114361 -0.000172963  0.000184761  0.0683893   0.104708 -0.0194335 -0.0556265 -0.0157001   -9.80883 
             224.702 -1.90255  2.98624  41.7502 5.25848 5.47551 1.53953 0 0 0   -0.011 -0.02329  0.04412  1.08337 0.663596 0.244282  0.000102917 -0.000178976  0.000213072  0.0672101   0.104817 -0.0187466 -0.0566078 -0.0153523   -9.80882 
             224.802 -2.11417  3.07906  41.8046 5.36291 5.54197  1.5606 0 0 0   -0.011 -0.02329  0.04412  1.04201  0.68617 0.176787  8.88955e-05 -0.000129323  0.000217365  0.0673607     0.1037 -0.0186726 -0.0567368 -0.0163753   -9.80882 
             224.903 -2.18201  3.06031  41.7661 5.46806 5.61488 1.57825 0 0 0   -0.011 -0.02329  0.04412  1.02094 0.729893 0.126736   7.6694e-05 -0.000136654  0.000194275   0.066592    0.10427 -0.0190133 -0.0572996 -0.0156735   -9.80882 
             225.001 -2.1493 3.07921 41.6645 5.56818 5.69066 1.58966 0 0 0   -0.011 -0.02329  0.04412  1.00643 0.769996 0.074454   4.3622e-05 -0.000173924  0.000224016  0.0655038   0.104811 -0.0191689 -0.0581393 -0.0149298   -9.80882 
             225.102 -2.05822  3.15153  41.5583 5.67355 5.76741 1.59381 0 0 0   -0.011 -0.02329  0.04412    1.00613   0.795735 0.00948841  6.20712e-06 -0.000182486  0.000203777  0.0666942   0.106313 -0.0190355 -0.0567257 -0.0139003   -9.80883 
             225.203 -1.86656  3.21806  41.4169 5.76209 5.84031 1.58951 0 0 0   -0.011 -0.02329  0.04412   0.946024    0.78393 -0.0621321 -1.50288e-05 -0.000170764   0.00021812  0.0689948   0.101108 -0.0186644 -0.0559279  -0.019044   -9.80882 
             225.302 -1.61261  3.27285  41.3554 5.86488  5.9277  1.5773 0 0 0   -0.011 -0.02329  0.04412  0.972999  0.840139 -0.132814 -5.06667e-05 -0.000143104  0.000184337  0.0656591   0.105772 -0.0183133 -0.0577071 -0.0141689   -9.80882 
             225.403 -1.39553  3.25801  41.2996 5.97068 6.01914 1.56217 0 0 0   -0.011 -0.02329  0.04412  0.993349  0.881409 -0.183528 -4.13352e-06 -0.000167869  0.000182996  0.0640435   0.109031 -0.0184238 -0.0583374 -0.0109147   -9.80882 
             225.502 -1.23346  3.22185  41.2754 6.06342 6.10234 1.54233 0 0 0   -0.011 -0.02329  0.04412  0.962432  0.874803 -0.230354  3.81378e-05 -0.000179762  0.000175641  0.0654244   0.106922 -0.0184071 -0.0576428 -0.0130989   -9.80882 
             225.601 -1.14184  3.12031  41.3422 6.15356 6.19255 1.51847 0 0 0   -0.011 -0.02329  0.04412  0.930742  0.897574 -0.260097  1.10311e-05 -0.000147425  0.000193575  0.0641223   0.105443 -0.0184582 -0.0591466 -0.0140687   -9.80881 
             225.703 -1.06397  2.96565    41.51 6.24988 6.28195 1.49092 0 0 0   -0.011 -0.02329  0.04412  0.930344  0.900981 -0.280417  9.21781e-06 -0.000133053  0.000199476  0.0651498    0.10597 -0.0184365 -0.0581179  -0.013862   -9.80882 
             225.802 -1.01766  2.81226   41.778 6.34577 6.37481 1.46448 0 0 0   -0.011 -0.02329  0.04412  0.934301  0.917482 -0.276978  1.80468e-05 -0.000139362  0.000195881  0.0640745   0.107703 -0.0186493 -0.0586404 -0.0120728   -9.80882 
             225.903 -1.00507  2.67133   42.006 6.43432   6.464 1.43901 0 0 0   -0.011 -0.02329  0.04412  0.892733  0.905334 -0.246364  1.61276e-05 -0.000162203  0.000197174  0.0650736   0.105746 -0.0188488 -0.0582533 -0.0140153   -9.80882 
             226.003 -1.07306  2.53857  42.1053  6.5232 6.56132 1.41732 0 0 0   -0.011 -0.02329  0.04412   0.87859  0.933653 -0.207463  4.52767e-05 -0.000168439  0.000206188  0.0627806   0.106121 -0.0191006 -0.0601749 -0.0131157   -9.80881 
             226.102 -1.10934  2.54977  41.9698 6.62079 6.65162 1.39758 0 0 0   -0.011 -0.02329  0.04412  0.913776  0.921068 -0.167209 4.56753e-05 -0.00017257  0.00020363  0.0640154   0.109809 -0.0190055 -0.0581968 -0.0101998   -9.80882 
             226.202 -1.06841  2.70951  41.5601 6.71115 6.74891 1.38031 0 0 0   -0.011 -0.02329  0.04412  0.905249  0.941629 -0.147699  5.05783e-05 -0.000176037  0.000222829  0.0621346   0.109785 -0.0188538  -0.0598405 -0.00976931    -9.80881 
             226.302 -1.06476  2.94321  40.9088 6.79454 6.84259 1.36497 0 0 0   -0.011 -0.02329  0.04412  0.872282  0.943936 -0.114223  0.000101649 -0.000193369  0.000185311  0.0619744   0.107321 -0.0185647 -0.0605748 -0.0118901   -9.80881 
             226.402 -1.04186  3.16882  40.0477 6.88493  6.9403 1.35651 0 0 0   -0.011 -0.02329  0.04412   0.878632   0.965927 -0.0845554  9.24039e-05 -0.000173915  0.000183349  0.0611834   0.108653 -0.0188625 -0.0609409 -0.0105199   -9.80881 
             226.502 -0.90795  3.30128  39.0083 6.97354 7.04149 1.34843 0 0 0   -0.011 -0.02329  0.04412   0.883471    0.98695 -0.0665329  8.10688e-05 -0.000175934  0.000141015  0.0596863   0.108993 -0.0188251  -0.0621492 -0.00984455     -9.8088 
             226.602 -0.659761   3.33579   37.9099 7.06147 7.14269 1.34081 0 0 0   -0.011 -0.02329  0.04412   0.885955   0.994614 -0.0694798  7.23733e-05 -0.000149437  0.000152467   0.058767   0.108926 -0.0187182  -0.0629555 -0.00966699    -9.80879 
             226.702 -0.386365   3.23486   36.7761 7.15755 7.24052 1.32981 0 0 0   -0.011 -0.02329  0.04412  0.926034   0.98618 -0.104114   5.5466e-05 -0.000166252  0.000178522  0.0593991   0.111027 -0.0183091  -0.0618271 -0.00807399     -9.8088 
             226.802 -0.0949077    2.98101    35.6059 7.24276 7.33387   1.313 0 0 0   -0.011 -0.02329  0.04412  0.901926  0.953807 -0.171276  2.78919e-05 -0.000165576  0.000192201  0.0605796   0.108559 -0.0177054 -0.0615149 -0.0105465    -9.8088 
             226.902 0.172345  2.63105  34.4695 7.33352 7.43444 1.29251 0 0 0   -0.011 -0.02329  0.04412 0.909859 0.954348  -0.2371  2.31838e-05 -0.000163539  0.000179595  0.0587776   0.108785 -0.0176466  -0.0629633 -0.00982544    -9.80879 
             227.001 0.428642  2.19161  33.4031 7.42501 7.52857 1.26558 0 0 0   -0.011 -0.02329  0.04412   0.91857  0.924055 -0.313096 -5.82053e-06 -0.000147062  0.000148993 0.0584139  0.109202 -0.017584  -0.0631371 -0.00937088    -9.80879 
             227.102 0.658814  1.74075  32.4745 7.51155 7.62507 1.22978 0 0 0   -0.011 -0.02329  0.04412  0.886508  0.911177 -0.402659 -2.64439e-05 -0.000162071  0.000155614   0.057217   0.107569 -0.0174975 -0.0646505 -0.0103306   -9.80878 
             227.202 0.808427  1.35245  31.7653  7.5956 7.71222 1.18241 0 0 0   -0.011 -0.02329  0.04412  0.861951  0.856419 -0.516921 -3.89749e-05 -0.000174479  0.000110651  0.0577417   0.106485 -0.0171174 -0.0645928 -0.0114043   -9.80878 
             227.302 0.959178  1.11817  31.2833 7.69195  7.8026 1.12374 0 0 0   -0.011 -0.02329  0.04412  0.890157  0.839783 -0.620361 -3.05611e-05 -0.000163782  7.96472e-05  0.0559945   0.109199 -0.0167217  -0.0650711 -0.00862964    -9.80878 
             227.402  1.09731 0.988048  31.0454 7.78093 7.88454 1.05773 0 0 0   -0.011 -0.02329  0.04412  0.878135  0.799995 -0.720888 -1.10721e-05 -0.000121119  4.06724e-05  0.0560951   0.109315 -0.0167489  -0.0649487 -0.00857319    -9.80878 
             227.502  1.21039 0.971644  31.0892  7.86863  7.96677 0.980346 0 0 0   -0.011 -0.02329  0.04412  0.875755  0.776003 -0.821661  1.99722e-05 -0.000117003  1.61369e-05  0.0551216   0.109276 -0.0165894  -0.0657398 -0.00825215    -9.80878 
             227.602   1.264 1.05249 31.3942  7.94921  8.04352 0.897041 0 0 0   -0.011 -0.02329  0.04412  0.840572  0.738605 -0.889327  5.53335e-05 -0.000131807  1.15159e-05  0.0550471   0.107693 -0.0168193  -0.0663654 -0.00946902    -9.80877 
             227.702 1.23638 1.19828 31.9774  8.03719  8.10855 0.808291 0 0 0   -0.011 -0.02329  0.04412  0.853364  0.678351 -0.928329  6.61719e-05 -0.000122582 -2.34139e-05  0.0567884   0.108835 -0.0171277  -0.0645623 -0.00920411    -9.80878 
             227.802 1.10854 1.43433 32.7966  8.11991  8.18114 0.713057 0 0 0   -0.011 -0.02329  0.04412  0.848442  0.670681 -0.960583  9.59259e-05 -0.000174021 -6.59748e-05   0.05531  0.108088 -0.016996  -0.0660076 -0.00926239    -9.80877 
             227.901 0.945921  1.71743  33.8097 8.20809 8.25187 0.61711 0 0 0   -0.011 -0.02329  0.04412 0.869266  0.66212 -0.97444  0.000109148  -0.00019114 -9.75043e-05  0.0539419   0.108999 -0.0169925 -0.0667763 -0.0080549   -9.80877 
             228.001 0.730787  1.93273  34.9546  8.29626   8.3163 0.521206 0 0 0   -0.011 -0.02329  0.04412  0.873745  0.636256 -0.956819  9.78093e-05 -0.000179414 -0.000113863  0.0541319   0.109283 -0.0171541  -0.0665197 -0.00788801    -9.80877 
             228.103 0.526013  2.07331  36.1489  8.38513  8.37917 0.425933 0 0 0   -0.011 -0.02329  0.04412  0.867639  0.617596 -0.926493  6.67425e-05 -0.000185254 -9.70009e-05  0.0544951   0.109367 -0.0173296  -0.0661915 -0.00793473    -9.80877 
             228.202 0.321547    2.258  37.2175    8.47 8.44111  0.3363 0 0 0   -0.011 -0.02329  0.04412  0.866351  0.613647 -0.888531  5.63045e-05 -0.000164636 -8.72314e-05  0.0541938   0.109102 -0.0174501  -0.0665205 -0.00805141    -9.80877 
             228.302 0.120721  2.48338  38.1289    8.555  8.50903 0.258646 0 0 0   -0.011 -0.02329  0.04412    0.8471  0.627998 -0.650907  5.87127e-05 -0.000145094 -7.37678e-05  0.0523147   0.108738 -0.0177729  -0.0681859 -0.00776557    -9.80876 
             228.401 -0.288511 -0.866245   38.9076  8.63855  8.57093 0.209104 0 0 0   -0.011 -0.02329  0.04412 0.775799 0.565284  -0.4216  4.47495e-05  0.000137449 -8.55877e-05  0.0518848    0.10948 -0.0185826  -0.0683228 -0.00698231    -9.80876 
             228.501 0.274035 -5.88788  39.0748  8.70238  8.61481 0.180255 0 0 0   -0.011 -0.02329  0.04412  0.516827  0.384307 -0.290324 -4.05332e-05  0.000143812 -4.31571e-05  0.0538059   0.107255 -0.0195329  -0.0673461 -0.00938588    -9.80876 
             228.602  3.59439 -9.27248  39.8347  8.71176   8.6283 0.150333 0 0 0   -0.011 -0.02329  0.04412 -0.131731  0.036016 -0.360986 -0.000168187  0.000124819 -0.000269114   0.05676  0.105527 -0.019781 -0.0653375  -0.011694   -9.80878 
             228.701  10.5282 -12.2689  50.1071  8.70076  8.61816 0.106336 0 0 0   -0.011 -0.02329  0.04412 -0.0686544  -0.228135  -0.537892 -0.000533008  1.51066e-05 -0.000609964  0.0577651   0.105641 -0.0197149 -0.0644578 -0.0118628   -9.80878 
             228.802  18.6474 -10.3016  59.2701   8.72221   8.58603 0.0414763 0 0 0   -0.011 -0.02329  0.04412  0.210564 -0.443622 -0.681781 -0.000298121 -0.000431817 -0.000178974  0.058989  0.112209 -0.018894  -0.0619474 -0.00629994     -9.8088 
             228.903  20.0859 0.399623   62.308     8.78067     8.58907 -0.00664932 0 0 0   -0.011 -0.02329  0.04412   0.54094 -0.330838 -0.635069   2.2901e-05 -0.000449755  8.60333e-05  0.0435268   0.124325 -0.0199434 -0.0730399 0.00710909   -9.80873 
             229.002 14.5765  1.7139 65.5141    8.81342    8.59013 -0.0161457 0 0 0   -0.011 -0.02329  0.04412  0.623627 -0.201432 -0.361135  0.000176819 -0.000275312 -2.84658e-05  0.0254783   0.113929 -0.0235962  -0.0894927 0.000182411    -9.80859 
             229.102 10.3628  4.4247 69.3547    8.83301    8.60167 0.00754366 0 0 0   -0.011 -0.02329  0.04412   0.586748 -0.0270549 -0.0572306  0.000147176 -0.000325685 -4.66318e-05  0.0065218  0.0957561 -0.0271675  -0.107654 -0.0137273    -9.8084 
             229.203 7.96708 8.81212 73.0993   8.87299   8.61677 0.0506771 0 0 0   -0.011 -0.02329  0.04412 0.673205 0.185179 0.225632 -1.69448e-05 -0.000414363 -4.12768e-05 -0.00215392   0.0839654    -0.03058  -0.115925 -0.0231011   -9.80829 
             229.301  7.2187 14.5302 74.8667   8.94459   8.63906 0.0969015 0 0 0   -0.011 -0.02329  0.04412 0.849363 0.413102 0.356768 -8.36577e-05 -0.000459477  0.000102523 6.58809e-05   0.0804667  -0.0326689  -0.113921 -0.0261853    -9.8083 
             229.402 6.09267 20.8667 73.6894  9.03006  8.68688 0.131417 0 0 0   -0.011 -0.02329  0.04412 0.762498 0.545326 0.556804 -3.60987e-05  -0.00042888  0.000172912 0.000141335   0.0823856  -0.0319586  -0.113729 -0.0245786   -9.80831 
             229.502 3.65762 25.9299 79.3154  9.08645  8.74372 0.175865 0 0 0   -0.011 -0.02329  0.04412 0.650438 0.739204 0.654504   0.00015363 -0.000467566 -0.000232967 -0.00349932     0.07476  -0.0295928  -0.117633 -0.0317713   -9.80824 
             229.603 4.37101 28.4369 89.6274 9.11626  8.7709 0.18696 0 0 0   -0.011 -0.02329  0.04412 0.572906 0.631511 0.277412  -2.9027e-05 -0.000291574 -0.000158511 -0.00365922   0.0520744  -0.0230688  -0.118968 -0.0541772   -9.80813 
             229.702   7.069 26.6839 94.5302 9.15658 8.77854 0.14182 0 0 0   -0.011 -0.02329  0.04412   0.509754   0.516691 -0.0220461 -0.000202336 -6.84979e-05  0.000115318 -0.00196486   0.0337302  -0.0143768  -0.117246 -0.0735954   -9.80802 
             229.803 8.66611 22.0331 94.5138  9.17957  8.76564 0.108066 0 0 0   -0.011 -0.02329  0.04412   0.181493   0.283374 -0.0692334 -0.000254202 -2.07451e-06  0.000286635  0.00545956   0.0112746 -0.00801181  -0.110298 -0.0962459   -9.80791 
             229.902 8.47723 16.8813 93.2379   9.21238   8.77538 0.0973304 0 0 0   -0.011 -0.02329  0.04412 0.340961 0.512309 0.237255 -0.000194713 -0.000125437   0.00024918   0.0156848  0.00625104 -0.00501449 -0.100573 -0.101853  -9.80796 
             230.002 5.89773 12.0333  92.488  9.27953  8.83689 0.133065 0 0 0   -0.011 -0.02329  0.04412 0.529439 0.702059 0.536432 -0.000107272 -0.000165176  0.000279061   0.0249147     0.01735 -0.00500229 -0.0918509 -0.0918327   -9.80814 
             230.101 2.30027 9.95398 92.4388  9.35531  8.89797 0.178796 0 0 0   -0.011 -0.02329  0.04412  0.48789 0.627265 0.341318 -4.59724e-05 -0.000409726  0.000250768   0.0367295   0.0239573 -0.00417533 -0.0807703 -0.0861463   -9.80829 
             230.202 -1.04474  11.9486  98.2386  9.40298  8.95144 0.166921 0 0 0   -0.011 -0.02329  0.04412  0.497349  0.568217 0.0861743 -9.29158e-05 -0.000521732 -4.49334e-05     0.034728    0.0255749 -0.000749564 -0.0823253 -0.0851963   -9.80828 
             230.302 0.0264475   10.9809   106.694  9.47097  9.01337 0.168379 0 0 0   -0.011 -0.02329  0.04412 0.795945 0.612056 0.198993 -0.000325746 -0.000264624  5.69335e-05   0.0349431   0.0294949 0.000652431  -0.081955 -0.0817578   -9.80832 
             230.401 2.79102 7.28868  107.47  9.55413  9.08691 0.206835 0 0 0   -0.011 -0.02329  0.04412 0.794725 0.712863  0.39964 -0.000269577 -0.000127715  0.000330512    0.0345773    0.0348282 -0.000887326 -0.0824069 -0.0767317   -9.80835 
             230.502 0.929642  1.48902  109.385  9.62803  9.15744 0.265574 0 0 0   -0.011 -0.02329  0.04412 0.734971 0.660871 0.585047   -0.0001357 -0.000122687  0.000230537   0.0336046   0.0331572 -0.00222708 -0.0833998 -0.0781983   -9.80833 
             230.604 -3.28082 -3.13729  114.291  9.68439  9.22728 0.326627 0 0 0   -0.011 -0.02329  0.04412 0.605507 0.543126 0.617868 -9.57885e-05 -0.000190407  6.54158e-05    0.025233   0.0315085 -0.00233533 -0.0910915 -0.0798255   -9.80825 
             230.701 -8.46333 -5.38159  122.533  9.73031  9.27818 0.387175 0 0 0   -0.011 -0.02329  0.04412 0.458063 0.338216 0.803523  -0.00015602 -0.000271423  -4.2967e-05    0.019781    0.031887 -0.00170732 -0.0961153 -0.0795831   -9.80821 
             230.801 -11.1129 -4.89783   132.77  9.77266  9.29986 0.477435 0 0 0   -0.011 -0.02329  0.04412 0.350148 0.118226 0.890125 -0.000302547 -0.000351879 -0.000174023   0.0210205   0.0310734 -0.00221445 -0.0949443 -0.0803245   -9.80821 
             230.902 -8.96023 -2.56022  141.249  9.79983  9.30204 0.567832 0 0 0   -0.011 -0.02329  0.04412   0.253334 -0.0200609   0.829573 -0.000462952 -0.000421893 -4.35781e-05   0.0196953   0.0279458 -0.00281218  -0.096006 -0.0833236   -9.80818 
             231.002  -4.31552 -0.378945   145.291  9.82841  9.30792 0.649437 0 0 0   -0.011 -0.02329  0.04412  0.230762 -0.021508   0.78165 -0.000490545 -0.000416842  0.000163525    0.020265   0.0341387 -0.00256267 -0.0959081 -0.0775828   -9.80822 
             231.101 -0.222912  0.263671   144.565  9.85889  9.31751 0.724228 0 0 0   -0.011 -0.02329  0.04412 0.257683 0.024454 0.731649 -0.000421868 -0.000339608  0.000368933  0.0224144  0.0421125 -0.0020995 -0.0945948 -0.0700691   -9.80829 
             231.204   2.43314 -0.526763   139.437  9.8853 9.32538 0.79471 0 0 0   -0.011 -0.02329  0.04412   0.28578 0.0625009  0.694009 -0.000367703 -0.000271793  0.000548131   0.0212928   0.0442444 -0.00164895 -0.0958093 -0.0681891    -9.8083 
             231.302  4.04237 -1.62695  129.615  9.91006  9.34448 0.863484 0 0 0   -0.011 -0.02329  0.04412 0.322226 0.130757  0.74843 -0.000350617 -0.000262451  0.000694432   0.0168917   0.0498513 -0.00161201   -0.10033 -0.0634331   -9.80828 
             231.401  4.62812 -1.78764  116.357  9.94372  9.35766 0.946278 0 0 0   -0.011 -0.02329  0.04412   0.3867 0.124472 0.954307 -0.000267857 -0.000291303  0.000840883  0.0163496  0.0499639 -0.0017089  -0.100835 -0.0633699   -9.80828 
             231.502  3.66839 -0.68839  101.059 9.99741 9.37563 1.05886 0 0 0   -0.011 -0.02329  0.04412 0.473085 0.154078  1.16233 -0.000226071  -0.00032592  0.000928394   0.0205508   0.0546296 -0.00282094 -0.0971794  -0.058834   -9.80834 
             231.601 0.924072  1.17204  86.4253 10.0591  9.3925 1.17738 0 0 0   -0.011 -0.02329  0.04412 0.502892 0.183783  1.20722 -0.000159643 -0.000363447  0.000963872   0.0257755   0.0584244 -0.00294173 -0.0924247 -0.0552414   -9.80841 
             231.702 -2.4553 2.96785 76.3944 10.0827 9.41652 1.28867 0 0 0   -0.011 -0.02329  0.04412 0.346817 0.248551  1.11099 -0.000173435 -0.000388564  0.000584935   0.0181529   0.0532843 -0.00183418 -0.0996035 -0.0597127   -9.80831 
             231.801 -5.1369 4.47594  70.966  10.128 9.44084 1.38454 0 0 0   -0.011 -0.02329  0.04412 0.316438 0.324441 0.985443 -0.000206441 -0.000369038  0.000350859      0.02193    0.0562195 -0.000514231 -0.0959208 -0.0573852   -9.80836 
             231.902 -6.1432 5.63364 70.7646  10.148 9.48292 1.48114 0 0 0   -0.011 -0.02329  0.04412 0.202226 0.456512 0.966155 -0.000280764 -0.000359854  0.000207167    0.0190896    0.0544761 -0.000496609 -0.0986709 -0.0584861   -9.80833 
             232.003 -5.27779  6.22183  75.1248 10.1624 9.53428 1.58468 0 0 0   -0.011 -0.02329  0.04412 0.113815 0.565529  1.04461 -0.000330824 -0.000297188  2.79192e-05    0.0186832    0.0538714 -0.000878242 -0.0991668   -0.05894   -9.80832 
             232.101 -3.16399  6.08561  82.5949  10.183 9.58476 1.69564 0 0 0   -0.011 -0.02329  0.04412 0.115517  0.61561  1.08906 -0.000382142 -0.000272375 -5.51609e-05   0.0222737   0.0558335 -0.00146749 -0.0957847 -0.0578156   -9.80836 
             232.202 -0.7863 5.26788 91.1148 10.2055 9.63324 1.80736 0 0 0   -0.011 -0.02329  0.04412 0.148487 0.594345 0.972445 -0.000391805 -0.000246992  -0.00011107    0.027915   0.0564553 -0.00191811 -0.0907584 -0.0580552   -9.80841 
             232.301 0.409688  2.48527  98.9628 10.2253 9.68667 1.89112 0 0 0   -0.011 -0.02329  0.04412 0.154365 0.554315 0.706907 -0.000316135 -0.000134365 -8.98183e-06   0.0301372   0.0567615 -0.00139084 -0.0886802 -0.0580197   -9.80843 
             232.403 -1.39714 -3.06771  103.521 10.2332  9.7332 1.93771 0 0 0   -0.011 -0.02329  0.04412 0.104783 0.419745 0.343938 -0.000227469 -1.49805e-05  0.000123252   0.0298905   0.0536082 0.000173155 -0.0890204 -0.0608788   -9.80841 
             232.502 -5.95531 -9.19156  105.174 10.2348 9.76887 1.93577 0 0 0   -0.011 -0.02329  0.04412  0.0129825   0.255846 -0.0484746 -0.000149002 -9.29832e-05  0.000281394  0.0280647  0.0520208 0.00303284 -0.0906778 -0.0622229   -9.80838 
             232.602 -10.6285 -13.4502  104.261 10.2254 9.78752 1.91249 0 0 0   -0.011 -0.02329  0.04412 -0.141418 0.0233136 -0.253774 -0.000201553 -0.000229169  0.000357453   0.026179  0.0511695 0.00424725   -0.09242 -0.0628778   -9.80836 
             232.702 -13.6367 -14.7838  101.223 10.1964 9.79609 1.89627 0 0 0   -0.011 -0.02329  0.04412 -0.344908 -0.165113 -0.272384 -0.000252013  -0.00037341   0.00041787  0.0196052  0.0543295 0.00308418 -0.0983058 -0.0601117   -9.80832 
             232.802 -12.5073 -10.8032   97.741 10.1667 9.78311 1.88749 0 0 0   -0.011 -0.02329  0.04412 -0.444287 -0.258904 -0.266418 -0.000531947 -0.000663342  0.000281735  0.0187194   0.060495 0.00117449 -0.0989141 -0.0550018   -9.80835 
             232.902 -8.20427 -2.25513  98.2876 10.1267 9.75666 1.87163 0 0 0   -0.011 -0.02329  0.04412 -0.498401  -0.24961 -0.273517 -0.000645372 -0.000739947 -7.18598e-06    0.0197533    0.0630959 -0.000178087 -0.0978774 -0.0530642   -9.80837 
             233.002 -1.93018   5.9716  104.258 10.0797  9.7456 1.85284 0 0 0   -0.011 -0.02329  0.04412  -0.494849 -0.0690407  -0.164904 -0.000639428 -0.000601137 -0.000130451    0.0182307    0.0664737 -0.000665564 -0.0991306 -0.0500954   -9.80837 
             233.102 4.79869 9.78567 114.492 10.0323  9.7677 1.85157 0 0 0   -0.011 -0.02329  0.04412 -0.453197  0.239596 0.0835857 -0.000501398 -0.000368924 -0.000280181   0.0137689   0.0718079 -0.00118401  -0.103021 -0.0451859   -9.80835 
             233.203 8.28002 7.64734 125.094 9.99262 9.77503 1.86628 0 0 0   -0.011 -0.02329  0.04412 -0.362117  0.326912  0.252797  -0.00035586 -0.000191682 -0.000306793    0.0204922    0.0650738 -0.000611525 -0.0969257 -0.0513412   -9.80839 
             233.303 8.00434 2.71976 133.605  9.9692 9.79529 1.90907 0 0 0   -0.011 -0.02329  0.04412 -0.233664  0.357461  0.413734 -0.000297134 -0.000143835 -0.000227904    0.026822   0.0615333 -0.00167531 -0.0911554 -0.0543087   -9.80843 
             233.401  5.81512 -1.46205   139.19 9.94634 9.83218 1.94875 0 0 0   -0.011 -0.02329  0.04412 -0.155625  0.385798  0.466031  -0.00029274 -0.000180743  -8.3579e-05   0.0254164   0.0611612 -0.00118857 -0.0923944 -0.0547723   -9.80841 
             233.502   3.4338 -3.27386  141.872 9.94004 9.88659 1.99185 0 0 0   -0.011 -0.02329  0.04412 -0.0612599   0.439043   0.479631 -0.000298925 -0.000270785  5.04678e-05    0.0252557    0.0678649 -0.000756115 -0.0931023 -0.0487812   -9.80844 
             233.604  1.36534 -2.88227  142.145 9.92708 9.92538 2.03698 0 0 0   -0.011 -0.02329  0.04412 -0.0561722   0.394419   0.456382 -0.000303337 -0.000321151  0.000116806    0.0224806     0.064856 -0.000242802 -0.0953052 -0.0517904    -9.8084 
             233.703 -0.224678  -1.38226   140.787 9.92385 9.96106 2.07565 0 0 0   -0.011 -0.02329  0.04412 -0.0403797   0.368345    0.39858 -0.000316139 -0.000317745  9.76303e-05   0.0236261   0.0641616 0.000339431 -0.0942183 -0.0523028   -9.80841 
             233.802   -1.31859 -0.0209333    138.771 9.91175  9.9955 2.10975 0 0 0   -0.011 -0.02329  0.04412 -0.0870736   0.335492   0.340279 -0.000303355 -0.000295727  0.000115972   0.0210723   0.0630447 0.000752422 -0.0964074 -0.0535757   -9.80838 
             233.902 -1.80573 0.570934  136.962 9.89636 10.0283 2.14177 0 0 0   -0.011 -0.02329  0.04412 -0.074059  0.291513  0.273933 -0.000375589 -0.000259203  8.41373e-05   0.0190114   0.0626644 0.000785707 -0.0982223 -0.0541271   -9.80836 
             234.003 -2.08606   0.4282  135.979 9.90307 10.0531 2.16868 0 0 0   -0.011 -0.02329  0.04412 -0.0130937   0.228069   0.227079 -0.000299603 -0.000242955  1.81645e-05   0.0234248   0.0633224 0.000570641 -0.0943182 -0.0531194    -9.8084 
             234.102  -2.25321 0.0770088   136.852 9.89666 10.0783 2.19006 0 0 0   -0.011 -0.02329  0.04412 -0.0388638   0.207942   0.187387 -0.000365079 -0.000255945 -2.42949e-05   0.0214568   0.0641754 0.000526545 -0.0961654 -0.0525307   -9.80839 
             234.203 -1.76428 0.071422  137.727 9.89519  10.097 2.20737 0 0 0   -0.011 -0.02329  0.04412 -0.0187348   0.172883   0.138845 -0.000389187 -0.000277299 -1.45404e-05   0.0224728   0.0641004 0.000480642  -0.095247 -0.0525114    -9.8084 
             234.302 -1.11003 0.270004  138.354  9.8904 10.1058 2.22037 0 0 0   -0.011 -0.02329  0.04412 -0.0382955   0.130339  0.0987085 -0.000360374 -0.000293301  3.15267e-06  0.0227084  0.0613852 0.00032678 -0.0947972   -0.05493   -9.80839 
             234.402 -0.576005  0.486907   138.571 9.88782 10.1257 2.22951 0 0 0   -0.011 -0.02329  0.04412 -0.0142939   0.153961  0.0661165 -0.000361554 -0.000302453  1.04165e-05   0.0220502   0.0636265 0.000286436  -0.095591 -0.0529825   -9.80839 
             234.502 -0.138736  0.438205   138.416 9.88616 10.1466 2.23145 0 0 0   -0.011 -0.02329  0.04412 -0.0143269   0.167878  0.0175354 -0.000318223 -0.000264442  3.78952e-05   0.0213538    0.065444 0.000687725 -0.0963779 -0.0514107   -9.80839 
             234.602 0.0496121  0.195165   138.116 9.89452 10.1553 2.23328 0 0 0   -0.011 -0.02329  0.04412    0.052058     0.13325 -0.00876465 -0.000317499 -0.000247068  4.47194e-05   0.0246911   0.0638319 0.000513257 -0.0932432 -0.0525501   -9.80842 
             234.702 0.0668563  -0.05496   137.943 9.90355 10.1727 2.23234 0 0 0   -0.011 -0.02329  0.04412  0.206453  0.149589 -0.031198 -0.000342121 -0.000273794   8.7136e-06   0.0240666   0.0650415 0.000372072 -0.0939144  -0.051528   -9.80842 
             234.802  0.159691 -0.261499   138.499 9.93843 10.1818  2.2302 0 0 0   -0.011 -0.02329  0.04412   0.615925   0.135635 -0.0226705 -0.000328168 -0.000274478 -6.89104e-05   0.0246325   0.0631459 0.000261943 -0.0932368 -0.0531705   -9.80841 
             234.902   1.00623 -0.257371    141.12 10.0227 10.1965 2.23024 0 0 0   -0.011 -0.02329  0.04412 0.980186 0.148855 0.057491  -0.00030876  -0.00029676 -0.000163602   0.0285248    0.064677 0.000102915 -0.0899023 -0.0514583   -9.80845 
             235.002  1.15975 0.394556  144.432 10.1113 10.2048 2.23834 0 0 0   -0.011 -0.02329  0.04412  0.911621  0.129253 0.0661307 -0.000246365 -0.000330166 -0.000145277    0.0270193    0.0620237 -0.000183237 -0.0909971 -0.0539625   -9.80843 
             235.102 -0.993155   2.50953    146.02 10.1617 10.2225 2.23815 0 0 0   -0.011 -0.02329  0.04412  0.677484  0.140438 0.0231498 -0.000134868 -0.000400106 -2.52564e-05   0.0158784   0.0604278 0.000610846 -0.100759 -0.056491  -9.80832 
             235.202 -4.49612  5.09058  144.669 10.1834 10.2208 2.22868 0 0 0   -0.011 -0.02329  0.04412  0.374678  0.068436 -0.050143 -0.000123303 -0.000465677  6.48339e-05 0.00582977  0.0528226 0.00177465  -0.108845 -0.0643235   -9.80819 
             235.302 -7.44557  6.47245  141.322 10.2002 10.2282 2.21443 0 0 0   -0.011 -0.02329  0.04412  0.148339 0.0452786  -0.12744 -0.000186639  -0.00038642  0.000164214 0.00169753  0.0523476 0.00251856  -0.112431 -0.0651987   -9.80814 
             235.403 -8.60459  5.93232  137.484 10.1862 10.2441 2.19933 0 0 0   -0.011 -0.02329  0.04412 -0.098167 0.0515035 -0.180797 -0.000296969 -0.000252384  0.000122121 -0.00562594   0.0545277  0.00223828  -0.119176 -0.0640831   -9.80807 
             235.501 -7.87514  4.03671  134.011 10.1918  10.241 2.18732 0 0 0   -0.011 -0.02329  0.04412  -0.136677 -0.0252619   -0.19846 -0.000352434 -0.000188074  0.000130176 0.00127788  0.0545708 0.00174882 -0.113126 -0.063418  -9.80814 
             235.602 -6.05212  1.96309  131.675 10.1898 10.2298 2.16807 0 0 0   -0.011 -0.02329  0.04412  -0.154562 -0.0953561  -0.209709 -0.000406605 -0.000192795  8.32906e-05  0.0065401   0.054113 0.00185645  -0.108435 -0.0633981    -9.8082 
             235.702 -3.96383 0.495603  130.462 10.1807 10.2261 2.16039 0 0 0   -0.011 -0.02329  0.04412 -0.169262  -0.09718 -0.171615 -0.000422803 -0.000249634  4.41013e-05  0.00810339   0.0571824 0.000539566  -0.107378 -0.0606761   -9.80822 
             235.802   -2.26624 -0.0472093     130.32 10.1628 10.2083 2.13018 0 0 0   -0.011 -0.02329  0.04412 -0.192843   -0.1602 -0.232786 -0.000432178 -0.000273229  2.53145e-05 0.00899858  0.0550763 0.00195179  -0.106396 -0.0623974   -9.80822 
             235.902  -1.2642 0.186048  130.887 10.1456 10.1991 2.10794 0 0 0   -0.011 -0.02329  0.04412 -0.189682 -0.142064 -0.233973 -0.000411903 -0.000309941  -3.4404e-06 0.00864191  0.0572297 0.00187558  -0.106824 -0.0605194   -9.80823 
             236.001 -0.749204  0.685685   131.847 10.1268 10.1858 2.08735 0 0 0   -0.011 -0.02329  0.04412 -0.193061 -0.141121 -0.224261 -0.000398942 -0.000274398 -4.68494e-05 0.00865695   0.057551 0.00157842  -0.106831 -0.0602459   -9.80823 
             236.102 -0.505108  0.998919   132.815 10.0961 10.1795  2.0666 0 0 0   -0.011 -0.02329  0.04412 -0.254687 -0.104547 -0.204226 -0.000377615 -0.000263504 -5.56507e-05 0.00534086  0.0582925 0.00139486  -0.109796 -0.0597659    -9.8082 
             236.202 -0.313966  0.986997   133.582 10.0747 10.1665 2.04773 0 0 0   -0.011 -0.02329  0.04412 -0.248416 -0.105309 -0.201626 -0.000390529  -0.00020745 -5.75272e-05  0.0066963   0.058106 0.00120282  -0.108594 -0.0598589   -9.80822 
             236.302 -0.142074  0.668013   134.056  10.052  10.161 2.02673 0 0 0   -0.011 -0.02329  0.04412  -0.241667 -0.0826461  -0.208347 -0.000379483 -0.000199286  -7.0857e-05 0.00676227  0.0595427 0.00132257  -0.108621 -0.0585914   -9.80822 
             236.402 0.0501114  0.174177   134.194 10.0293 10.1493 2.00614 0 0 0   -0.011 -0.02329  0.04412 -0.238109 -0.095371  -0.20685 -0.000393405  -0.00018845 -4.56074e-05 0.00754318  0.0588276 0.00129504   -0.10789 -0.0591709   -9.80823 
             236.503  0.216306 -0.287194    134.12 10.0048 10.1387 1.98737 0 0 0   -0.011 -0.02329  0.04412 -0.224005 -0.101121 -0.194436 -0.000388968 -0.000175175 -7.97992e-05 0.00734573  0.0585543 0.00106676  -0.108048 -0.0594253   -9.80822 
             236.601  0.304468 -0.584644   133.911 9.98729 10.1294  1.9704 0 0 0   -0.011 -0.02329  0.04412 -0.197023 -0.113234 -0.184985 -0.000359919 -0.000205559 -5.50724e-05  0.00812505   0.0592222 0.000825327  -0.107409 -0.0587929   -9.80824 
             236.703  0.335009 -0.612815   133.701 9.96484 10.1215  1.9504 0 0 0   -0.011 -0.02329  0.04412 -0.187679 -0.104252 -0.183925 -0.000387728 -0.000223958 -6.62031e-05  0.00705482   0.0597801 0.000977453  -0.108382 -0.0583708   -9.80823 
             236.803  0.393892 -0.483823   133.577 9.94664 10.1136 1.93681 0 0 0   -0.011 -0.02329  0.04412 -0.177384 -0.100449 -0.153045 -0.000403085 -0.000226889 -5.89032e-05  0.00681157   0.0605054 0.000499942  -0.108638 -0.0577573   -9.80823 
             236.902  0.487032 -0.363591   133.542  9.9317 10.1042 1.92157 0 0 0   -0.011 -0.02329  0.04412  -0.146326 -0.0944119  -0.151093 -0.000418559 -0.000171261 -8.36303e-05 0.00713543  0.0608054 0.00051217  -0.108374 -0.0574759   -9.80823 
             237.001  0.649599 -0.343142   133.579 9.92511 10.0981 1.90708 0 0 0   -0.011 -0.02329  0.04412 -0.109687 -0.071615 -0.146448 -0.000429629 -0.000178482 -8.82515e-05  0.00853738   0.0621612 0.000447669 -0.107232 -0.056213  -9.80825 
             237.102  0.799126 -0.347971   133.668  9.9108 10.0905 1.89267 0 0 0   -0.011 -0.02329  0.04412  -0.111601 -0.0752125  -0.138916 -0.000444083 -0.000184822 -9.24113e-05  0.00779705   0.0617592 0.000404202  -0.107853 -0.0566058   -9.80824 
             237.202  0.888884 -0.399687   133.778 9.89945 10.0822 1.88183 0 0 0   -0.011 -0.02329  0.04412  -0.096696 -0.0727368  -0.120905 -0.000418915 -0.000200183 -9.06772e-05  0.00767717   0.0614422 6.02638e-05  -0.107938 -0.0568904   -9.80824 
             237.302  0.962876 -0.453026   133.877 9.89036 10.0771 1.86902 0 0 0   -0.011 -0.02329  0.04412 -0.0802405 -0.0614763  -0.125935   -0.0004224 -0.000225575 -7.11312e-05  0.00742065   0.0618998 0.000160504  -0.108188 -0.0565073   -9.80824 
             237.401   1.00645 -0.503457    133.93 9.88909 10.0701 1.85906 0 0 0   -0.011 -0.02329  0.04412 -0.0433068  -0.064954  -0.106038 -0.000382633 -0.000233593 -5.25414e-05    0.0087161    0.0623148 -9.55478e-05  -0.107087 -0.0560744   -9.80826 
             237.501  0.984099 -0.511298   133.959 9.87931 10.0677 1.84823 0 0 0   -0.011 -0.02329  0.04412 -0.0521003 -0.0465865  -0.109336 -0.000388404 -0.000228645 -3.96118e-05    0.0070621    0.0625766 -4.87873e-05  -0.108536 -0.0559421   -9.80824 
             237.602  0.904795 -0.461452   133.935 9.87624 10.0673 1.83559 0 0 0   -0.011 -0.02329  0.04412 -0.0292614 -0.0298944   -0.11937 -0.000375065   -0.0002436 -1.19016e-05  0.00696189   0.0636997 0.000100195  -0.108689 -0.0549763   -9.80824 
             237.702  0.831553 -0.437668   133.902 9.87183 10.0546 1.82475 0 0 0   -0.011 -0.02329  0.04412 -0.0270805 -0.0642202  -0.116491 -0.000386948 -0.000275546  3.78736e-05    0.0074812    0.0613374 -2.39452e-05  -0.108103 -0.0569873   -9.80824 
             237.803  0.768733 -0.358549    133.86 9.87205 10.0476 1.81224 0 0 0   -0.011 -0.02329  0.04412 -0.00426767  -0.0647292   -0.121823 -0.000367312 -0.000300565  3.04935e-05  0.0080301  0.0614195 2.8444e-05  -0.107634 -0.0568857   -9.80824 
             237.902 0.704451 -0.23902  133.813 9.87135 10.0443 1.80184 0 0 0   -0.011 -0.02329  0.04412 0.00411325 -0.0567025  -0.110633 -0.000352246 -0.000322292  8.56094e-06   0.00761113    0.0620568 -0.000147721   -0.10803 -0.0563607   -9.80824 
             238.004   0.66099 -0.120267   133.829 9.87754 10.0437 1.79153 0 0 0   -0.011 -0.02329  0.04412  0.0342542 -0.0334413  -0.102068 -0.000336506 -0.000338987   4.7447e-06  0.00824601   0.0636363 -0.00026059  -0.107571 -0.0549689   -9.80826 
             238.101   0.666171 -0.0399476    133.875 9.87676 10.0397 1.77937 0 0 0   -0.011 -0.02329  0.04412  0.0180027 -0.0297195  -0.116785 -0.000373225 -0.000341237  1.13105e-05  0.00748988   0.0630455 2.36245e-05  -0.108189 -0.0555149   -9.80825 
             238.202   0.728088 -0.0184015    133.892  9.8776 10.0394 1.76599 0 0 0   -0.011 -0.02329  0.04412   0.014724 -0.0117183  -0.139659 -0.000366653 -0.000331381  2.85495e-05  0.00706945   0.0634777 0.000135678  -0.108574 -0.0551658   -9.80824 
             238.302   0.78112 0.0187051   133.965 9.88296 10.0387 1.75056 0 0 0   -0.011 -0.02329  0.04412  0.0359386 0.00146382  -0.152455 -0.000406637 -0.000331465   4.6478e-05  0.00785128   0.0637386 0.000259133  -0.107917 -0.0549012   -9.80825 
             238.401  0.791066 0.0019639   134.004 9.88512 10.0348 1.73682 0 0 0   -0.011 -0.02329  0.04412   0.0325071 -0.00503694   -0.150114 -0.000410012 -0.000291683  5.39238e-05   0.0079434   0.0627066 4.80369e-05  -0.107784 -0.0557794   -9.80825 
             238.502   0.764517 -0.0721168    134.043 9.89212 10.0397  1.7245 0 0 0   -0.011 -0.02329  0.04412 0.0594423 0.0105077 -0.139245 -0.000386317 -0.000264048  4.52335e-05   0.00805939     0.064149 -0.000304294  -0.107761 -0.0545432   -9.80826 
             238.601  0.711294 -0.171306   134.091 9.89933 10.0406 1.71242 0 0 0   -0.011 -0.02329  0.04412  0.0736705 0.00719619  -0.132872 -0.000393146 -0.000250226  3.13452e-05   0.00824611    0.0642258 -0.000502942  -0.107606 -0.0544687   -9.80826 
             238.703   0.62007 -0.133262   134.155 9.90507 10.0399 1.69857 0 0 0   -0.011 -0.02329  0.04412  0.0674622 0.00180257  -0.135781 -0.000382608 -0.000249246  4.01059e-05   0.00802067    0.0638208 -0.000466484  -0.107777 -0.0548247   -9.80825 
             238.801  0.516134 0.0203666   134.222  9.9108 10.0374 1.68446 0 0 0   -0.011 -0.02329  0.04412   0.0634043 -0.00693233   -0.138184 -0.000379757 -0.000286561  1.32862e-05   0.00811487     0.063164 -0.000360733  -0.107663 -0.0553778   -9.80825 
             238.901 0.451027 0.166755  134.274  9.922  10.04 1.6726 0 0 0   -0.011 -0.02329  0.04412   0.0833785 0.000825897   -0.126987 -0.000389765   -0.0002906  1.92964e-05   0.00874653    0.0642745 -0.000594471  -0.107183 -0.0544049   -9.80826 
             239.002  0.44677 0.242346  134.347 9.93322 10.0422 1.65853 0 0 0   -0.011 -0.02329  0.04412  0.0941443 0.00500645  -0.133951 -0.000415898 -0.000290492  4.09616e-05   0.00904887    0.0649069 -0.000470965  -0.106959 -0.0538533   -9.80827 
             239.102 0.471404 0.285447  134.391 9.93529 10.0449 1.64468 0 0 0   -0.011 -0.02329  0.04412 0.0693494 0.0119628 -0.133335 -0.000420656 -0.000296022  4.97724e-05   0.00752654     0.064696 -0.000436721 -0.108238 -0.054107  -9.80825 
             239.203 0.510593 0.318272  134.435 9.94316 10.0425 1.63167 0 0 0   -0.011 -0.02329  0.04412  0.0696534 0.00195224   -0.12803 -0.000442618 -0.000270494  4.62091e-05   0.00798372    0.0640966 -0.000439467  -0.107821 -0.0545908   -9.80826 
             239.302 0.561902 0.263952  134.459 9.94978   10.05 1.61824 0 0 0   -0.011 -0.02329  0.04412 0.0678905 0.0323643 -0.137695 -0.000439359 -0.000253593  2.43818e-05   0.00740449    0.0655324 -0.000396973 -0.108382 -0.053408  -9.80826 
             239.402 0.629235 0.175001  134.521 9.95843 10.0566 1.60543 0 0 0   -0.011 -0.02329  0.04412 0.0799613 0.0569964 -0.134464 -0.00045339  -0.0002162 2.93297e-05    0.0074712    0.0662976 -0.000521518  -0.108365 -0.0527608   -9.80826 
             239.502 0.685784 0.102286   134.57 9.96513 10.0685 1.59416 0 0 0   -0.011 -0.02329  0.04412 0.0791407 0.0861889 -0.122079 -0.000465075 -0.000203355  6.66302e-05  0.00668695   0.0673216 -0.00074608  -0.109076 -0.0519383   -9.80826 
             239.602  0.68217 0.125318  134.616 9.96923 10.0759 1.58321 0 0 0   -0.011 -0.02329  0.04412 0.0721827 0.0863462 -0.110325   -0.0004473 -0.000250341  6.97958e-05    0.0060922    0.0667538 -0.000886818 -0.109549 -0.052444  -9.80825 
             239.702 0.606515 0.167005  134.675 9.97647 10.0792 1.57233 0 0 0   -0.011 -0.02329  0.04412 0.0665228 0.0649982  -0.10199 -0.000459034  -0.00024087  5.08479e-05   0.00654727    0.0657633 -0.000855188  -0.109118 -0.0532525   -9.80825 
             239.803 0.540839 0.230439  134.731 9.97679  10.084 1.56102 0 0 0   -0.011 -0.02329  0.04412 0.0407429 0.0633881 -0.113598 -0.000460128 -0.000255068   5.5634e-05   0.00559049    0.0648408 -0.000771844  -0.109874 -0.0540694   -9.80824 
             239.901 0.438295  0.23653  134.778  9.9859  10.093 1.55075 0 0 0   -0.011 -0.02329  0.04412 0.0523415 0.0692837 -0.108108 -0.000445824 -0.000197465  6.88196e-05   0.00633425    0.0658404 -0.000913725  -0.109301 -0.0531998   -9.80825 
             240.002 0.366592 0.169712  134.845 9.99694 10.0976 1.54014 0 0 0   -0.011 -0.02329  0.04412 0.0676661 0.0506565 -0.103628 -0.000455096 -0.000186212  7.76865e-05   0.00752665    0.0659256 -0.000929255   -0.10831 -0.0530732   -9.80826 
             240.102  0.370896 0.0795246   134.917 10.0078 10.0994 1.52996 0 0 0   -0.011 -0.02329  0.04412 0.0853738 0.0343698 -0.101328 -0.000488835  -0.00017699  6.36182e-05   0.00845287    0.0656386 -0.000942287  -0.107524 -0.0532693   -9.80827 
             240.201    0.47639 0.00254022    134.992 10.0118 10.1061  1.5192 0 0 0   -0.011 -0.02329  0.04412 0.0709826 0.0426248 -0.106977 -0.000504932 -0.000200535  8.06616e-05   0.00743319    0.0658679 -0.000887854  -0.108383 -0.0531254   -9.80826 
             240.302 0.524434 0.025479   135.04 10.0207 10.1201 1.50914 0 0 0   -0.011 -0.02329  0.04412  0.0777235  0.0767375 -0.0970503 -0.000516547 -0.000216796   9.9489e-05   0.00704582    0.0678058 -0.000954125  -0.108798 -0.0515352   -9.80826 
             240.402  0.514879 0.0670555   135.038 10.0266 10.1327 1.50133 0 0 0   -0.011 -0.02329  0.04412  0.0710268   0.091713 -0.0845965 -0.000516404 -0.000179296    0.0001135  0.00628518   0.0685739 -0.00115126  -0.109465 -0.0509347   -9.80826 
             240.501  0.489281 0.0640014   135.036 10.0309 10.1367 1.49265 0 0 0   -0.011 -0.02329  0.04412  0.0570065  0.0699214 -0.0850882  -0.00052924 -0.000191736  0.000113132  0.00618609    0.067457 -0.00110992  -0.109495 -0.0518628   -9.80825 
             240.602 0.488049 0.095881  135.047 10.0363  10.147 1.48311 0 0 0   -0.011 -0.02329  0.04412  0.0498165  0.0841861 -0.0845539 -0.000567702 -0.000172421  0.000120268   0.00591452    0.0679764 -0.000992839  -0.109743 -0.0514455   -9.80825 
             240.701 0.467983 0.140712  135.048  10.045 10.1538 1.47455 0 0 0   -0.011 -0.02329  0.04412  0.0685033  0.0891827 -0.0899806 -0.000612264 -0.000194552  0.000131868   0.00666873    0.0679595 -0.000994502  -0.10912 -0.051426  -9.80826 
             240.801 0.462852  0.16404  135.063 10.0577  10.166 1.46541 0 0 0   -0.011 -0.02329  0.04412  0.0928352   0.103125 -0.0914387 -0.000618225 -0.000188935  0.000135061 0.00740898  0.0689399 -0.0010028 -0.108555 -0.050587  -9.80827 
             240.902  0.419638 0.0850686   135.091 10.0675 10.1724  1.4556 0 0 0   -0.011 -0.02329  0.04412 0.0930991 0.0839683 -0.100605  -0.00057265 -0.000164452   0.00013923   0.00778194    0.0683248 -0.000917852  -0.10822 -0.051076  -9.80827 
             241.002   0.316435 -0.0104492    135.103 10.0725 10.1866 1.44554 0 0 0   -0.011 -0.02329  0.04412 0.0796071 0.0898141 -0.103194 -0.000559893  -0.00013424  0.000175754   0.00658225     0.069112 -0.000915586   -0.10924 -0.0504812   -9.80826 
             241.101   0.175689 -0.0173956    135.165 10.0769 10.1953 1.43556 0 0 0   -0.011 -0.02329  0.04412 0.0677766 0.0873575 -0.112485 -0.000559653 -0.000143663  0.000165471   0.00606544    0.0688336 -0.000988623  -0.109651 -0.0507311   -9.80826 
             241.202  0.0744195 0.00627529    135.179 10.0866 10.1971 1.42499 0 0 0   -0.011 -0.02329  0.04412  0.069168 0.0456227 -0.111102  -0.00056575 -0.000141063  0.000191401   0.0070277   0.0680339 -0.00112901  -0.10883 -0.051346  -9.80826 
             241.301 0.0485943 0.0387965   135.218 10.0943 10.2053  1.4161 0 0 0   -0.011 -0.02329  0.04412 0.0710863 0.0581465 -0.100175 -0.000550497 -0.000122358  0.000227097  0.00690014   0.0687216 -0.00138165  -0.108964 -0.0507925   -9.80826 
             241.401 0.0471796 0.0462908   135.259 10.0984 10.2141 1.40705 0 0 0   -0.011 -0.02329  0.04412  0.0582535  0.0685329 -0.0951322 -0.000569675 -0.000117159  0.000225103  0.00620476   0.0690676 -0.00149673  -0.109546 -0.0505401   -9.80826 
             241.503 -0.0092357  0.0774517    135.273 10.1074 10.2238 1.39783 0 0 0   -0.011 -0.02329  0.04412  0.0720569  0.0708352 -0.0929844 -0.000540582 -0.000106306  0.000197844  0.00643376   0.0698392 -0.00158446  -0.109392 -0.0499046   -9.80826 
             241.602 -0.12776 0.126982  135.312 10.1185 10.2348 1.38728 0 0 0   -0.011 -0.02329  0.04412  0.0749198  0.0818314 -0.0999602 -0.000517823 -0.000119867    0.0001657  0.00686096   0.0708239 -0.00144263  -0.109085 -0.0490874   -9.80827 
             241.702 -0.167046  0.144546   135.357 10.1198  10.235 1.37758 0 0 0   -0.011 -0.02329  0.04412  0.0418351  0.0411508 -0.0979884 -0.000523881 -9.66057e-05  0.000128836  0.00648106   0.0692226 -0.00147273  -0.109328 -0.0503993   -9.80826 
             241.802 -0.110686  0.122684   135.437 10.1197 10.2394 1.36963 0 0 0   -0.011 -0.02329  0.04412  0.0214373  0.0353548 -0.0905744 -0.000585539 -8.74359e-05   0.00010743  0.00576391   0.0689683 -0.00167647  -0.109899 -0.0506349   -9.80825 
             241.901 -0.0531594   0.132927    135.519 10.1249 10.2463 1.36189 0 0 0   -0.011 -0.02329  0.04412  0.0260419  0.0500087 -0.0838778 -0.000569923 -0.000125282  8.58244e-05  0.00609798   0.0697862 -0.00182284  -0.109663 -0.0499639   -9.80826 
             242.002 -0.0519032   0.173345     135.57 10.1342 10.2558 1.35384 0 0 0   -0.011 -0.02329  0.04412  0.0452571  0.0718452 -0.0723869 -0.000557931 -0.000115526  8.50379e-05   0.0068894   0.0709947 -0.00177995  -0.109073 -0.0489599   -9.80827 
             242.101 -0.0569435   0.174666    135.601 10.1372 10.2615 1.34642 0 0 0   -0.011 -0.02329  0.04412  0.0272289  0.0611893 -0.0763976 -0.000550829 -0.000120123  5.56015e-05 0.00682959  0.0707287 -0.0017593  -0.109111 -0.0491757   -9.80827 
             242.202 -0.052199  0.114281   135.632 10.1399 10.2614 1.33928 0 0 0   -0.011 -0.02329  0.04412  0.0314308  0.0370843 -0.0779431 -0.000539111 -7.47126e-05  6.70809e-05  0.00721463   0.0697293 -0.00187245  -0.108762 -0.0499642   -9.80827 
             242.302 -0.133325 0.0186489   135.676 10.1431 10.2682 1.33067 0 0 0   -0.011 -0.02329  0.04412  0.0381043  0.0501791 -0.0780754 -0.000546606 -2.54474e-05  3.90467e-05  0.00697725    0.070165 -0.00175322 -0.108969 -0.049623  -9.80827 
             242.402  -0.234051 -0.0571249    135.731 10.1465 10.2741 1.32361 0 0 0   -0.011 -0.02329  0.04412  0.0357976  0.0498066 -0.0754996 -0.000562318 -5.16608e-05  1.99291e-05  0.00685649   0.0703324 -0.00186043  -0.109073 -0.0494949   -9.80827 
             242.504 -0.292939 -0.108414    135.76 10.1444 10.2725 1.31449 0 0 0   -0.011 -0.02329  0.04412  0.0178266  0.0127815 -0.0786549   -0.0005664 -3.70668e-05  3.16107e-05  0.00639242   0.0689796 -0.00165945   -0.10939 -0.0505888   -9.80826 
             242.601  -0.27052 -0.120362   135.765 10.1456 10.2784 1.30972 0 0 0   -0.011 -0.02329  0.04412  0.0175389  0.0281314 -0.0564919 -0.000587102 -3.90031e-05  3.03081e-05  0.00591202   0.0696717 -0.00196864  -0.109801 -0.0500594   -9.80826 
             242.702  -0.276476 -0.0382636    135.784 10.1465 10.2743 1.30196 0 0 0   -0.011 -0.02329  0.04412   0.0161748 -0.00390196  -0.0626407 -0.000593776 -4.07943e-05  4.52674e-05 0.00623775  0.0685815 -0.0017024    -0.1095 -0.0509103   -9.80826 
             242.802  -0.32127 0.0866319   135.742 10.1434 10.2776  1.2949 0 0 0   -0.011 -0.02329  0.04412 -0.0056766 0.00136626 -0.0644872  -0.00058508 -5.54659e-05  4.07027e-05  0.00528668   0.0689182 -0.00159939  -0.110267 -0.0506758   -9.80825 
             242.901 -0.335471  0.181849   135.697 10.1444 10.2771 1.28809 0 0 0   -0.011 -0.02329  0.04412 -0.00653616 -0.00154245  -0.0554072 -0.000586745 -6.61456e-05  4.39793e-05  0.00555952   0.0690077 -0.00149089  -0.110053 -0.0505939   -9.80825 
             243.003 -0.284512  0.248325   135.666 10.1438 10.2831 1.28266 0 0 0   -0.011 -0.02329  0.04412 -0.0107569  0.0227465  -0.058868 -0.000599652 -8.05548e-05  4.21373e-05  0.00524075   0.0699569 -0.00152275  -0.110339 -0.0498554   -9.80825 
             243.101 -0.290719  0.275553   135.658 10.1436 10.2823 1.27494 0 0 0   -0.011 -0.02329  0.04412  -0.021426  0.0152465 -0.0650183 -0.000581127  -9.2509e-05  7.17156e-06  0.00564639   0.0695322 -0.00127879  -0.110003 -0.0501738   -9.80825 
             243.201 -0.341423   0.30484   135.695 10.1425 10.2797  1.2659 0 0 0   -0.011 -0.02329  0.04412 -0.0263009 0.00621922  -0.088871 -0.000559633 -0.000109484 -3.20543e-05  0.00611291   0.0689263 -0.00106463 -0.109613 -0.050633  -9.80826 
             243.303 -0.367595  0.263244   135.769 10.1369 10.2807  1.2562 0 0 0   -0.011 -0.02329  0.04412 -0.0365654 0.00485561 -0.0948806 -0.000554249 -0.000106102 -3.58106e-05  0.00565673   0.0688044 -0.00103494  -0.109968 -0.0507426   -9.80825 
             243.403 -0.380749  0.177042    135.83 10.1341 10.2759 1.25036 0 0 0   -0.011 -0.02329  0.04412 -0.0307772 -0.0163849 -0.0778326 -0.000517233 -0.000114551 -3.41195e-05  0.00609528   0.0680386 -0.00150555 -0.109603 -0.051335  -9.80825 
             243.502 -0.463643  0.137837   135.865  10.132 10.2754 1.24316 0 0 0   -0.011 -0.02329  0.04412 -0.0336495 -0.0173545 -0.0749332 -0.000512691 -0.000131048 -6.04421e-06 0.00617682  0.0683731 -0.0015445   -0.10955 -0.0510714   -9.80826 
             243.602 -0.567233  0.130661   135.901 10.1257  10.277 1.23446 0 0 0   -0.011 -0.02329  0.04412 -0.0508213  -0.012227 -0.0836741 -0.000466694 -0.000105139 -3.86661e-05  0.00553191   0.0687682 -0.00145491  -0.110066 -0.0507817   -9.80825 
             243.701 -0.584196 0.0944113   135.888 10.1147 10.2703 1.22624 0 0 0   -0.011 -0.02329  0.04412 -0.0829077 -0.0390955 -0.0784021 -0.000507601 -7.09074e-05 -2.50432e-05 0.00509866  0.0676239 -0.0014326  -0.110367 -0.0516858   -9.80824 
             243.801 -0.450848 0.0709418   135.869 10.1049  10.266 1.22125 0 0 0   -0.011 -0.02329  0.04412   -0.10079 -0.0512288  -0.069589 -0.000537089 -6.32998e-05 -4.21866e-05  0.00497295   0.0675945 -0.00175027  -0.110466 -0.0517173   -9.80824 
             243.902 -0.331819 0.0276786    135.84 10.0961 10.2577 1.21427 0 0 0   -0.011 -0.02329  0.04412  -0.103528 -0.0645246 -0.0713371  -0.00052827 -5.36086e-05 -3.23032e-05  0.00538339   0.0672725 -0.00176518  -0.110138 -0.0519552   -9.80824 
             244.005  -0.208408 -0.0494065    135.783 10.0899 10.2567 1.20947 0 0 0   -0.011 -0.02329  0.04412 -0.0827862 -0.0464533 -0.0558689 -0.000533033 -2.70764e-05 -1.24513e-05  0.00565093   0.0683877 -0.00203639  -0.109966 -0.0510883   -9.80825 
             244.101 -0.130067 -0.151444   135.757 10.0842 10.2567 1.20479 0 0 0   -0.011 -0.02329  0.04412 -0.0725635  -0.046791  -0.055115 -0.000553839 -4.81783e-05  2.83918e-05   0.0056061   0.0692739 -0.00207325  -0.110026 -0.0504056   -9.80825 
             244.201 -0.0439778  -0.200104     135.74 10.0755 10.2531 1.19981 0 0 0   -0.011 -0.02329  0.04412 -0.0772268 -0.0524282 -0.0417803 -0.000553038 -4.29172e-05  3.83395e-05  0.00533393   0.0694109 -0.00207713   -0.11024 -0.0503073   -9.80825 
             244.303 -0.021189  -0.16924    135.75 10.0663 10.2481 1.19441 0 0 0   -0.011 -0.02329  0.04412 -0.0895769 -0.0560247 -0.0428803 -0.000538811 -2.94769e-05   2.5215e-05  0.00517121    0.069419 -0.00190325  -0.110365 -0.0503032   -9.80825 
             244.401 -0.00557624  -0.0904313     135.767 10.0607 10.2416 1.19029 0 0 0   -0.011 -0.02329  0.04412 -0.0709132 -0.0577311 -0.0437481 -0.000507923  1.07503e-05   1.6793e-05  0.00563893   0.0694847 -0.00192238  -0.110008 -0.0502415   -9.80825 
             244.504 0.00618386 -0.0723686    135.789 10.0556 10.2339 1.18468 0 0 0   -0.011 -0.02329  0.04412 -0.0593341 -0.0743317 -0.0499597 -0.000457674  3.60051e-05   8.4396e-06  0.00598103   0.0694786 -0.00178158  -0.109745 -0.0502364   -9.80826 
             244.603 0.0381417  -0.07878   135.833 10.0503 10.2318 1.17859 0 0 0   -0.011 -0.02329  0.04412  -0.054397 -0.0608689 -0.0540717 -0.000476631  1.61549e-05  1.62366e-05  0.00569024   0.0702793 -0.00165365  -0.109987 -0.0496301   -9.80826 
             244.701  0.0934169 -0.0452797    135.884 10.0494 10.2265 1.17391 0 0 0   -0.011 -0.02329  0.04412 -0.0263761 -0.0598114 -0.0593801 -0.00047298 2.91176e-05 2.47238e-05  0.00619557    0.070669 -0.00176132  -0.109612 -0.0493223   -9.80826 
             244.803   0.0873953 1.66034e-05      135.92 10.0433 10.2225 1.16822 0 0 0   -0.011 -0.02329  0.04412 -0.0369554 -0.0500403 -0.0603358 -0.000469222  3.22012e-05  2.43007e-05  0.00558285   0.0706869 -0.00180327  -0.110079 -0.0493232   -9.80826 
             244.901 0.0935101 0.0329501   135.939 10.0349 10.2169 1.16212 0 0 0   -0.011 -0.02329  0.04412 -0.0555051 -0.0520278 -0.0648987 -0.000449637  8.26549e-05  2.78136e-05  0.00500603    0.070289 -0.00177824  -0.110507 -0.0496382   -9.80825 
             245.001 0.0720841 0.0270345   135.931 10.0301 10.2143 1.15746 0 0 0   -0.011 -0.02329  0.04412  -0.042751 -0.0440386 -0.0599701 -0.000472199  0.000129774  7.07164e-05  0.00487127   0.0707114 -0.00202467  -0.110621 -0.0493232   -9.80825 
             245.101 0.0561309 0.0106689   135.895  10.026 10.2131 1.15514 0 0 0   -0.011 -0.02329  0.04412 -0.0431803 -0.0271247 -0.0407105 -0.000473909  8.86306e-05  9.06848e-05 0.00468107  0.0711236 -0.0024813  -0.110776 -0.0490196   -9.80825 
             245.203 0.0232576 0.0123017   135.868 10.0126 10.2052  1.1519 0 0 0   -0.011 -0.02329  0.04412 -0.0803036 -0.0447993  -0.035509 -0.000505374  5.66229e-05  5.41995e-05 0.00381929  0.0698754 -0.0026154  -0.111399 -0.0499805   -9.80824 
             245.302   0.0376876 0.000413266     135.835  10.007 10.1999  1.1466 0 0 0   -0.011 -0.02329  0.04412  -0.079557 -0.0413423 -0.0424891 -0.00053514 5.89058e-05 8.67946e-05  0.00428395   0.0698386 -0.00239819  -0.111047 -0.0499969   -9.80824 
             245.404   0.0251821 -0.00377076      135.82 10.0056 10.1956 1.14294 0 0 0   -0.011 -0.02329  0.04412 -0.0529009 -0.0367565 -0.0377962 -0.000533716  3.94233e-05  7.04673e-05  0.00519606   0.0701826 -0.00247277  -0.110369 -0.0497217   -9.80825 
             245.502 -0.0330221 -0.0461206    135.806 10.0017 10.1892 1.13995 0 0 0   -0.011 -0.02329  0.04412 -0.0457011 -0.0523981 -0.0423391 -0.000514023  6.74176e-05    7.116e-05  0.00549864   0.0699095 -0.00256847  -0.110137 -0.0499216   -9.80825 
             245.603 -0.0818138   -0.12707    135.789 10.0013 10.1838 1.13759 0 0 0   -0.011 -0.02329  0.04412 -0.0281179   -0.05675 -0.0255908 -0.000518866  7.46333e-05  8.33264e-05  0.00605591    0.070219 -0.00274689  -0.109727 -0.0496823   -9.80826 
             245.703 -0.101885 -0.188711   135.784  9.9933 10.1795 1.13629 0 0 0   -0.011 -0.02329  0.04412 -0.0458449 -0.0571593 -0.0270253 -0.00048571 6.20436e-05 0.000118053  0.00530015   0.0701112 -0.00294302  -0.110289 -0.0497773   -9.80825 
             245.802 -0.107911 -0.202287   135.801  9.9829 10.1725 1.13268 0 0 0   -0.011 -0.02329  0.04412  -0.068613 -0.0557926  -0.032032 -0.000504075    8.451e-05  8.46537e-05 0.00461531  0.0695164  -0.002825  -0.110789 -0.0502295   -9.80825 
             245.902  -0.10178 -0.184735   135.749 9.98155  10.164  1.1312 0 0 0   -0.011 -0.02329  0.04412 -0.0481582 -0.0724219 -0.0218055 -0.000494425  0.000103511  0.000118082  0.00554979   0.0694599 -0.00305366  -0.110094 -0.0502597   -9.80825 
             246.002 -0.105087  -0.17099   135.722 9.98019 10.1564 1.12857 0 0 0   -0.011 -0.02329  0.04412 -0.0310813 -0.0687349 -0.0227704 -0.000494998  0.000118096  0.000148327  0.00598357   0.0696242 -0.00300975  -0.109775 -0.0501312   -9.80826 
             246.101 -0.117625 -0.174807   135.726   9.981 10.1564  1.1279 0 0 0   -0.011 -0.02329  0.04412 -0.0154809 -0.0469085 -0.0164538 -0.000489808   0.00013706  0.000143207  0.00607166   0.0708126 -0.00321253  -0.109729 -0.0492542   -9.80826 
             246.201 -0.120031 -0.186667   135.727 9.97292 10.1437 1.12491 0 0 0   -0.011 -0.02329  0.04412 -0.0352444 -0.0887908 -0.0305025 -0.00048173 0.000160555 0.000171727  0.00566742   0.0693921 -0.00311533  -0.110006 -0.0503054   -9.80825 
             246.302 -0.111742 -0.152312   135.721   9.967 10.1365 1.12001 0 0 0   -0.011 -0.02329  0.04412 -0.0505476 -0.0766547 -0.0386642 -0.000494985  0.000162035  0.000193444  0.00532887   0.0694601 -0.00290832  -0.110256 -0.0502573   -9.80825 
             246.401 -0.0909845 -0.0941908    135.692 9.95973 10.1302 1.11997 0 0 0   -0.011 -0.02329  0.04412 -0.0645326 -0.0737851 -0.0215084 -0.000467989  0.000164233  0.000160495  0.00500075    0.069509 -0.00338156  -0.110498 -0.0502306   -9.80825 
             246.501 -0.0569837 -0.0539874     135.68 9.95541 10.1218 1.11887 0 0 0   -0.011 -0.02329  0.04412 -0.0572086  -0.074916 -0.0148892 -0.000475048  0.000124997  0.000118975   0.0053342   0.0695292 -0.00350286  -0.110255 -0.0502135   -9.80825 
             246.602 -0.0379263 -0.0449479    135.717 9.95666 10.1129 1.11733 0 0 0   -0.011 -0.02329  0.04412 -0.0332705 -0.0840703 -0.0169767 -0.000462655  0.000124189  0.000108764  0.00629152   0.0698163 -0.00350519  -0.109558 -0.0499945   -9.80826 
             246.702 -0.0460209 -0.0219883    135.779 9.95672 10.1027 1.11651 0 0 0   -0.011 -0.02329  0.04412 -0.0220953 -0.0876859 -0.0162007 -0.000423077  9.87499e-05  0.000109255  0.00683279   0.0698405 -0.00367299  -0.109165 -0.0499736   -9.80827 
             246.802  -0.065366 -0.0161687    135.838  9.9526 10.0928 1.11511 0 0 0   -0.011 -0.02329  0.04412 -0.0343632 -0.0875903 -0.0144762 -0.000387145  0.000136228  0.000137495  0.00667812   0.0695629 -0.00369294 -0.109274 -0.050177  -9.80826 
             246.902 -0.0800488 -0.0343059    135.885 9.94863 10.0879 1.11501 0 0 0   -0.011 -0.02329  0.04412  -0.0361539  -0.0690747 -0.00948894 -0.000340408  0.000128361  0.000161188  0.00639553   0.0699856 -0.00386663  -0.109484 -0.0498746   -9.80826 
             247.003 -0.0816643 -0.0353354    135.867 9.94407 10.0817 1.11323 0 0 0   -0.011 -0.02329  0.04412 -0.0379136 -0.0677062 -0.0193968 -0.000361332  0.000119851  0.000214682  0.00625978   0.0699808 -0.00383183 -0.109583 -0.049879  -9.80826 
             247.103  -0.0623816 0.000451115     135.816 9.93864 10.0764 1.11334 0 0 0   -0.011 -0.02329  0.04412  -0.0471123  -0.0598592 -0.00386925 -0.000349957  9.84393e-05  0.000228763  0.00596734   0.0700534 -0.00406144  -0.109795 -0.0498315   -9.80826 
             247.201 -0.0646925  0.0479677    135.738 9.93406 10.0688 1.11468 0 0 0   -0.011 -0.02329  0.04412 -0.0529885 -0.0688053 0.00398872 -0.000316232  5.89998e-05  0.000220466  0.00613465   0.0698641 -0.00426197  -0.109674 -0.0499684   -9.80826 
             247.301 -0.0939598   0.120799    135.682  9.9302 10.0623 1.11493 0 0 0   -0.011 -0.02329  0.04412 -0.0560417 -0.0682785 0.00889531 -0.000269217  5.68727e-05  0.000176202   0.0063216   0.0700003 -0.00422014  -0.10954 -0.049869  -9.80826 
             247.403 -0.101285   0.14659   135.658 9.92376 10.0477 1.11641 0 0 0   -0.011 -0.02329  0.04412 -0.0683592  -0.101128 0.00975461 -0.000245065  6.34904e-05  0.000207234  0.00669392   0.0690515 -0.00425009  -0.109267 -0.0505467   -9.80826 
             247.501 -0.0900504   0.168902     135.64 9.92285 10.0414 1.11628 0 0 0   -0.011 -0.02329  0.04412  -0.056526 -0.0761354 0.00983886 -0.000267531  7.13422e-05  0.000190321  0.00722816   0.0698418 -0.00408949  -0.108889 -0.0499784   -9.80827 
             247.602 -0.054988  0.207864   135.652 9.91767 10.0389 1.11742 0 0 0   -0.011 -0.02329  0.04412 -0.0510386 -0.0529459 0.00760935 -0.000267526   6.1434e-05  0.000192915  0.00701149   0.0704887 -0.00412463  -0.109047 -0.0495185   -9.80827 
             247.702 -0.020253  0.236103   135.685 9.91069 10.0269 1.11723 0 0 0   -0.011 -0.02329  0.04412  -0.0666341  -0.0739385 -0.00557305 -0.00025242 4.32719e-05   0.0001945  0.00722039    0.069532 -0.00402873  -0.108893 -0.0501972   -9.80827 
             247.802 0.0180515  0.205525   135.729 9.90385 10.0223 1.11742 0 0 0   -0.011 -0.02329  0.04412   -0.0720409   -0.0654938 -0.000767673 -0.000278178  7.99413e-05  0.000189366  0.00703791   0.0698571 -0.00414727 -0.109025 -0.049968  -9.80827 
             247.902 0.0337343  0.167541   135.765 9.89709 10.0118 1.11934 0 0 0   -0.011 -0.02329  0.04412 -0.0663837 -0.0713545 0.00578238 -0.000284033  6.79776e-05  0.000182989  0.00730337    0.069345 -0.00440062  -0.108837 -0.0503316   -9.80827 
             248.002 0.0542257  0.164421   135.771 9.89312 10.0085 1.12148 0 0 0   -0.011 -0.02329  0.04412 -0.0607761 -0.0464345   0.021243 -0.000274062  5.85576e-05  0.000216975  0.00744846   0.0699548 -0.00456709  -0.108737 -0.0499023   -9.80827 
             248.102 0.0126974  0.160795   135.765 9.88168 10.0062 1.12341 0 0 0   -0.011 -0.02329  0.04412 -0.0834364 -0.0261388   0.026218 -0.000286199  7.40375e-05  0.000206407  0.00670455   0.0698487 -0.00454306  -0.109261 -0.0499779   -9.80826 
             248.203 0.00668194   0.122195    135.746  9.8763 9.99434 1.12458 0 0 0   -0.011 -0.02329  0.04412 -0.0711405  -0.059078  0.0216493 -0.00030603 7.11519e-05 0.000206078  0.00757721   0.0688861 -0.00432857  -0.108644 -0.0506514   -9.80827 
             248.302 -0.0141967   0.135316    135.726 9.87683 9.98694 1.12123 0 0 0   -0.011 -0.02329  0.04412 -0.0443698 -0.0666652 0.00223603 -0.00027581 7.02448e-05  0.00021871  0.00857253   0.0691651 -0.00365372  -0.107943 -0.0504505   -9.80828 
             248.402 -0.0502095   0.165307    135.727 9.86884 9.98071 1.12192 0 0 0   -0.011 -0.02329  0.04412   -0.0607679   -0.0597766 -0.000677361 -0.000290619  7.12755e-05  0.000246159  0.00815054   0.0689633 -0.00375866  -0.108239 -0.0505922   -9.80827 
             248.502 -0.0376575   0.172202     135.75 9.86329 9.97528 1.12013 0 0 0   -0.011 -0.02329  0.04412   -0.0648897     -0.06484 -0.000549978 -0.000271957  5.58852e-05  0.000248872  0.00815445   0.0691425 -0.00350619  -0.108235 -0.0504653   -9.80827 
             248.601 -0.0380568   0.186041    135.739 9.85619  9.9702 1.11766 0 0 0   -0.011 -0.02329  0.04412 -0.0650474 -0.0536105 -0.0212989 -0.00025033  3.8481e-05 0.000267841  0.00801867   0.0692484 -0.00326135  -0.108328 -0.0503895   -9.80827 
             248.702 -0.0164495   0.229584    135.752 9.84913 9.96433 1.11259 0 0 0   -0.011 -0.02329  0.04412 -0.0645179 -0.0548436 -0.0392044 -0.000238474  1.27823e-05  0.000222282  0.00800899   0.0691366 -0.00294111  -0.108333 -0.0504644   -9.80827 
             248.802 0.00511627   0.289024    135.754  9.8434 9.95576 1.10628 0 0 0   -0.011 -0.02329  0.04412 -0.0678189 -0.0630632 -0.0603226 -0.000240781 -7.03037e-07  0.000221138  0.00833003   0.0688296 -0.00271706   -0.10811 -0.0506758   -9.80827 
             248.902 0.0642324  0.299652   135.802 9.83815 9.95673  1.1016 0 0 0   -0.011 -0.02329  0.04412 -0.0624169 -0.0340311 -0.0564062 -0.000242306  1.31315e-05  0.000191602  0.00811602   0.0697668 -0.00291273  -0.108257 -0.0500302   -9.80827 
             249.002 0.121655 0.270483  135.845 9.82878 9.95956 1.09662 0 0 0   -0.011 -0.02329  0.04412  -0.0737715 -0.00627701  -0.0524351 -0.000236372  3.13381e-05   0.00019085  0.00740071   0.0703388 -0.00299746  -0.108749 -0.0496347   -9.80827 
             249.101 0.190481 0.289007  135.884 9.81968 9.95045 1.09142 0 0 0   -0.011 -0.02329  0.04412 -0.0782628 -0.0360418  -0.049337 -0.000272162 -1.05515e-06  0.000184789  0.00768308   0.0692083 -0.00296564  -0.108558 -0.0504114   -9.80827 
             249.202 0.263352 0.296459  135.943 9.81105 9.95252 1.08628 0 0 0   -0.011 -0.02329  0.04412 -0.0794918 -0.0114414 -0.0513841 -0.000296087 -2.24666e-05  0.000146231  0.00730107   0.0697688 -0.00292533 -0.108818 -0.050026  -9.80827 
             249.302 0.311397  0.31748   135.98 9.81022  9.9437  1.0783 0 0 0   -0.011 -0.02329  0.04412 -0.0578622 -0.0374272 -0.0580461 -0.000338991  -1.7553e-05   0.00016227  0.00858809    0.069271 -0.00257257  -0.107938 -0.0503692   -9.80828 
             249.402  0.29242 0.320988  136.012 9.80188 9.94315 1.07324 0 0 0   -0.011 -0.02329  0.04412 -0.0586624 -0.0156518 -0.0647768 -0.000339501 -2.91783e-05  0.000195261  0.00805807   0.0694452 -0.00272119 -0.108299 -0.050249  -9.80827 
             249.502 0.273922 0.333506  136.046 9.79481 9.94669 1.06713 0 0 0   -0.011 -0.02329  0.04412 -0.0659733 0.00358588 -0.0573954 -0.000343862 -3.11826e-05  0.000203003  0.00763618   0.0699791 -0.00274584  -0.108585 -0.0498848   -9.80827 
             249.603 0.192973 0.373064   136.03  9.7873 9.94712   1.063 0 0 0   -0.011 -0.02329  0.04412 -0.0642904 0.00941082 -0.0522191 -0.000340696 -5.11998e-05  0.000177802  0.00752114   0.0698821 -0.00297036  -0.108665 -0.0499508   -9.80827 
             249.702 0.134288 0.381997  136.008 9.78191 9.94296 1.05825 0 0 0   -0.011 -0.02329  0.04412  -0.0553064 -0.00400008  -0.0459649 -0.000365951 -2.31695e-05  0.000160071  0.00793322   0.0692493 -0.00302243  -0.108388 -0.0503806   -9.80827 
             249.802 0.0526758  0.356249   136.006 9.77571 9.94591 1.05327 0 0 0   -0.011 -0.02329  0.04412 -0.0602081  0.0160911 -0.0490915 -0.000365642 -2.04744e-05  0.000183795  0.00770505   0.0695442 -0.00296992  -0.108541 -0.0501803   -9.80827 
             249.902 0.0171847  0.310107   136.015 9.76571 9.94687 1.05077 0 0 0   -0.011 -0.02329  0.04412 -0.0773393   0.019039 -0.0391193 -0.000378311 -1.00458e-05   0.00018509  0.00730044   0.0691821 -0.00329245  -0.108817 -0.0504231   -9.80827 
             250.002 0.0587598  0.253853   136.018 9.75678 9.95068 1.04703 0 0 0   -0.011 -0.02329  0.04412 -0.0809015  0.0408942 -0.0356148 -0.000373355 -2.56628e-05  0.000187793  0.00709862   0.0692377 -0.00327965  -0.108952 -0.0503844   -9.80827 
             250.101 0.131568 0.205473  136.017 9.74957 9.95151 1.04506 0 0 0   -0.011 -0.02329  0.04412 -0.0761935  0.0373284 -0.0295215 -0.000388328 -2.61484e-05  0.000203381  0.00736558   0.0688359 -0.00346788  -0.108776 -0.0506561   -9.80827 
             250.201 0.178645 0.152317  136.008 9.74409 9.95012 1.04119 0 0 0   -0.011 -0.02329  0.04412  -0.065433  0.0222842 -0.0332294 -0.000387663  -2.3832e-05  0.000200237  0.00789745   0.0683398 -0.00336094  -0.108424 -0.0509902   -9.80827 
             250.302 0.166861 0.116162  135.989  9.7339 9.94984 1.03796 0 0 0   -0.011 -0.02329  0.04412 -0.0758461  0.0164819 -0.0153436 -0.000359157 -3.61999e-05   0.00022813  0.00762785   0.0678233 -0.00331608  -0.108606 -0.0513313   -9.80826 
             250.402  0.14324 0.102722  135.984 9.72683 9.95047 1.03714 0 0 0   -0.011 -0.02329  0.04412 -0.0759069  0.0150918 -0.0185922 -0.000360057 -2.77701e-05  0.000241472    0.007752   0.0677268 -0.00344905  -0.108525 -0.0513971   -9.80826 
             250.502  0.145471 0.0919893   135.944 9.72123 9.95179 1.03456 0 0 0   -0.011 -0.02329  0.04412 -0.0634512   0.017898  -0.026494 -0.000340546  1.21592e-05  0.000268736  0.00798182   0.0678094 -0.00336428  -0.108372 -0.0513441   -9.80827 
             250.602  0.152302 0.0660914   135.916 9.71292  9.9534 1.03351 0 0 0   -0.011 -0.02329  0.04412  -0.071727  0.0157773 -0.0212402 -0.000358686  7.28797e-06  0.000268054   0.0077918   0.0676494 -0.00357303   -0.1085 -0.051449  -9.80826 
             250.701  0.199947 0.0368493   135.885 9.70483 9.95391 1.03258 0 0 0   -0.011 -0.02329  0.04412 -0.0687453  0.0106714 -0.0120555 -0.000356431   5.9036e-06  0.000283423   0.0077032    0.067455 -0.00370485   -0.10856 -0.0515767   -9.80826 
             250.802  0.236006 0.0140492   135.852 9.70136 9.95635 1.03186 0 0 0   -0.011 -0.02329  0.04412 -0.0508107   0.014886 -0.0120653 -0.000356912  3.52018e-06  0.000280761  0.00801598    0.067812 -0.00377053  -0.108351 -0.0513466   -9.80827 
             250.902   0.257548 0.00227005    135.828 9.69652 9.95359  1.0319 0 0 0   -0.011 -0.02329  0.04412   -0.0438274 -0.000563562   -0.0154243  -0.0003484 4.59429e-05 0.000281281  0.00821756   0.0673521 -0.00401367  -0.108225 -0.0516512   -9.80827 
             251.002    0.311665 -0.00415941     135.826 9.69252 9.95278 1.03206 0 0 0   -0.011 -0.02329  0.04412  -0.0313811 -0.00267459   -0.013161 -0.000398145  4.21197e-05  0.000273525  0.00825548   0.0672506 -0.00423605  -0.108202 -0.0517191   -9.80827 
             251.102  0.359777 0.0369252   135.838 9.68782 9.95639 1.03296 0 0 0   -0.011 -0.02329  0.04412 -0.0291102  0.0156902 0.00524001 -0.000392904  2.80343e-05  0.000272418    0.007797   0.0675152 -0.00445304  -0.108498 -0.0515417   -9.80826 
             251.201 0.352123 0.119186  135.877 9.68091 9.95873 1.03559 0 0 0   -0.011 -0.02329  0.04412 -0.0341208  0.0215494 0.00695584 -0.000378284  3.04747e-05  0.000275216  0.00730003   0.0673318 -0.00471145  -0.108823 -0.0516545   -9.80826 
             251.301 0.323067 0.190516  135.935 9.67902 9.96574 1.03588 0 0 0   -0.011 -0.02329  0.04412 -0.0216889  0.0527602 0.00270417 -0.000381606  4.29501e-05  0.000229156  0.00717198   0.0679076 -0.00470546  -0.108898 -0.0512802   -9.80826 
             251.402 0.252258 0.230462  135.999 9.67528 9.96728 1.03813 0 0 0   -0.011 -0.02329  0.04412 -0.0238502  0.0467532 0.00731336 -0.000331792  3.52657e-05  0.000222642   0.0072144   0.0673157 -0.00498242   -0.10888 -0.0516635   -9.80826 
             251.502 0.169044 0.243465  136.037 9.67046 9.97209  1.0401 0 0 0   -0.011 -0.02329  0.04412 -0.0360928  0.0515719  0.0176115 -0.000323206  4.91193e-05  0.000215627  0.00695214   0.0671642 -0.00508781  -0.109051 -0.0517574   -9.80826 
             251.603 0.131041 0.214003  136.061 9.66676 9.97445 1.04067 0 0 0   -0.011 -0.02329  0.04412  -0.0373179   0.0453795 0.000892485 -0.000307348  1.87215e-05  0.000199858  0.00713866   0.0667966 -0.00498632  -0.108936 -0.0519956   -9.80826 
             251.703 0.0954331  0.181433   136.102 9.66236 9.97476 1.04054 0 0 0   -0.011 -0.02329  0.04412  -0.0423812   0.0336165 -0.00658971 -0.000312478 -3.40326e-05  0.000186839  0.00732661   0.0662501 -0.00502464  -0.108823 -0.0523483   -9.80826 
             251.803 0.0537355  0.174711   136.119 9.65436 9.98052 1.03907 0 0 0   -0.011 -0.02329  0.04412 -0.0580721  0.0428267 -0.0112142 -0.000278268 -5.91414e-05  0.000192119  0.00681099   0.0662888 -0.00493948  -0.109151 -0.0523155   -9.80825 
             251.901 0.0427331  0.148905   136.127 9.64854 9.98109   1.042 0 0 0   -0.011 -0.02329  0.04412 -0.0613035  0.0312868   0.010799  -0.00028186 -4.52873e-05  0.000207844  0.00702577   0.0658843 -0.00545721  -0.109022 -0.0525794   -9.80825 
             252.001 0.0784703  0.143882   136.133 9.64381 9.99007  1.0437 0 0 0   -0.011 -0.02329  0.04412 -0.0553422  0.0585145 0.00819151 -0.000285108 -5.70493e-05  0.000151344  0.00683545   0.0665997 -0.00553429  -0.109134 -0.0521229   -9.80825 
             252.103   0.1208 0.104021  136.133 9.64383 9.98756 1.04351 0 0 0   -0.011 -0.02329  0.04412 -0.0331293  0.0253295 0.00345274 -0.000268097 -3.13162e-05  0.000144481   0.0079134   0.0659775 -0.00540732 -0.108459 -0.052533  -9.80826 
             252.201  0.146089 0.0785077   136.145 9.63426 9.99028  1.0438 0 0 0   -0.011 -0.02329  0.04412 -0.0591187  0.0267246 0.00227979 -0.000275276 -3.41725e-05  0.000108725  0.00724713   0.0656271 -0.00538955  -0.108885 -0.0527432   -9.80825 
             252.302 0.123853 0.073627  136.138 9.62928 9.99085  1.0428 0 0 0   -0.011 -0.02329  0.04412  -0.0556311   0.0179479 -0.00364095 -0.000262398 -3.21491e-05  8.85777e-05  0.00745936   0.0655006 -0.00524717  -0.108753 -0.0528255   -9.80825 
             252.403  0.179452 0.0481644   136.148  9.6226 9.99372 1.04387 0 0 0   -0.011 -0.02329  0.04412   -0.0630409    0.0230176 -0.000781307 -0.000269919 -2.27127e-05  0.000137418  0.00731897   0.0655031 -0.00545837  -0.108842 -0.0528227   -9.80825 
             252.503  0.220874 0.0392128    136.14 9.62318 9.99726 1.04389 0 0 0   -0.011 -0.02329  0.04412  -0.0399957   0.0392118 -0.00183976 -0.000271933 -5.21259e-05  0.000144602  0.00801644   0.0659899 -0.00547863  -0.108397 -0.0525302   -9.80826 
             252.601  0.254358 0.0763627   136.141 9.61877 10.0075 1.04271 0 0 0   -0.011 -0.02329  0.04412 -0.0376519  0.0777938 -0.0120958 -0.000267231 -4.80461e-05  0.000163789    0.007638     0.06659 -0.00542184  -0.108624 -0.0521487   -9.80826 
             252.702  0.272463 0.0907712   136.116  9.6143 10.0076 1.04299 0 0 0   -0.011 -0.02329  0.04412  -0.0410681   0.0482558 -0.00875288 -0.000261323 -4.19087e-05  0.000177779  0.00801617   0.0657014 -0.00561084  -0.108403 -0.0527096   -9.80826 
             252.802 0.307925 0.088758  136.103 9.61105 10.0078 1.04216 0 0 0   -0.011 -0.02329  0.04412  -0.0312543   0.0312715 -0.00149455 -0.000283927 -7.20985e-05  0.000201491  0.00835301   0.0651887 -0.00556486  -0.108203 -0.0530338   -9.80826 
             252.902  0.328758 0.0774816   136.088 9.61218 10.0112 1.04399 0 0 0   -0.011 -0.02329  0.04412 -0.0129016  0.0311631 0.00350288 -0.000310186 -8.82276e-05  0.000205093 0.00874292  0.0654482 -0.0058377 -0.107958 -0.052882  -9.80826 
             253.001  0.351714 0.0699281    136.07 9.60533  10.016 1.04354 0 0 0   -0.011 -0.02329  0.04412  -0.0317725   0.0511625 -0.00818678 -0.000324805 -8.22439e-05  0.000207066  0.00808366   0.0652118 -0.00576291  -0.108369 -0.0530143   -9.80826 
             253.103 0.31936 0.08001 136.048 9.60965  10.016 1.04343 0 0 0   -0.011 -0.02329  0.04412 -0.00199614   0.0330909 -0.00245036 -0.000317766 -8.25335e-05  0.000191664  0.00912847   0.0650369 -0.00584331  -0.107729 -0.0531438   -9.80826 
             253.203 0.321788 0.111368  136.066 9.60128 10.0202  1.0435 0 0 0   -0.011 -0.02329  0.04412   -0.030345   0.0359776 -0.00211394 -0.000386684 -0.000119181  0.000211689  0.00818505   0.0646634 -0.00590016  -0.108316 -0.0533529   -9.80826 
             253.301  0.35335 0.161523  136.058 9.60051 10.0221 1.04399 0 0 0   -0.011 -0.02329  0.04412 -0.0182027  0.0314465 0.00236337 -0.000422575  -0.00011754   0.00024357  0.00849815   0.0645839 -0.00597601  -0.108126 -0.0534086   -9.80826 
             253.403 0.382218 0.176931   136.06 9.59994  10.026 1.04496 0 0 0   -0.011 -0.02329  0.04412 -0.00558769   0.0390157    0.010464 -0.000436869 -0.000107548  0.000217458  0.00857342   0.0646842 -0.00606337  -0.108078 -0.0533495   -9.80826 
             253.501 0.416987  0.13628  136.065 9.60015  10.031 1.04574 0 0 0   -0.011 -0.02329  0.04412 0.00368534  0.0395844  0.0149626 -0.000428402 -6.11395e-05  0.000199043   0.0085325   0.0648747 -0.00600106  -0.108099 -0.0532326   -9.80826 
             253.601 0.418507 0.142483  136.084 9.59846 10.0343 1.04611 0 0 0   -0.011 -0.02329  0.04412 0.00227164  0.0346992  0.0106724  -0.00042418 -9.12922e-05  0.000191309  0.00834748   0.0646728 -0.00586576  -0.108215 -0.0533503   -9.80826 
             253.701 0.402403 0.183698  136.111 9.59483 10.0349 1.04601 0 0 0   -0.011 -0.02329  0.04412   -0.01462  0.0207661 0.00545606 -0.000396962 -9.90803e-05   0.00018548  0.00811222    0.064173 -0.00569707  -0.108368 -0.0536464   -9.80825 
             253.801 0.388803 0.254674  136.154 9.59507 10.0393  1.0445 0 0 0   -0.011 -0.02329  0.04412 -0.000179942    0.0362232  -0.00983436 -0.000412363 -0.000122435  0.000182033   0.0081596     0.06447 -0.00548442  -0.108332 -0.0534681   -9.80826 
             253.902 0.418734 0.310381  136.205  9.5919 10.0522 1.04299 0 0 0   -0.011 -0.02329  0.04412 -0.00973716   0.0825753  -0.0143338 -0.000441055 -0.000152089  0.000209139  0.00734591   0.0652305 -0.00543895  -0.108805 -0.0529916   -9.80825 
             254.002 0.476192 0.375483  136.223 9.59209 10.0664 1.04313 0 0 0   -0.011 -0.02329  0.04412 -0.00801831    0.117169 -0.00985157 -0.000458317 -0.000163602  0.000194991  0.00716171   0.0658628 -0.00563964  -0.108902 -0.0526088   -9.80825 
             254.102 0.490461 0.373018  136.229 9.59181 10.0742 1.04208 0 0 0   -0.011 -0.02329  0.04412  -0.00855107     0.100751 -0.000466512 -0.00042565 -0.00014822 0.000215942  0.00741215   0.0655295 -0.00559241  -0.108759 -0.0528138   -9.80825 
             254.203 0.458939 0.305402  136.193 9.58895 10.0785 1.04246 0 0 0   -0.011 -0.02329  0.04412  -0.0038064   0.0770157 -0.00203186 -0.000465939 -0.000166717  0.000219179  0.00745761   0.0647648 -0.00565342  -0.108749 -0.0532706   -9.80825 
             254.302 0.465614 0.236447  136.135 9.59054  10.087 1.04054 0 0 0   -0.011 -0.02329  0.04412 0.00254699  0.0733486  -0.006399 -0.000448562 -0.000162474  0.000236349  0.00759872   0.0649903 -0.00544945  -0.108659 -0.0531399   -9.80825 
             254.403 0.394438 0.232898  136.071 9.58515 10.0966 1.03938 0 0 0   -0.011 -0.02329  0.04412 -0.0142367  0.0791805 -0.0107354 -0.000448617 -0.000200473   0.00024292  0.00689415   0.0648915 -0.00538328  -0.109079 -0.0531808   -9.80825 
             254.501 0.355579 0.306764  136.028 9.58573  10.103 1.03671 0 0 0   -0.011 -0.02329  0.04412 -0.000311783    0.0725938    -0.018292 -0.000445535 -0.000212003  0.000255239  0.00715755   0.0648715 -0.00518463  -0.108923 -0.0531992   -9.80825 
             254.601  0.31895 0.413949  136.019 9.58733 10.1136 1.03408 0 0 0   -0.011 -0.02329  0.04412 0.00643362  0.0952765 -0.0357571 -0.000406106 -0.000260988  0.000224866  0.00716895   0.0652471 -0.00513784  -0.108907 -0.0529785   -9.80825 
             254.701 0.264721 0.481926  136.023 9.58091 10.1205 1.03039 0 0 0   -0.011 -0.02329  0.04412 -0.0296204  0.0837497 -0.0268735 -0.000393098 -0.000236184  0.000187575  0.00666054   0.0646149 -0.00507502  -0.109222 -0.0533347   -9.80825 
               254.8 0.235324 0.467555  136.071 9.57962  10.132  1.0284 0 0 0   -0.011 -0.02329  0.04412 -0.0294938  0.0986759 -0.0212547 -0.000351379 -0.000220358  0.000206585  0.00668089   0.0650378 -0.00513639  -0.109199 -0.0530882   -9.80825 
             254.901 0.191767 0.382006  136.123  9.5795 10.1389 1.02555 0 0 0   -0.011 -0.02329  0.04412 -0.0277249  0.0891086 -0.0270724 -0.000324323 -0.000215871  0.000237828  0.00718411   0.0649071 -0.00503238  -0.108908 -0.0531788   -9.80825 
             255.002 0.194685 0.264733  136.176 9.58005   10.15 1.02328 0 0 0   -0.011 -0.02329  0.04412  -0.015999  0.0993499 -0.0277041 -0.000317059 -0.000226981  0.000263433  0.00737465   0.0653205 -0.00512245  -0.108787 -0.0529441   -9.80825 
             255.102 0.213993 0.133584  136.231 9.57719 10.1649 1.02061 0 0 0   -0.011 -0.02329  0.04412 -0.0195335   0.118914 -0.0295968 -0.000342843 -0.000233199  0.000237419  0.00698505   0.0657542 -0.00515218  -0.109001 -0.0526817   -9.80825 
             255.201  0.249519 0.0796323   136.238 9.57592 10.1708 1.01865 0 0 0   -0.011 -0.02329  0.04412 -0.0119679  0.0926848 -0.0254186 -0.000354968  -0.00025313  0.000232048  0.00733799   0.0651853 -0.00529468  -0.108813 -0.0530211   -9.80825 
             255.302  0.286541 0.0892412   136.264 9.57123 10.1805 1.01597 0 0 0   -0.011 -0.02329  0.04412 -0.0325126   0.100103 -0.0252721 -0.000348824 -0.000251553  0.000255651 0.00701443  0.0650128 -0.0052605  -0.109004 -0.0531113   -9.80825 
             255.401 0.290401 0.132841  136.239 9.57386 10.1883 1.01439 0 0 0   -0.011 -0.02329  0.04412  -0.009554  0.0952372 -0.0225806 -0.000378589 -0.000220295  0.000266896  0.00769553   0.0651184 -0.00536964   -0.10861 -0.0530702   -9.80826 
             255.503 0.22205 0.14709  136.23 9.56799 10.1966 1.01154 0 0 0   -0.011 -0.02329  0.04412 -0.0209582  0.0897414 -0.0241956 -0.000392423 -0.000235581  0.000274922  0.00725754   0.0646646 -0.00535009  -0.108873 -0.0533178   -9.80825 
             255.602 0.0862507  0.188332   136.228 9.56926 10.2059 1.00929 0 0 0   -0.011 -0.02329  0.04412 -0.0108971  0.0911131 -0.0242852 -0.000343975 -0.000239544  0.000272857  0.00755955   0.0649132 -0.00538421  -0.108694 -0.0531846   -9.80825 
             255.701 -0.0531207   0.243726    136.217 9.56815 10.2177 1.00862 0 0 0   -0.011 -0.02329  0.04412 -0.00445421    0.101164 -0.00498353 -0.000328424 -0.000241037  0.000295987  0.00740087   0.0651874 -0.00556443  -0.108777 -0.0530246   -9.80825 
             255.803 -0.128042  0.283893   136.038 9.56167 10.2326 1.00605 0 0 0   -0.011 -0.02329  0.04412 -0.0289056   0.117199 -0.0738205 -0.000321312  -0.00022884  0.000319833  0.00650904   0.0653598 -0.00547232  -0.109278 -0.0528995   -9.80825 
             255.904 0.255699 0.657991  132.362  9.55967  10.2393 0.992214 0 0 0   -0.011 -0.02329  0.04412 -0.0335135   0.105229  -0.206086 -0.000315153 -0.000202044  0.000519007  0.00690907   0.0648812 -0.00530867  -0.109065 -0.0531818   -9.80825 
             256.001 -0.947458  0.862049   123.298  9.55129  10.2531 0.962553 0 0 0   -0.011 -0.02329  0.04412 -0.0905293   0.102244  -0.350379 -0.000213912 -0.000176578  0.000695127  0.00630294   0.0650628 -0.00471945  -0.109391 -0.0530477   -9.80825 
             256.102  -5.14806 -0.216213   109.713 9.53546  10.263 0.92044 0 0 0   -0.011 -0.02329  0.04412 -0.228059  0.052527 -0.349901 -5.75712e-05 -0.000144982   0.00102315  0.00601338   0.0650564 -0.00404774   -0.10954 -0.0530174   -9.80825 
             256.203 -11.3305 -3.40768   91.974  9.49401  10.2741 0.885977 0 0 0   -0.011 -0.02329  0.04412 -0.520767 0.0114276 -0.236313 -1.02612e-05 -0.000188414   0.00117387  0.00475473   0.0650543 -0.00347655   -0.11013 -0.0527286   -9.80824 
             256.303 -15.2256 -8.15567  72.4361   9.439 10.3137  0.8679 0 0 0   -0.011 -0.02329  0.04412 -0.807693  0.122132 -0.141331 -9.43202e-05 -0.000197476   0.00111269  0.00153703   0.0675558 -0.00333972  -0.110174 -0.0506856   -9.80825 
             256.402 -14.4129 -12.6978  52.0587  9.33524  10.2905 0.876273 0 0 0   -0.011 -0.02329  0.04412    -1.16977   -0.039437 -0.00793036 -0.000233431 -0.000218911   0.00115299  0.00483621   0.0676266 -0.00664406  -0.111003 -0.0524406   -9.80823 
             256.501 -9.70983  -15.738  31.5426  9.21171  10.2771 0.887507 0 0 0   -0.011 -0.02329  0.04412   -1.44492 -0.0861587  0.0708735 -0.000296111 -0.000213399   0.00123346  0.00521464   0.0687682 -0.00784879  -0.111039 -0.0529597   -9.80823 
             256.601 -2.97076 -16.5058  11.2752  9.07923  10.2668 0.895314 0 0 0   -0.011 -0.02329  0.04412  -1.61928 -0.114162 0.0889664 -0.000351617 -0.000270669    0.0011987  0.00362578   0.0699864 -0.00697864 -0.109887 -0.053388  -9.80824 
             256.702  4.12775 -14.5623 -8.77417 8.91685 10.2453 0.90169 0 0 0   -0.011 -0.02329  0.04412  -1.79687  -0.20892 0.0845935 -0.000381435  -0.00031075   0.00117461  0.00289288   0.0709743 -0.00627512  -0.109479 -0.0540654   -9.80824 
             256.801   9.5178 -10.1751 -28.1926  8.73427  10.2192 0.907441 0 0 0   -0.011 -0.02329  0.04412  -1.96751 -0.303206 0.0721305 -0.000391216 -0.000302594     0.001194  0.00259868   0.0711827 -0.00588308  -0.109337 -0.0542865   -9.80824 
             256.902  11.8032 -4.67495 -46.5639 8.53397  10.185 0.91337 0 0 0   -0.011 -0.02329  0.04412   -2.0952 -0.392079 0.0679477 -0.000339516 -0.000326195   0.00120914  0.00209208    0.070929 -0.00557519  -0.108961 -0.0544264   -9.80824 
             257.002  11.0598 0.730814 -65.2668 8.32487 10.1416 0.91461 0 0 0   -0.011 -0.02329  0.04412  -2.17834  -0.48741 0.0294832 -0.000266116 -0.000288916   0.00118195  0.00168868   0.0705707 -0.00484539  -0.108535 -0.0545445   -9.80825 
             257.101  7.99847  4.50244 -84.3165  8.11732  10.1079 0.911444 0 0 0   -0.011 -0.02329  0.04412    -2.19091   -0.494189 -0.00640125 -0.000277508 -0.000252083   0.00122436  0.00328193   0.0678582 -0.00376369  -0.107009 -0.0529587   -9.80827 
             257.203   3.7905  5.98464 -103.462  7.88739  10.0376 0.914392 0 0 0   -0.011 -0.02329  0.04412  -2.23659 -0.636692 0.0171177 -0.000280123 -0.000213931   0.00122335  0.00051877   0.0692986 -0.00453575  -0.107862 -0.0549246   -9.80825 
             257.303 -0.35194  5.06598 -122.664  7.66279  9.96839 0.921924 0 0 0   -0.011 -0.02329  0.04412  -2.21251 -0.707213 0.0565844 -0.000288406 -0.000175624   0.00105639 -3.43769e-06     0.069579  -0.00524856  -0.108115 -0.0552981   -9.80825 
             257.402 -3.35263  2.36364 -139.327 7.44815 9.89877 0.92701 0 0 0   -0.011 -0.02329  0.04412  -2.13033 -0.742899  0.019017 -0.000310859 -0.000122005   0.00092331 0.000401112   0.0694754 -0.00520048  -0.107989 -0.0550407   -9.80825 
             257.503    -5.171 -0.221478  -152.011  7.24821  9.83285 0.920086 0 0 0   -0.011 -0.02329  0.04412  -2.02709 -0.751695 -0.159201 -0.000359283 -0.000264228  0.000758949  0.00295545   0.0685636 -0.00475117  -0.106794 -0.0536309   -9.80827 
             257.602 -5.62766  2.49831 -161.136  7.04295   9.7669 0.887347 0 0 0   -0.011 -0.02329  0.04412  -2.03089 -0.774844 -0.395944 -0.000403441  -0.00040495   0.00052886  0.00360349   0.0702904 -0.00354576  -0.107599 -0.0526598   -9.80827 
             257.702 -5.81013  7.54287 -166.726  6.84054  9.68793 0.829146 0 0 0   -0.011 -0.02329  0.04412  -2.06611  -0.84079 -0.678423  -0.00042358 -0.000449501  0.000410363  0.00396305   0.0701418 -0.00242897  -0.107405 -0.0524742   -9.80827 
             257.803 -5.95938  12.4608 -169.447  6.63998  9.61704 0.736659 0 0 0   -0.011 -0.02329  0.04412  -2.12189 -0.845782  -1.02368 -0.000467594 -0.000377972  0.000300283   0.00673985    0.0713236 -0.000727497 -0.106787 -0.050535  -9.80829 
             257.904 -6.13797   15.776 -169.371  6.41331   9.5037 0.629377 0 0 0   -0.011 -0.02329  0.04412  -2.2662 -1.01121 -1.22533 -0.000451382 -0.000284639  0.000150823 0.00417846  0.0682708 -0.0023911  -0.106673 -0.0531798   -9.80828 
             258.002 -2.78333  12.0839 -166.129  6.20265  9.40433 0.525414 0 0 0   -0.011 -0.02329  0.04412  -2.26932    -1.023 -0.988249 -0.000556324  0.000102133  0.000102309  0.00650103   0.0676912 -0.00335583  -0.105454 -0.0525516   -9.80829 
             258.101 0.882701  1.24523 -161.613  5.99217  9.31469 0.469841 0 0 0   -0.011 -0.02329  0.04412  -2.10913 -0.886886 -0.577741 -0.000508123  0.000266243  2.91577e-05  0.00920025   0.0685323 -0.00642355  -0.104928 -0.0513071    -9.8083 
             258.202  2.05912  -9.1117 -157.758  5.79647  9.22586 0.427821 0 0 0   -0.011 -0.02329  0.04412  -1.83181 -0.752477 -0.411853 -0.000430467  0.000173942  4.79178e-05   0.0100183   0.0674058 -0.00752036 -0.104122 -0.051497  -9.80831 
             258.301  1.34924 -13.7864 -155.081  5.63091  9.16731 0.385243 0 0 0   -0.011 -0.02329  0.04412  -1.54326  -0.56084 -0.325089 -0.000364707 -0.000160113  9.58561e-05   0.0113377   0.0682221 -0.00688995   -0.10395 -0.0505118   -9.80832 
             258.402 0.0175059  -11.9405  -153.994  5.48556  9.11175 0.355054 0 0 0   -0.011 -0.02329  0.04412  -1.31124 -0.468007 -0.126486 -0.000330323 -0.000413656  0.000118201   0.0111844   0.0677469 -0.00609573  -0.103818 -0.0508221   -9.80832 
             258.501 -1.40106 -6.06482  -154.43   5.3581  9.06584 0.349673 0 0 0   -0.011 -0.02329  0.04412  -1.20213 -0.451723 0.0925386 -0.000332408 -0.000558263  0.000185116   0.0107463   0.0678949 -0.00575219   -0.10409 -0.0510105   -9.80832 
             258.602    -2.50115 0.000557718    -155.839  5.23449  9.00766 0.372125 0 0 0   -0.011 -0.02329  0.04412 -1.18372 -0.52589  0.30409 -0.000368911 -0.000491443  0.000213735  0.00919422   0.0668881 -0.00604716 -0.104132 -0.052168  -9.80831 
             258.701 -3.03892   3.6563 -157.364  5.11646  8.94465 0.408237 0 0 0   -0.011 -0.02329  0.04412  -1.20276 -0.616147  0.432051 -0.000381781 -0.000324633  0.000188272  0.00839198   0.0659109 -0.00608007  -0.103939 -0.0529527   -9.80831 
             258.802 -2.90603  4.50931 -158.535  4.99502  8.87556 0.452989 0 0 0   -0.011 -0.02329  0.04412  -1.22165 -0.684099  0.493647 -0.000425363 -0.000191893  0.000158381   0.0080627   0.0652511 -0.00587466  -0.103741 -0.0533721   -9.80831 
             258.901 -2.36513  3.49664 -159.212  4.87321  8.80396 0.502548 0 0 0   -0.011 -0.02329  0.04412  -1.23116 -0.714299  0.526606 -0.000426428 -0.000120842  0.000161973   0.0077692     0.06498 -0.00577584  -0.103722 -0.0536193   -9.80831 
             259.002 -1.64159  1.83956 -159.464  4.75119  8.73671 0.554059 0 0 0   -0.011 -0.02329  0.04412  -1.2032 -0.68906 0.523958 -0.000462008  -0.00012406  0.000145947  0.00833911   0.0653898 -0.00544104  -0.103686 -0.0531634   -9.80831 
             259.101 -0.937074  0.499856  -159.525  4.64151     8.67 0.605327 0 0 0   -0.011 -0.02329  0.04412  -1.13548 -0.666572  0.512237 -0.000423815 -0.000165752  0.000123779  0.00938528   0.0649198 -0.00538556  -0.103036 -0.0528511   -9.80832 
             259.202 -0.456562 -0.137817  -159.547  4.52979  8.59961 0.654961 0 0 0   -0.011 -0.02329  0.04412  -1.09278 -0.661742  0.479918 -0.000440836 -0.000144885  0.000149655 0.00928108  0.0643388 -0.0052207    -0.1028 -0.0531331   -9.80832 
             259.302 -0.104075 -0.199934  -159.729  4.42678   8.5348 0.697211 0 0 0   -0.011 -0.02329  0.04412  -1.04959 -0.630391  0.422326 -0.000419984 -0.000123249   0.00018447 0.00993522  0.0639687 -0.0046893  -0.102359 -0.0529672   -9.80832 
             259.402  0.130542 0.0741416  -160.108  4.32182  8.46706 0.737744 0 0 0   -0.011 -0.02329  0.04412  -1.02764 -0.625977  0.382744  -0.00037762 -0.000138324  0.000175475  0.00932776   0.0633564 -0.00467489  -0.102315 -0.0535033   -9.80832 
             259.502 0.310424 0.364101 -160.762  4.22246  8.40771 0.772341 0 0 0   -0.011 -0.02329  0.04412  -1.00663 -0.587875  0.335398 -0.000368923 -0.000125502  0.000136322  0.00982229   0.0633956 -0.00444208  -0.102134 -0.0532546   -9.80832 
             259.601 0.485253 0.511743 -161.663  4.12356  8.34748 0.804877 0 0 0   -0.011 -0.02329  0.04412 -0.990802 -0.571925  0.291704 -0.000387254 -0.000113878  0.000159748  0.00962309   0.0629915 -0.00456056  -0.102026 -0.0535123   -9.80832 
             259.701 0.617962 0.517701 -162.723  4.02218  8.29257 0.832748 0 0 0   -0.011 -0.02329  0.04412  -0.99258 -0.529971  0.256025 -0.000383055 -0.000105073  0.000161157  0.00935507   0.0632623 -0.00459528  -0.102261 -0.0535249   -9.80832 
             259.803 0.768805 0.511684 -163.939  3.93088   8.2347 0.859939 0 0 0   -0.011 -0.02329  0.04412 -0.940849 -0.505543  0.234228 -0.000386673 -0.000108752  0.000143245   0.0100971   0.0619564 -0.00490148  -0.101361 -0.0537286   -9.80833 
             259.902 0.980963 0.621512 -165.209  3.84292  8.18029 0.881485 0 0 0   -0.011 -0.02329  0.04412 -0.917852 -0.500808   0.19316 -0.000399699 -0.000105773  0.000151941   0.0103148    0.060935 -0.00492792  -0.100813 -0.0540594   -9.80833 
             260.002  1.10606 0.757995 -166.291  3.74793  8.13114 0.897834 0 0 0   -0.011 -0.02329  0.04412 -0.927863 -0.466186  0.135904 -0.000372371 -9.12314e-05  0.000157698  0.00989056   0.0610791 -0.00482515  -0.101055 -0.0541841   -9.80833 
             260.101  1.15148  0.83027 -167.086  3.65816  8.08574 0.911015 0 0 0   -0.011 -0.02329  0.04412 -0.908965 -0.433366  0.112381  -0.00035572 -9.75569e-05  0.000131307   0.0100439   0.0609025 -0.00492627  -0.100914 -0.0541938   -9.80833 
             260.202  1.19265 0.597013 -167.645  3.56672  8.04218 0.924764 0 0 0   -0.011 -0.02329  0.04412 -0.896786 -0.394097  0.105818 -0.000331406 -8.92781e-05  0.000140243 0.00994596   0.060689 -0.0053582  -0.100871 -0.0543254   -9.80833 
             260.301    1.39548 -0.0208011    -168.11  3.48533  8.00428 0.936282 0 0 0   -0.011 -0.02329  0.04412 -0.844991  -0.35721 0.0957507 -0.000342427 -8.29678e-05  0.000149378   0.0107191   0.0602709 -0.00558789  -0.100363 -0.0541866   -9.80834 
             260.401    1.6373 -0.811167  -168.539  3.40209  7.96374 0.946369 0 0 0   -0.011 -0.02329  0.04412 -0.813076 -0.329232 0.0823742  -0.00034449 -6.32612e-05  0.000151346   0.0103502    0.059369 -0.00575296  -0.100156 -0.0547314   -9.80834 
             260.501  1.88347 -1.54621 -169.008  3.32227   7.9373 0.952632 0 0 0   -0.011 -0.02329  0.04412 -0.772501 -0.251782 0.0560176 -0.000350043 -5.71844e-05  0.000159522   0.0105417   0.0599018 -0.00556597 -0.100287 -0.054422  -9.80834 
             260.601  1.97039 -2.03737 -169.558  3.25049  7.90762 0.957012 0 0 0   -0.011 -0.02329  0.04412 -0.715232 -0.225273 0.0395725 -0.000323343 -3.03717e-05  0.000183333   0.0106126   0.0589185 -0.00544986 -0.0998623 -0.0548287   -9.80834 
             260.702  1.96507 -2.10847 -170.144  3.17884  7.89161 0.960091 0 0 0   -0.011 -0.02329  0.04412 -0.676733 -0.152876  0.031033 -0.000322449 -8.43962e-05  0.000202675   0.0107206   0.0595558 -0.00538647  -0.100068 -0.0545059   -9.80834 
             260.803  1.87889 -1.73015 -170.742  3.12013  7.87089 0.961655 0 0 0   -0.011 -0.02329  0.04412  -0.608252  -0.134744 0.00816156 -0.000329813  -6.3472e-05  0.000178043   0.0113568   0.0582796 -0.00527422 -0.0992883 -0.0548257   -9.80834 
             260.903   1.72923 -0.998864  -171.285  3.05647  7.85369 0.963238 0 0 0   -0.011 -0.02329  0.04412   -0.606038   -0.120788 -0.00108543 -0.000338336 -8.76082e-05  0.000163301   0.0106211   0.0577833 -0.00541896  -0.099422 -0.0553263   -9.80834 
             261.002  1.57006 -0.13813 -171.673  2.99635  7.84878 0.962946 0 0 0   -0.011 -0.02329  0.04412  -0.610844 -0.0601224 -0.0143324 -0.000368368 -9.14129e-05  0.000119874   0.0108687   0.0584817 -0.00551947 -0.0995759 -0.0549184   -9.80834 
             261.102   1.4591 0.606084 -171.902  2.9372 7.84048 0.96148 0 0 0   -0.011 -0.02329  0.04412   -0.60123 -0.0440141 -0.0166435 -0.000392162 -8.94392e-05  0.000153527   0.0108912   0.0579454 -0.00551931 -0.0993647 -0.0551502   -9.80834 
             261.203  1.37927  1.04871 -172.028  2.87765  7.83028 0.962219 0 0 0   -0.011 -0.02329  0.04412   -0.610768  -0.0374273 -0.00630309 -0.000374392 -5.60608e-05  0.000113574   0.0108372   0.0569939 -0.00577691 -0.0990363  -0.055594   -9.80834 
             261.302  1.31784  1.03663 -172.122  2.82677  7.82444 0.964793 0 0 0   -0.011 -0.02329  0.04412  -0.569877 -0.0327713 0.00277365 -0.000395972  8.54438e-06   0.00015035   0.0118722   0.0562238 -0.00619414 -0.0982927 -0.0555556   -9.80835 
             261.403  1.23117  0.76442 -172.194  2.76617  7.81763 0.966144 0 0 0   -0.011 -0.02329  0.04412    -0.579808   -0.0322319 -0.000970017 -0.00038938 4.24261e-05 0.000125304    0.011304   0.0558292 -0.00634508 -0.0984045  -0.055939   -9.80835 
             261.502  1.18015 0.413142 -172.266  2.71172  7.82193 0.964629 0 0 0   -0.011 -0.02329  0.04412   -0.565342    0.016623 -0.00900952 -0.000374885   5.8744e-05  0.000121726   0.0119251   0.0565472 -0.00617845 -0.0983863  -0.055393   -9.80835 
             261.603  1.16641 0.120736 -172.399  2.65506  7.81916 0.964327 0 0 0   -0.011 -0.02329  0.04412   -0.560961   0.0163804 -0.00618766 -0.000376683  7.69621e-05  0.000115481   0.0117477   0.0558951 -0.00623922 -0.0982297 -0.0557482   -9.80835 
             261.702   1.13523 -0.132335  -172.528   2.6003  7.81985 0.967978 0 0 0   -0.011 -0.02329  0.04412  -0.548475  0.0252217 0.00373153 -0.000403562  0.000116588  0.000135074   0.0117326   0.0556742 -0.00679635 -0.0981596 -0.0558481   -9.80835 
             261.801   1.11781 -0.305057  -172.744  2.55082  7.82587 0.966096 0 0 0   -0.011 -0.02329  0.04412   -0.516682   0.0620928 -0.00497317 -0.000441148  0.000137092  0.000183242    0.012359   0.0557882 -0.00650374 -0.0979211 -0.0555755   -9.80835 
             261.903   1.08565 -0.376331  -172.949  2.49796  7.83053 0.966228 0 0 0   -0.011 -0.02329  0.04412   -0.507962   0.0709977 -0.00877189 -0.000459276  0.000148687  0.000178425    0.012208   0.0554711 -0.00659908 -0.0978752 -0.0557696   -9.80835 
             262.002  0.956993 -0.410343  -173.164  2.44761  7.83642 0.966843 0 0 0   -0.011 -0.02329  0.04412   -0.488135   0.0727883 -0.00309219 -0.000432027  0.000173362  0.000155852   0.012045  0.0553308 -0.0067732 -0.0978978 -0.0558879   -9.80835 
             262.101  0.793265 -0.440213   -173.36  2.40505  7.84502 0.967362 0 0 0   -0.011 -0.02329  0.04412   -0.462737   0.0888636 -0.00409993 -0.000444116  0.000188062  0.000159698   0.0127156   0.0552073 -0.00689661  -0.097556 -0.0557075   -9.80836 
             262.201  0.667797 -0.399353  -173.479  2.36292   7.8498 0.966218 0 0 0   -0.011 -0.02329  0.04412   -0.435664   0.0848297 -0.00953808 -0.000449388     0.000173  0.000126221   0.0129972   0.0545117 -0.00683987 -0.0971893 -0.0559198   -9.80836 
             262.302  0.596653 -0.350298  -173.539  2.32424   7.8637 0.965008 0 0 0   -0.011 -0.02329  0.04412  -0.407681   0.109955 -0.0132402 -0.000433205  0.000154941  0.000137712   0.0138253   0.0549633 -0.00686563 -0.096977 -0.055434  -9.80836 
             262.403  0.592356 -0.298657  -173.558  2.28577   7.8742 0.965679 0 0 0   -0.011 -0.02329  0.04412  -0.372251    0.11146 -0.0033669 -0.000417999  0.000168474  0.000147323   0.0139305   0.0548222 -0.00710323  -0.096881 -0.0554596   -9.80836 
             262.504  0.564723 -0.247743  -173.565  2.24654  7.88201 0.966164 0 0 0   -0.011 -0.02329  0.04412  -0.369008   0.106297 -0.0027026 -0.000409043  0.000148133  0.000147782  0.0135585  0.0544192 -0.0072237 -0.0969078 -0.0557643   -9.80836 
             262.601  0.538331 -0.169948  -173.535  2.20771  7.89405 0.965503 0 0 0   -0.011 -0.02329  0.04412   -0.378393     0.12102 -0.00229533 -0.000411736  0.000111074  0.000148732  0.0132216  0.0547265 -0.0071733 -0.0971612 -0.0557428   -9.80836 
             262.701   0.502786 -0.0316271   -173.484  2.16674    7.905 0.966768 0 0 0   -0.011 -0.02329  0.04412  -0.393163   0.121017 0.00871073 -0.000392887  0.000102837   0.00010037   0.0128061   0.0546532 -0.00731439  -0.097319 -0.0559151   -9.80836 
             262.803 0.513302 0.126042 -173.397  2.12882  7.91701 0.964818 0 0 0   -0.011 -0.02329  0.04412   -0.381469    0.130934 0.000419249 -0.000418423  8.64673e-05  5.90338e-05   0.0130297   0.0544895 -0.00695879 -0.0971662 -0.0559128   -9.80836 
             262.902 0.492284  0.24014 -173.335  2.09905  7.92757 0.965318 0 0 0   -0.011 -0.02329  0.04412    -0.3523   0.125165 0.00561655 -0.000409359  8.64079e-05  4.44704e-05   0.0138712   0.0538474 -0.00700542 -0.0965811 -0.0559118   -9.80837 
             263.002 0.462298 0.273668 -173.242 2.06302 7.93518 0.96545 0 0 0   -0.011 -0.02329  0.04412   -0.360384    0.110355 -0.00598186 -0.000434141  0.000117016  2.67878e-05   0.0135786   0.0532425 -0.00700144 -0.0965056 -0.0562744   -9.80836 
             263.101 0.408866 0.179097 -173.174  2.03213   7.9478 0.963931 0 0 0   -0.011 -0.02329  0.04412  -0.345198   0.119089 -0.0120101 -0.000397136  0.000146778  3.51428e-05   0.0142091   0.0532569 -0.00689955 -0.0962357 -0.0560572   -9.80837 
             263.201  0.328519 0.0166613  -173.145  1.98978  7.95335 0.964445 0 0 0   -0.011 -0.02329  0.04412   -0.373174   0.0939209 -0.00300738 -0.000405024   0.00011913  6.30968e-05   0.0130259   0.0527676 -0.00708987 -0.0965853 -0.0566652   -9.80836 
             263.301  0.262917 -0.210209  -173.127  1.96011  7.96502 0.964974 0 0 0   -0.011 -0.02329  0.04412   -0.336482   0.0984178 -0.00304967 -0.000427746  0.000122027  5.02741e-05   0.0139858   0.0527743 -0.00719335 -0.0961724 -0.0563419   -9.80837 
             263.402  0.213446 -0.487926  -173.129  1.93317  7.97822 0.966868 0 0 0   -0.011 -0.02329  0.04412 -0.296035  0.108156 0.0103351 -0.000427304  0.000104045  3.64861e-05 0.0149091 0.0529286 -0.007483  -0.095825 -0.0559678   -9.80837 
             263.502  0.172201 -0.684136  -173.124  1.90902  7.99382 0.968379 0 0 0   -0.011 -0.02329  0.04412  -0.25769  0.129288 0.0179613 -0.000405226  9.03705e-05  1.66489e-05   0.0156237   0.0533118 -0.00754136 -0.0956447 -0.0555657   -9.80838 
             263.603  0.165515 -0.771582  -173.128  1.88249  8.01087 0.968964 0 0 0   -0.011 -0.02329  0.04412 -0.250586  0.149614 0.0138731 -0.000441274  8.04097e-05   3.9524e-06     0.01566   0.0538218 -0.00740451 -0.0957991 -0.0553347   -9.80838 
             263.702   0.18355 -0.757542  -173.116  1.85999  8.00922 0.970086 0 0 0   -0.011 -0.02329  0.04412 -0.225599 0.0957783 0.0137608 -0.000460062  5.84899e-05 -1.70969e-05   0.0151834   0.0517435 -0.00733028 -0.0953177 -0.0563826   -9.80837 
             263.802 0.198196 -0.74569 -173.099  1.83805  8.02235 0.973653 0 0 0   -0.011 -0.02329  0.04412 -0.212326  0.114406 0.0334291 -0.000481103  9.66394e-05 -1.45254e-05   0.0153151   0.0521412 -0.00754024 -0.0953904 -0.0561691   -9.80838 
             263.903  0.159355 -0.764584  -173.035  1.81588  8.03242 0.976678 0 0 0   -0.011 -0.02329  0.04412 -0.195856  0.106904 0.0338524 -0.000449632  0.000134831  -2.4711e-05   0.0150784   0.0520386 -0.00747354 -0.0954581 -0.0562904   -9.80837 
             264.002 0.0957845 -0.788535  -172.982   1.8007  8.04466 0.979956 0 0 0   -0.011 -0.02329  0.04412 -0.174568  0.106753  0.037358 -0.000426999  0.000156701 -1.45261e-05    0.015618   0.0520935 -0.00746968 -0.0952469  -0.056091   -9.80838 
             264.102 0.0439903 -0.842808  -172.981  1.78648  8.05106 0.979161 0 0 0   -0.011 -0.02329  0.04412 -0.142796 0.0949849 0.0108646 -0.000432041  0.000169492  2.10933e-05   0.0157411   0.0515006 -0.00697692 -0.0950057 -0.0563027   -9.80838 
             264.201 0.0261151 -0.865245  -172.991  1.77261   8.0575 0.979233 0 0 0   -0.011 -0.02329  0.04412  -0.131651  0.0832737 0.00531204 -0.000460415    0.0001289  4.79248e-06   0.0156007   0.0511677 -0.00683142  -0.094958 -0.0564891   -9.80838 
             264.302  0.059429 -0.822446   -173.02  1.75645  8.06809 0.978776 0 0 0   -0.011 -0.02329  0.04412   -0.132055   0.0938086 -0.00336814 -0.000481169  0.000104334 -7.89251e-06   0.0152679   0.0515415 -0.00675265 -0.0952202 -0.0564392   -9.80838 
             264.402    0.1195 -0.749411  -173.026  1.74422  8.07921 0.979581 0 0 0   -0.011 -0.02329  0.04412  -0.122528  0.0992794 0.00733552 -0.000485868  0.000120291 -4.29002e-05   0.0154123   0.0516977 -0.00688334 -0.0952086 -0.0563269   -9.80838 
             264.502  0.146623 -0.682765  -173.023  1.73575   8.0923 0.981626 0 0 0   -0.011 -0.02329  0.04412 -0.106734  0.114558 0.0088623  -0.00045475  0.000140808 -2.78874e-05   0.0159767   0.0519229 -0.00709143 -0.0950425 -0.0560514   -9.80838 
             264.602  0.127667 -0.658097  -173.033  1.72362  8.10118 0.981508 0 0 0   -0.011 -0.02329  0.04412  -0.109905   0.110199 0.00411098 -0.000426867  0.000149027  -9.2698e-06   0.0156836    0.051624 -0.00696235 -0.0950704 -0.0562702   -9.80838 
             264.702 0.0761002 -0.680593  -173.009 1.71371 8.10899 0.98216 0 0 0   -0.011 -0.02329  0.04412     -0.10677     0.103958 -0.000120174 -0.000426499  0.000170274 -4.13991e-05   0.0156808   0.0512189 -0.00699473 -0.0949419 -0.0564403   -9.80838 
             264.803  0.016357 -0.720356   -173.01  1.71048  8.11787 0.981784 0 0 0   -0.011 -0.02329  0.04412  -0.0672274    0.102699 -0.00288853 -0.000411477  0.000186988 -5.90384e-05   0.0164238   0.0507368 -0.00697151 -0.0944796 -0.0564053   -9.80838 
             264.902 -0.0144709  -0.733307   -172.971  1.70839  8.12599 0.981401 0 0 0   -0.011 -0.02329  0.04412  -0.0392453   0.0973377 -0.00612538 -0.000426809  0.000193596 -7.24955e-05   0.0168155   0.0503447 -0.00700747 -0.0941926 -0.0564444   -9.80839 
             265.001 -0.0787382  -0.707082   -172.927  1.70608  8.13339 0.981577 0 0 0   -0.011 -0.02329  0.04412  -0.0264551    0.093853 -0.00542795 -0.00039946 0.000184783 -6.0166e-05   0.0168768   0.0500445 -0.00710687 -0.0940715 -0.0565494   -9.80839 
             265.101  -0.15077 -0.618138    -172.9  1.70708  8.14217 0.982425 0 0 0   -0.011 -0.02329  0.04412 -0.00654787   0.0869354  0.00681177 -0.000375506  0.000170175 -3.43312e-05   0.0172415   0.0498802 -0.00726056 -0.0938678 -0.0565028   -9.80839 
             265.201 -0.219735 -0.525805  -172.891  1.70434  8.14524 0.984796 0 0 0   -0.011 -0.02329  0.04412 -0.0186353  0.0618798  0.0127048  -0.00036837    0.0001841 -1.08439e-05   0.0167777   0.0492973 -0.00744107 -0.0938737 -0.0568886   -9.80839 
             265.303 -0.242907 -0.445622   -172.92 1.70136 8.15319 0.98427 0 0 0   -0.011 -0.02329  0.04412 -0.0253159  0.0565203  0.0131003 -0.000379926  0.000177269 -9.50325e-06   0.0167843   0.0495873 -0.00718191 -0.0939641 -0.0567668   -9.80839 
             265.402  -0.25649 -0.373161  -172.969  1.70136  8.15764 0.985603 0 0 0   -0.011 -0.02329  0.04412 -0.0154027   0.050354 0.00923961 -0.000367406  0.000149362  -3.0114e-05  0.0170379  0.0493288 -0.0072378 -0.0937792 -0.0567939   -9.80839 
             265.501 -0.253581 -0.348617  -173.014  1.69932  8.16564 0.986184 0 0 0   -0.011 -0.02329  0.04412 -0.0105218  0.0631614  0.0121838 -0.000375726  0.000132198 -5.17196e-06   0.0170467   0.0497093 -0.00717976 -0.0938943 -0.0566355   -9.80839 
             265.601 -0.235094 -0.336033  -173.067 1.70251 8.16849 0.98568 0 0 0   -0.011 -0.02329  0.04412 0.0044363 0.0559603 0.0056867 -0.000373582  0.000110413  2.21774e-05    0.017397   0.0491484 -0.00695498 -0.0935794 -0.0567551   -9.80839 
             265.703   -0.2149 -0.294488  -173.117  1.70566  8.16634 0.986121 0 0 0   -0.011 -0.02329  0.04412   0.0265694   0.0162603 -0.00103279 -0.000358844  0.000116105  6.65469e-06   0.0173971   0.0482431 -0.00697644 -0.0933005 -0.0571235   -9.80839 
             265.803 -0.233157 -0.263583  -173.147   1.7109  8.16847 0.983751 0 0 0   -0.011 -0.02329  0.04412  0.0383975  0.0213025 -0.0111218 -0.000367923  0.000135431  1.09037e-05    0.017676   0.0481884 -0.00671743 -0.0931721 -0.0570594   -9.80839 
             265.902 -0.193633  -0.20524  -173.114  1.71247  8.17377 0.986386 0 0 0   -0.011 -0.02329  0.04412  0.0286197  0.0361109 0.00453436 -0.000390276  0.000153065    1.601e-05   0.0175065   0.0486173 -0.00719525 -0.0933689 -0.0569392   -9.80839 
             266.003  -0.123958 -0.0970465   -173.081  1.71106  8.17083 0.987913 0 0 0   -0.011 -0.02329  0.04412 0.00397344 0.00658306  0.0139521 -0.000396544  0.000170707   3.5127e-05   0.0168152   0.0480165 -0.00731125 -0.0934651 -0.0573917   -9.80839 
             266.101 -0.0425358 -0.0372219   -173.084 1.71299 8.17473 0.98838 0 0 0   -0.011 -0.02329  0.04412 0.00596372  0.0219882 0.00997363 -0.000409272  0.000187521  5.20947e-05   0.0171279   0.0483386 -0.00720142 -0.0934372 -0.0571671   -9.80839 
             266.202  0.0115675 -0.0205337   -173.084   1.7131  8.17455 0.988674 0 0 0   -0.011 -0.02329  0.04412 0.00583255   0.018298 0.00475166 -0.00039631 0.000170337 5.36688e-05   0.0169585   0.0480325 -0.00713732  -0.093413 -0.0573408   -9.80839 
             266.302  0.0270915 -0.0102406   -173.089  1.71801  8.17818 0.987953 0 0 0   -0.011 -0.02329  0.04412 0.0197529 0.0292303 0.0039768 -0.000370493  0.000175068  4.84047e-05   0.0175263     0.04806 -0.00694124 -0.0931944  -0.057159   -9.80839 
             266.401 0.0302893 0.0619983  -173.086  1.71812  8.17765 0.989057 0 0 0   -0.011 -0.02329  0.04412  0.0117372  0.0185579 0.00213506 -0.000391703   0.00013518  8.18603e-05   0.0171816   0.0477094 -0.00705868 -0.0932269 -0.0574024   -9.80839 
             266.502 0.074921 0.125103 -173.104  1.71843    8.178 0.986947 0 0 0   -0.011 -0.02329  0.04412 -0.00797186   0.0220013  -0.0106919 -0.000394487  0.000149441  0.000107025   0.0170753   0.0474541 -0.00680687 -0.0931934 -0.0575351   -9.80839 
             266.602 0.0974486  0.185702  -173.109  1.71917  8.17767 0.987325 0 0 0   -0.011 -0.02329  0.04412  -0.0194051   0.0137412 -0.00674959 -0.000386081  0.000124069  0.000107815   0.0172613   0.0471132 -0.00697787 -0.0930182  -0.057616   -9.80839 
             266.701 0.109161 0.272985 -173.123  1.71499   8.1746 0.987844 0 0 0   -0.011 -0.02329  0.04412  -0.0404264 -0.00380656 -0.00740174 -0.000375348  0.000103792  0.000114864 0.0169569 0.0466891 -0.007168 -0.0930132 -0.0578745   -9.80839 
             266.801 0.127615 0.277262 -173.156  1.72049  8.17359 0.987111 0 0 0   -0.011 -0.02329  0.04412 -0.00438716   -0.002056 -0.00421442 -0.000368728  0.000143935  6.90625e-05   0.0179922   0.0463069 -0.00712681 -0.0924914 -0.0577215   -9.80839 
             266.902 0.213378 0.198307 -173.165  1.71824  8.17769 0.988259 0 0 0   -0.011 -0.02329  0.04412 -0.0156796  0.0245193 0.00140634 -0.000437219  0.000150552  8.12688e-05   0.0179402   0.0467894 -0.00733704 -0.0926538 -0.0575468   -9.80839 
             267.002 0.309054 0.128826 -173.144  1.71211   8.1761 0.988934 0 0 0   -0.011 -0.02329  0.04412  -0.0439218  0.00808466 -0.00717391 -0.000446094  0.000155829  8.05797e-05   0.0173472   0.0464562 -0.00742903 -0.0927898 -0.0578508   -9.80839 
             267.104 0.374453 0.111513  -173.16  1.71468  8.18109 0.988147 0 0 0   -0.011 -0.02329  0.04412  -0.0182664   0.0328439 -0.00541674 -0.000443512  0.000134407  8.22337e-05   0.0182351   0.0466463 -0.00740011 -0.0924968 -0.0575186    -9.8084 
             267.202 0.412075 0.129497 -173.137 1.70895 8.18051 0.98845 0 0 0   -0.011 -0.02329  0.04412  -0.0370074   0.0286036 -0.00615755 -0.000463119  0.000134276  5.21902e-05   0.0176893   0.0462978 -0.00753005 -0.0926094 -0.0578128   -9.80839 
             267.303 0.424044 0.152053 -173.127  1.71191  8.18128 0.986189 0 0 0   -0.011 -0.02329  0.04412 -0.0119528  0.0261016 -0.0185594 -0.000455945  0.000126363  3.16976e-05   0.0183569   0.0458193 -0.00733058 -0.0922107 -0.0578076    -9.8084 
             267.402 0.442379 0.185117 -173.084 1.70809  8.1858  0.9864 0 0 0   -0.011 -0.02329  0.04412 -0.0304614  0.0442379 -0.0154913 -0.000514775  0.000114489 -1.99348e-05  0.0181369  0.0460462 -0.0076309 -0.0923618 -0.0577821   -9.80839 
             267.503  0.46446 0.228247 -173.056 1.70292 8.19159 0.98384 0 0 0   -0.011 -0.02329  0.04412 -0.0467736  0.0570485 -0.0166575 -0.000538962  0.000112434 -8.17644e-06   0.0180028   0.0462047 -0.00751072 -0.0924591 -0.0577589   -9.80839 
             267.601 0.471808 0.254547  -173.02  1.69898  8.19611 0.984569 0 0 0   -0.011 -0.02329  0.04412  -0.0525412   0.0652552 -0.00539797 -0.000534344  0.000127925   1.8113e-05   0.0180891   0.0459913 -0.00778142 -0.0923651 -0.0578167   -9.80839 
             267.701  0.43111 0.191233 -173.018  1.69497  8.19637 0.982751 0 0 0   -0.011 -0.02329  0.04412  -0.0494553   0.0461303 -0.00650937 -0.000503544  0.000155959  5.47517e-05   0.0179911    0.045261 -0.00760527 -0.0921942 -0.0581266   -9.80839 
             267.802 0.394488 0.062464  -173.03  1.68563   8.1983 0.980173 0 0 0   -0.011 -0.02329  0.04412 -0.0698193  0.0332582 -0.0133274 -0.000483468  0.000178816  3.77931e-05   0.0174385   0.0451028 -0.00738448 -0.0923611 -0.0583445   -9.80839 
             267.903    0.338651 -0.00419822    -173.071  1.68648  8.20268 0.978349 0 0 0   -0.011 -0.02329  0.04412 -0.0442382  0.0416804 -0.0136068 -0.00049433 0.000141378 5.52911e-05   0.0183527   0.0449301 -0.00730315 -0.0919617 -0.0581524    -9.8084 
             268.001  0.351775 0.0195907  -173.112  1.68651  8.20916 0.974821 0 0 0   -0.011 -0.02329  0.04412 -0.0271559  0.0538199 -0.0304756 -0.000521945  0.000118505  7.98142e-05   0.0189357   0.0450635 -0.00709711 -0.0917766 -0.0579375    -9.8084 
             268.102  0.425914 0.0896547  -173.181  1.68198  8.21064 0.971572 0 0 0   -0.011 -0.02329  0.04412  -0.037697  0.0352882 -0.0325358 -0.000524637  0.000131463  0.000119321   0.0186315   0.0446645 -0.00707434 -0.0917805  -0.058175    -9.8084 
             268.201 0.472298 0.105098 -173.235  1.67359  8.21086 0.968689 0 0 0   -0.011 -0.02329  0.04412 -0.0559418  0.0325555 -0.0380344 -0.000522952  0.000111926  0.000119995   0.0180265   0.0443996 -0.00715856 -0.0919367 -0.0584444    -9.8084 
             268.301 0.524168 0.131914 -173.273 1.66864 8.22007 0.96376 0 0 0   -0.011 -0.02329  0.04412 -0.059916 0.0658411 -0.044092 -0.00057855 8.46107e-05 0.000127039   0.0183021   0.0449551 -0.00707094 -0.0919862  -0.058157    -9.8084 
             268.402 0.516134 0.189185 -173.284  1.66079  8.22741 0.961512 0 0 0   -0.011 -0.02329  0.04412 -0.0717671  0.0724868 -0.0333791 -0.000579545  5.21298e-05  0.000133602   0.0181501   0.0450562 -0.00734851 -0.0920719 -0.0581601    -9.8084 
             268.502 0.498408 0.224832 -173.277  1.65385  8.23647 0.958955 0 0 0   -0.011 -0.02329  0.04412 -0.0817969  0.0911474 -0.0272577 -0.000624156  2.19442e-05  0.000108133   0.0183009   0.0451905 -0.00742663 -0.0920518 -0.0580679    -9.8084 
             268.603  0.43064 0.247728 -173.241  1.64508  8.24617 0.955863 0 0 0   -0.011 -0.02329  0.04412 -0.0997081  0.0925167  -0.031578 -0.000622029  1.64912e-05  7.39662e-05   0.0183588   0.0452335 -0.00741556 -0.0920417 -0.0580359    -9.8084 
             268.701 0.345323 0.201902 -173.192  1.63792  8.24425 0.952943 0 0 0   -0.011 -0.02329  0.04412 -0.0926246  0.0553884 -0.0351778 -0.000610787  6.35542e-05  8.93242e-05   0.0182738   0.0438714 -0.00747414 -0.0917026 -0.0585718    -9.8084 
             268.801  0.25788 0.107051 -173.111  1.62949  8.26023 0.948472 0 0 0   -0.011 -0.02329  0.04412 -0.0937975  0.0961997 -0.0326223 -0.000610598  3.52401e-05  0.000136394   0.0187476   0.0450272 -0.00729628 -0.0918391 -0.0580097    -9.8084 
             268.902  0.20997 0.028756 -173.071  1.62469  8.26444 0.946769 0 0 0   -0.011 -0.02329  0.04412 -0.0702847  0.0827538 -0.0186364 -0.00057576 4.23211e-05 0.000145844   0.0190225   0.0442547 -0.00746537 -0.0915267 -0.0582242    -9.8084 
             269.002    0.199647 -0.00865739    -173.065  1.62086  8.26823 0.944945 0 0 0   -0.011 -0.02329  0.04412 -0.0581009  0.0677801 -0.0194567 -0.00055247 3.83177e-05 0.000181152   0.0192259   0.0436364 -0.00747781 -0.0912833 -0.0583995    -9.8084 
             269.102  0.216433 0.0355844  -173.098  1.61652  8.27656 0.941611 0 0 0   -0.011 -0.02329  0.04412 -0.0570165  0.0738217 -0.0204081 -0.000570058    1.187e-05  0.000172989    0.019454   0.0437575 -0.00728527 -0.0912317 -0.0582929    -9.8084 
             269.202 0.160123 0.127702 -173.132  1.60672  8.27821 0.940269 0 0 0   -0.011 -0.02329  0.04412 -0.0717868   0.052244 -0.0181802 -0.000558106 -6.95052e-06  0.000166658   0.0188037   0.0432362 -0.00733579 -0.0913317 -0.0586607    -9.8084 
             269.302 0.0995704  0.193997  -173.172  1.59948  8.28111 0.937148 0 0 0   -0.011 -0.02329  0.04412 -0.0800092  0.0337264 -0.0210234 -0.000535448 -4.48289e-05  0.000157128   0.0187707   0.0429864 -0.00714866 -0.0912771 -0.0587616    -9.8084 
             269.402 0.0246633  0.264314  -173.154  1.59207  8.29068 0.935249 0 0 0   -0.011 -0.02329  0.04412 -0.0750552  0.0610701 -0.0139108 -0.000511758 -7.57131e-05  0.000121971    0.019015   0.0436502 -0.00713573 -0.0913641 -0.0584519    -9.8084 
             269.501 -0.0258558   0.252397   -173.116  1.58546  8.29688 0.933438 0 0 0   -0.011 -0.02329  0.04412 -0.0760146  0.0707351 -0.0159143 -0.000526892 -8.28802e-05  0.000124652   0.0191276   0.0436103 -0.00708329 -0.0913122 -0.0584367    -9.8084 
             269.603 -0.0320062   0.206166   -173.046  1.58176  8.30717 0.933658 0 0 0   -0.011 -0.02329  0.04412  -0.0643152   0.0880269 -0.00630996 -0.000490062 -8.66114e-05  0.000155062   0.0196976   0.0437997 -0.00728199 -0.0911536 -0.0582177    -9.8084 
             269.701 -0.0377467   0.144679   -172.992 1.56777 8.30837 0.93044 0 0 0   -0.011 -0.02329  0.04412  -0.101127  0.0588163 -0.0229263 -0.000462872  -9.4474e-05  0.000160594   0.0186451   0.0431981 -0.00699404 -0.0913787 -0.0587133    -9.8084 
             269.802 -0.0415441   0.144472   -172.994  1.55421   8.3093 0.928525 0 0 0   -0.011 -0.02329  0.04412   -0.12406  0.0339508 -0.0206577 -0.000488123 -0.000130732  0.000180251    0.018154   0.0427061 -0.00703968 -0.0914277 -0.0590216    -9.8084 
             269.902 -0.0863482   0.179165    -173.02  1.54568  8.31244 0.927865 0 0 0   -0.011 -0.02329  0.04412  -0.123094  0.0278873 -0.0157875 -0.000480089 -0.000115123  0.000195256   0.0186395    0.042556 -0.00726507 -0.0912121 -0.0589497    -9.8084 
             270.002 -0.134659  0.164606  -173.018  1.53837   8.3148 0.923984 0 0 0   -0.011 -0.02329  0.04412  -0.116944  0.0197846 -0.0965064 -0.000477094 -0.000114442  0.000192468   0.019215  0.0423696 -0.0072433 -0.0909553 -0.0588669    -9.8084 
             270.103 -0.907867   1.32317  -172.804  1.52898  8.31524 0.904142 0 0 0   -0.011 -0.02329  0.04412  -0.145412 -0.0271455  -0.290826 -0.000397563 -0.000223652  0.000171124   0.0196236    0.042229 -0.00679568 -0.0907716 -0.0588095    -9.8084 
             270.201 -5.16348  6.03288 -170.804  1.5111 8.29695 0.84802 0 0 0   -0.011 -0.02329  0.04412 -0.224276 -0.172335 -0.636549 -0.000240637 -0.000278527  3.73585e-05     0.01913   0.0408992 -0.00467374 -0.0905959 -0.0593968    -9.8084 
             270.302  -10.329  11.8115 -166.737  1.49194  8.27685 0.760154 0 0 0   -0.011 -0.02329  0.04412 -0.308699 -0.329627 -0.990397 -0.000240198 -0.000287236 -7.21918e-05   0.0200705   0.0410229 -0.00332309  -0.090272 -0.0590578   -9.80841 
             270.403 -13.0162  16.6192 -160.202  1.45765  8.22829 0.642853 0 0 0   -0.011 -0.02329  0.04412  -0.43987 -0.593033    -1.237 -0.000326688 -0.000183808 -0.000196047   0.0200025   0.0401779 -0.00248869 -0.0900114 -0.0592957   -9.80841 
             270.501 -12.1549  19.1577 -151.786  1.41137  8.15801 0.527692 0 0 0   -0.011 -0.02329  0.04412  -0.56215 -0.825608  -1.31727 -0.000440434 -4.28908e-05 -0.000231309   0.020369  0.0400023 -0.0040339  -0.089933 -0.0594462   -9.80841 
             270.602 -6.19947  15.3351 -143.233  1.35156  8.07627 0.414641 0 0 0   -0.011 -0.02329  0.04412 -0.662772 -0.905433  -1.28283 -0.000759723  0.000359177 -0.000126505  0.0215726  0.0411051 -0.0061978 -0.0901738 -0.0591042   -9.80841 
             270.702  1.93212  4.69509 -139.075  1.28541  8.00024 0.306001 0 0 0   -0.011 -0.02329  0.04412 -0.693694   -0.7719  -1.20877 -0.000772537  0.000507997  7.10858e-05   0.0233519   0.0424263 -0.00773602 -0.0904579 -0.0583816   -9.80841 
             270.802  8.90665 -6.78055 -140.638   1.1986  7.94867 0.165617 0 0 0   -0.011 -0.02329  0.04412 -0.735937 -0.478049  -1.37785 -0.000704967  0.000488711  0.000274461   0.0230422   0.0453516 -0.00588358 -0.0917868 -0.0578069    -9.8084 
             270.902  13.9599 -14.0267 -147.211   1.14785     7.919 0.0297564 0 0 0   -0.011 -0.02329  0.04412 -0.567471 -0.145487  -1.42638 -0.000509125  0.000327848  0.000405623   0.0252826   0.0436903 -0.00637233 -0.0906998 -0.0569679   -9.80842 
             271.003  6.10613 -7.53704 -154.637    1.09879     7.8836 -0.0951463 0 0 0   -0.011 -0.02329  0.04412 -0.553182 -0.125197  -1.32783  0.000800014 -0.000827701  0.000471053  0.0233652   0.040856 -0.0083688 -0.0897402 -0.0581206   -9.80842 
             271.101 0.0939188 -0.409965  -158.019    1.0655   7.86056 -0.115657 0 0 0   -0.011 -0.02329  0.04412 -0.455475 -0.129973 -0.795955 -0.000283706 -0.000794237  7.71168e-05 0.0223673 0.0357677 -0.019273 -0.0876666 -0.0581742   -9.80844 
             271.202 -0.535644  -3.02945  -158.217    1.09629    7.86207 -0.0511013 0 0 0   -0.011 -0.02329  0.04412 -0.0597333 -0.0543982 -0.0925569 -0.000254373 -0.000678587  4.23144e-05  0.0278192  0.0302091 -0.0357819 -0.0837108 -0.0559593   -9.80848 
             271.301 -1.70834 -8.88077 -159.234   1.14322   7.87747 0.0459295 0 0 0   -0.011 -0.02329  0.04412 0.343068 0.064926 0.503628 -0.000231419 -0.000602349  0.000110194  0.0323611  0.0289561 -0.0475907 -0.0816789  -0.054152   -9.80851 
             271.401  -2.2313 -14.1059  -162.23  1.22538    7.894 0.150132 0 0 0   -0.011 -0.02329  0.04412 0.792893 0.143574 0.925797 -0.00026969 -0.00076092 0.000208308  0.0357397  0.0278198 -0.0530644 -0.0800732 -0.0531568   -9.80853 
             271.502 -1.75828 -16.1442 -166.623  1.32197  7.91578 0.275056 0 0 0   -0.011 -0.02329  0.04412  1.13558 0.206967  1.33934  -0.00027277 -0.000956727  0.000253319  0.0360152  0.0282739 -0.0550086 -0.0799864 -0.0528874   -9.80853 
             271.601 -0.869196  -14.4176  -171.057  1.44185  7.93339 0.424615 0 0 0   -0.011 -0.02329  0.04412  1.38153 0.219805  1.66632 -0.000292685  -0.00110636  0.000172807  0.0354431  0.0280637 -0.0553584 -0.0800477 -0.0531237   -9.80853 
             271.702 -0.240766  -10.6778   -174.25  1.58019  7.94762 0.604884 0 0 0   -0.011 -0.02329  0.04412  1.51102 0.199052  1.99244 -0.000267072  -0.00115011  0.000132956  0.0343428  0.0275393 -0.0548494 -0.0803128 -0.0536245   -9.80852 
             271.802 0.0423738   -6.4819  -175.987  1.72663  7.95927 0.815606 0 0 0   -0.011 -0.02329  0.04412  1.52868 0.168982   2.3114 -0.00026738 -0.00113892 7.03169e-05   0.033415  0.0268836 -0.0543656 -0.0805223 -0.0540906   -9.80852 
             271.901 0.246568 -2.94023 -176.345 1.87595  7.9771 1.06065 0 0 0   -0.011 -0.02329  0.04412  1.50627 0.170642   2.6525 -0.000310461  -0.00107057  1.26071e-05  0.0331987  0.0270641 -0.0546753 -0.0806043 -0.0540682   -9.80852 
             272.003  0.563054 -0.674053  -175.856 2.02959 8.00272   1.338 0 0 0   -0.011 -0.02329  0.04412 1.45578 0.21332 2.88378  -0.00032656  -0.00100411 -3.66964e-05  0.0336752  0.0278311 -0.0541138 -0.0806261 -0.0537049   -9.80852 
             272.101  1.01721 0.429782 -174.978 2.16499 8.02243 1.61919 0 0 0   -0.011 -0.02329  0.04412  1.37727 0.230861  2.96249 -0.000322392  -0.00100512 -5.07042e-05  0.0331533  0.0277097 -0.0532619 -0.0808115 -0.0538576   -9.80852 
               272.2  1.45532 0.861531 -174.161 2.29441 8.04252 1.90488 0 0 0   -0.011 -0.02329  0.04412  1.28617 0.235443  2.93938 -0.000308535 -0.000995679 -2.35859e-05  0.0326932   0.027426 -0.0522072  -0.080921 -0.0540581   -9.80852 
             272.303  1.73819  1.43498 -173.567 2.42973 8.07021 2.19694 0 0 0   -0.011 -0.02329  0.04412  1.22772 0.267332   2.8519 -0.000295722 -0.000987268 -2.56651e-05  0.0334087  0.0275875 -0.0511766 -0.0806968 -0.0538582   -9.80852 
             272.401  1.73216  2.41772 -173.242 2.54504 8.09275  2.4631 0 0 0   -0.011 -0.02329  0.04412  1.12738 0.273237  2.71447 -0.000271412 -0.000983403 -3.39108e-05  0.0331124  0.0271576 -0.0498865 -0.0806836  -0.054085   -9.80852 
             272.501  1.49278  3.47262 -173.137 2.65352 8.12425 2.72427 0 0 0   -0.011 -0.02329  0.04412   1.0195 0.288912  2.55003 -0.000263353  -0.00098207 -3.85657e-05  0.0332114  0.0276054 -0.0493083 -0.0807375 -0.0539149   -9.80852 
             272.601  1.13299  4.56794 -173.147 2.74793  8.1495 2.96103 0 0 0   -0.011 -0.02329  0.04412 0.889225 0.268759  2.34864 -0.000251658   -0.0010214 -5.39256e-05  0.0327265  0.0273479 -0.0478939 -0.080804 -0.054123  -9.80852 
             272.703 0.775238  5.82947 -173.215 2.83009 8.17988 3.18843 0 0 0   -0.011 -0.02329  0.04412 0.754061 0.276824  2.14411 -0.000242897   -0.0010455 -4.41701e-05  0.0324003  0.0277861 -0.0474683 -0.0809977 -0.0540492   -9.80852 
             272.803 0.551519    7.018  -173.27 2.90082 8.20513 3.39081 0 0 0   -0.011 -0.02329  0.04412 0.624254 0.250799   1.9489 -0.000253704  -0.00103575 -5.29887e-05  0.0323728  0.0275695 -0.0469355 -0.0809336 -0.0541274   -9.80852 
             272.902 0.471903  7.69822  -173.29 2.96495 8.22368 3.58169 0 0 0   -0.011 -0.02329  0.04412 0.518753 0.207703  1.78733 -0.000267914  -0.00102099 -6.82076e-05  0.0332117  0.0266463 -0.0474545 -0.0804787 -0.0542584   -9.80852 
             273.003 0.487645  7.95438 -173.235 3.02362 8.25046 3.76369 0 0 0   -0.011 -0.02329  0.04412 0.436901  0.21589  1.62452 -0.000302619  -0.00100646 -6.96133e-05  0.0349975  0.0270661 -0.0483225 -0.0800358 -0.0537353   -9.80853 
             273.102 0.498876  8.08942 -173.199 3.04513 8.26606 3.91076 0 0 0   -0.011 -0.02329  0.04412 0.236395 0.184915  1.42812 -0.000291073  -0.00102109 -2.72095e-06 0.0327835 0.0269129 -0.047926 -0.0807053 -0.0542656   -9.80852 
             273.201 0.468995  8.12337  -172.97 3.04768 8.28338 4.04129 0 0 0   -0.011 -0.02329  0.04412 0.0391975  0.175454   1.25115 -0.000302074  -0.00101378 -2.19922e-05  0.0308537   0.027257 -0.0477818 -0.0814042 -0.0545697   -9.80851 
             273.301 0.438279  7.91898 -172.834 3.05247 8.30067 4.14896 0 0 0   -0.011 -0.02329  0.04412 -0.0633335   0.168679    1.05366 -0.000285719 -0.000969258 -1.73503e-05  0.0314413  0.0270942 -0.0464263 -0.0810722 -0.0544719   -9.80851 
             273.402 0.321599  7.53567  -172.72 3.04935 8.30179 4.24897 0 0 0   -0.011 -0.02329  0.04412 -0.142843 0.0932108  0.902883 -0.000252285 -0.000966304  3.14125e-05  0.0318614  0.0250084 -0.0462642 -0.0804631 -0.0550698   -9.80852 
             273.502 0.194975  7.25632 -172.625 3.02962 8.33335  4.3389 0 0 0   -0.011 -0.02329  0.04412 -0.250108  0.176171  0.781236  -0.00026748 -0.000946097  3.79868e-05  0.0324646  0.0274934 -0.0468686  -0.080862 -0.0541254   -9.80852 
             273.601 0.0484803   7.01715  -172.564 3.00155 8.33816 4.41162 0 0 0   -0.011 -0.02329  0.04412 -0.346809  0.110111  0.672701 -0.000248267 -0.000949844  3.97434e-05  0.0321682  0.0260425 -0.0468918 -0.0806379 -0.0546687   -9.80852 
             273.701 -0.083648   6.66515  -172.527 2.97785 8.32972 4.47064 0 0 0   -0.011 -0.02329  0.04412 -0.379709 0.0167076  0.550684 -0.000215905 -0.000956749  3.96463e-05  0.0332174  0.0233973 -0.0462576 -0.0796706 -0.0552928   -9.80852 
             273.801 -0.199013   6.19579  -172.494 2.93791 8.35218 4.52478 0 0 0   -0.011 -0.02329  0.04412 -0.456035 0.0876619  0.457419 -0.000212464 -0.000930465  6.49747e-05  0.0340831  0.0256443 -0.0465781 -0.0799109  -0.054374   -9.80852 
             273.906 -0.271535   5.76423  -172.457 2.87667  8.3541 4.57602 0 0 0   -0.011 -0.02329  0.04412 -0.571003  0.045863  0.398793 -0.000233263 -0.000935798  4.91398e-05  0.0327713  0.0251584 -0.0475722 -0.0802825 -0.0548393   -9.80852 
             274.001 -0.31323  5.37819 -172.423 2.82337 8.35156 4.60905 0 0 0   -0.011 -0.02329  0.04412   -0.624998 -0.00226045    0.328987 -0.000203526 -0.000961854  4.53577e-05  0.0329932  0.0243242 -0.0472667 -0.0800106 -0.0550552   -9.80852 
             274.102 -0.306947   4.94596  -172.317 2.76655 8.34549  4.6343 0 0 0   -0.011 -0.02329  0.04412  -0.647262 -0.0425766   0.247974 -0.000186437 -0.000932101  4.11534e-06  0.0337793  0.0235162 -0.0465395 -0.0795446 -0.0551307   -9.80852 
             274.202 -0.231059   4.39149  -172.248 2.70491 8.33774 4.65437 0 0 0   -0.011 -0.02329  0.04412  -0.676891 -0.0625906   0.176948 -0.000196805 -0.000911655 -4.34228e-06  0.0341838  0.0230458 -0.0462587 -0.0792989 -0.0551887   -9.80852 
             274.302 -0.0990991    3.90338   -172.137 2.63366 8.35625 4.68016 0 0 0   -0.011 -0.02329  0.04412 -0.731411 0.0299866  0.170074  -0.00022072 -0.000936553 -1.42145e-05   0.034878  0.0257376 -0.0473095 -0.0797147 -0.0541908   -9.80853 
             274.401 0.0211797   3.50225   -172.05 2.56652 8.35766 4.69771 0 0 0   -0.011 -0.02329  0.04412 -0.741031 0.0144337  0.152823 -0.000223898 -0.000920304 -2.70343e-05  0.0356678   0.025377 -0.0474717 -0.0793908 -0.0541353   -9.80853 
             274.502  0.10566  3.09974 -171.951 2.47957 8.34077 4.69937 0 0 0   -0.011 -0.02329  0.04412  -0.816853 -0.0548766  0.0846279 -0.000218356 -0.000935899 -5.19306e-05  0.0336672  0.0235203 -0.0460612 -0.0795688 -0.0551466   -9.80852 
             274.601 0.178401  2.72611 -171.863 2.39514 8.33478 4.70487 0 0 0   -0.011 -0.02329  0.04412  -0.846933 -0.0509087  0.0498393  -0.00023561 -0.000948545  -7.3465e-05  0.0333599  0.0235387 -0.0458836 -0.0796647 -0.0552064   -9.80852 
             274.702 0.179595  2.42028 -171.815 2.31251 8.32758 4.70995 0 0 0   -0.011 -0.02329  0.04412  -0.844137 -0.0578589  0.0223494 -0.000198883  -0.00096526 -7.99951e-05   0.033645   0.023218 -0.0460246 -0.0795079 -0.0552461   -9.80852 
             274.805  0.10744  2.18091 -171.756 2.22829 8.32239 4.70976 0 0 0   -0.011 -0.02329  0.04412   -0.845782  -0.0547187 0.000689703 -0.000181774 -0.000993812 -8.97018e-05  0.0339993   0.023213 -0.0458639 -0.0793925 -0.0551689   -9.80852 
             274.901 0.0236359   1.94415  -171.707 2.15426 8.31835 4.71167 0 0 0   -0.011 -0.02329  0.04412   -0.817603  -0.0496075 -0.00792345 -0.000165118  -0.00098513 -0.000121066  0.0348015  0.0231437 -0.0461666 -0.0791321 -0.0550165   -9.80853 
             275.003 -0.00681167     1.67284     -171.64 2.07023 8.31849 4.70989 0 0 0   -0.011 -0.02329  0.04412   -0.81349 -0.0274077 -0.0331154 -0.000170044  -0.00102127 -0.000131003 0.0348717 0.0236973 -0.046163 -0.0792316 -0.0548285   -9.80853 
             275.101 0.0583127   1.35883  -171.531 1.97939 8.31278 4.70758 0 0 0   -0.011 -0.02329  0.04412  -0.849396  -0.045025 -0.0489434 -0.000207006  -0.00099468 -0.000139192  0.0336102   0.023703 -0.0464331 -0.0796275 -0.0551039   -9.80852 
             275.201 0.130039   1.0516 -171.516 1.90084 8.30222 4.70247 0 0 0   -0.011 -0.02329  0.04412  -0.814218 -0.0714578 -0.0419688  -0.00020472 -0.000998656 -0.000115508  0.0340313  0.0229105 -0.0463806 -0.0793232 -0.0552569   -9.80852 
             275.301 0.213208  0.80628 -171.498 1.82749 8.29526 4.69451 0 0 0   -0.011 -0.02329  0.04412  -0.777028 -0.0720838 -0.0614678 -0.000185447 -0.000980469 -0.000112142  0.0348408  0.0227066 -0.0459181 -0.079026 -0.055141  -9.80853 
             275.402 0.251635 0.629136 -171.492 1.74788 8.28959 4.68876 0 0 0   -0.011 -0.02329  0.04412  -0.776507 -0.0620066   -0.07721 -0.000166035  -0.00100963 -9.14536e-05  0.0347533  0.0228718 -0.0460865 -0.0790897 -0.0551097   -9.80853 
             275.502 0.290011 0.458387 -171.517 1.66912 8.28541 4.68063 0 0 0   -0.011 -0.02329  0.04412  -0.766056 -0.0445878 -0.0863258 -0.000166226  -0.00099129 -8.98435e-05  0.0346218  0.0230896 -0.0460798 -0.0791773 -0.0550716   -9.80853 
             275.603 0.281266 0.274156 -171.558 1.59131 8.27944 4.66966 0 0 0   -0.011 -0.02329  0.04412  -0.749451 -0.0433344  -0.100209 -0.000149806  -0.00102089 -9.72585e-05   0.034417  0.0229348 -0.0458694  -0.079206 -0.0551632   -9.80853 
             275.702  0.30899 0.210541 -171.574 1.52084 8.27762 4.65942 0 0 0   -0.011 -0.02329  0.04412  -0.723907 -0.0238456   -0.10479 -0.000184458  -0.00104577 -6.46649e-05  0.0347973  0.0230607 -0.0458254 -0.0791175  -0.055043   -9.80853 
             275.802 0.343244 0.137606 -171.574 1.45017  8.2751  4.6439 0 0 0   -0.011 -0.02329  0.04412  -0.706276 -0.0131248  -0.142287 -0.000173953  -0.00100974 -6.24965e-05  0.0348982  0.0229444 -0.0453259 -0.0790628 -0.0550572   -9.80853 
             275.903    0.340003 -0.00616302    -171.587 1.37764 8.27098 4.63289 0 0 0   -0.011 -0.02329  0.04412  -0.691589 -0.0254407  -0.132988 -0.000196961  -0.00105862 -6.71456e-05   0.034603   0.022683 -0.0457953  -0.079095 -0.0551986   -9.80853 
             276.001  0.301236 -0.156815  -171.554 1.31206 8.26932  4.6183 0 0 0   -0.011 -0.02329  0.04412   -0.662377 -0.00410104   -0.136363 -0.000203976  -0.00105913 -5.09497e-05  0.0347496   0.022674 -0.0456112 -0.0790495 -0.0551705   -9.80853 
             276.102  0.273901 -0.242244  -171.558 1.24898 8.27027 4.60025 0 0 0   -0.011 -0.02329  0.04412  -0.628239 0.00733333  -0.162127 -0.000212597  -0.00103546 -1.86901e-05  0.0350793  0.0227163 -0.0451375 -0.0789616  -0.055089   -9.80853 
             276.203  0.256566 -0.317614  -171.547 1.19187 8.26246 4.58008 0 0 0   -0.011 -0.02329  0.04412  -0.576416 -0.0167913  -0.191697 -0.000230387  -0.00104068 -1.61835e-05  0.0353482  0.0216687 -0.0447661 -0.0786618 -0.0553476   -9.80853 
             276.301  0.188145 -0.427322  -171.537 1.13313 8.25814 4.56078 0 0 0   -0.011 -0.02329  0.04412  -0.565148 -0.0289976  -0.196255 -0.000194513  -0.00106265 -6.43136e-05   0.03495 0.0214994 -0.044743 -0.0787453  -0.055482   -9.80853 
             276.401  0.103569 -0.540834   -171.48 1.07263 8.25577 4.54367 0 0 0   -0.011 -0.02329  0.04412  -0.564851 -0.0209183  -0.182159 -0.000199531  -0.00106969 -9.86962e-05   0.034432  0.0216511 -0.0450398  -0.078929 -0.0555444   -9.80853 
             276.501 0.0492852 -0.550924  -171.411  1.0135 8.25368 4.52196 0 0 0   -0.011 -0.02329  0.04412  -0.554527 -0.0140832  -0.197605 -0.000187531  -0.00106074 -8.24882e-05  0.0340349  0.0217284 -0.0446163 -0.0790669  -0.055605   -9.80852 
             276.601 0.0575081 -0.517274  -171.349 0.964764  8.25278  4.49974 0 0 0   -0.011 -0.02329  0.04412   -0.515168 -0.00512146   -0.223355 -0.000193925  -0.00107089 -9.73486e-05 0.0346591  0.021578 -0.044454 -0.0788524 -0.0555197   -9.80853 
             276.702  0.044895 -0.592905  -171.322 0.920898  8.25061  4.47388 0 0 0   -0.011 -0.02329  0.04412 -0.468263 -0.015885 -0.245097 -0.000175231  -0.00105717 -9.32211e-05  0.0353262  0.0212701 -0.0441525 -0.0785946  -0.055472   -9.80853 
             276.801 -0.0111281  -0.692159    -171.29 0.877329  8.24942  4.44748 0 0 0   -0.011 -0.02329  0.04412   -0.433728 -0.00976747   -0.245872 -0.000184303  -0.00104966 -0.000109869  0.0355108  0.0212426 -0.0438738 -0.0785375 -0.0554419   -9.80853 
             276.901 -0.0100971  -0.751773   -171.263 0.828984  8.24819  4.42382 0 0 0   -0.011 -0.02329  0.04412   -0.436934 -0.00455829    -0.23258 -0.000207029  -0.00107722 -0.000131633  0.0348924  0.0213426 -0.0439249 -0.0787386 -0.0555409   -9.80853 
             277.001 0.0282494 -0.723078  -171.233 0.790313  8.24778  4.39792 0 0 0   -0.011 -0.02329  0.04412   -0.397039 -0.00235567   -0.253184  -0.00018529   -0.0010874 -0.000141008  0.0353342  0.0212331 -0.0436442 -0.0785904 -0.0554816   -9.80853 
             277.102 -0.00178943   -0.807667    -171.195 0.751258  8.24483  4.36851 0 0 0   -0.011 -0.02329  0.04412 -0.372174 -0.012969 -0.275165 -0.000166631  -0.00108267  -0.00011038  0.0352595  0.0209329 -0.0432648 -0.0785545 -0.0555846   -9.80853 
             277.201 0.0120774 -0.939586  -171.215 0.713938   8.2479  4.34033 0 0 0   -0.011 -0.02329  0.04412  -0.350456 0.00942661   -0.27022 -0.000172039  -0.00106909 -0.000116464  0.0352145  0.0214002 -0.0431244 -0.0786656 -0.0554587   -9.80853 
             277.303 0.0249176 -0.939964  -171.242 0.678674  8.24459  4.31067 0 0 0   -0.011 -0.02329  0.04412   -0.333608 0.000291364   -0.276223 -0.000162962  -0.00108443 -0.000110165  0.0350806   0.020943 -0.0428491 -0.0786137 -0.0556185   -9.80853 
             277.401 0.0544048 -0.865643  -171.274 0.648821  8.24419  4.28443 0 0 0   -0.011 -0.02329  0.04412   -0.306741 -0.00539242   -0.277599 -0.000169384  -0.00104143 -0.000100538  0.0352781  0.0208477 -0.0430035 -0.0785353 -0.0556053   -9.80853 
             277.502 0.00389093  -0.877326   -171.298 0.620564  8.24498  4.25106 0 0 0   -0.011 -0.02329  0.04412   -0.281622 -0.00115999    -0.31092 -0.000158985    -0.001048 -0.000107506  0.0355584  0.0209319 -0.0424192 -0.0784798  -0.055525   -9.80853 
             277.602 -0.0413201  -0.945129   -171.349 0.591874  8.24216  4.21879 0 0 0   -0.011 -0.02329  0.04412 -0.259063 -0.013203 -0.314939 -0.000198228  -0.00105507 -7.67145e-05  0.0353567  0.0207123 -0.0422815 -0.0784948 -0.0556289   -9.80853 
             277.702 -0.0495607  -0.920665    -171.39 0.569948  8.24349  4.18848 0 0 0   -0.011 -0.02329  0.04412  -0.225707 0.00324765  -0.301002 -0.000208882  -0.00111297 -4.51388e-05  0.0357266  0.0208633 -0.0423561 -0.0784187 -0.0555112   -9.80853 
             277.802 -0.0361826  -0.819909   -171.465 0.549003  8.24783  4.15456 0 0 0   -0.011 -0.02329  0.04412 -0.204205 0.0197503 -0.329789 -0.000221231  -0.00111138 -6.08023e-05  0.0359287  0.0212346 -0.0419876 -0.0784405 -0.0553653   -9.80853 
             277.902 -0.0477141  -0.829033   -171.488 0.529012  8.24439  4.12224 0 0 0   -0.011 -0.02329  0.04412  -0.186549 0.00707957  -0.328255 -0.000188079  -0.00110532 -6.13937e-05  0.0357451  0.0206245 -0.0420818 -0.0783701 -0.0555752   -9.80853 
             278.001 -0.100241 -0.894224  -171.508 0.513957  8.24653  4.08861 0 0 0   -0.011 -0.02329  0.04412 -0.162635 0.0146155 -0.328143 -0.000202889  -0.00108622  -5.0317e-05  0.0360791  0.0207087 -0.0419663 -0.0782935 -0.0554854   -9.80853 
             278.102 -0.150006  -0.85877  -171.512 0.497359  8.24164  4.05588 0 0 0   -0.011 -0.02329  0.04412   -0.150732 -0.00052027   -0.325425 -0.000183882  -0.00109616   -9.852e-05  0.0358203  0.0200541 -0.0419867 -0.0782377 -0.0557215   -9.80853 
             278.203 -0.169081  -0.72541  -171.469 0.478833  8.23796  4.02106 0 0 0   -0.011 -0.02329  0.04412  -0.152916 -0.0156305  -0.343623 -0.000199517  -0.00112214 -7.42533e-05  0.0353286  0.0198022 -0.0418055 -0.0783294 -0.0558886   -9.80853 
             278.301 -0.170927 -0.701675  -171.482 0.465668  8.23834  3.98474 0 0 0   -0.011 -0.02329  0.04412   -0.130874 -0.00784818   -0.354277 -0.000188228  -0.00110859 -8.11595e-05  0.0355032  0.0199752 -0.0414794 -0.0783181 -0.0558059   -9.80853 
             278.403  -0.22326 -0.828157  -171.498 0.455103  8.23417  3.94878 0 0 0   -0.011 -0.02329  0.04412  -0.114254 -0.0137038  -0.346861 -0.000166833  -0.00107694 -6.27003e-05  0.0356432  0.0195496 -0.0414534 -0.0781965  -0.055898   -9.80853 
             278.502 -0.270197 -0.836835  -171.503 0.448941  8.23025  3.91307 0 0 0   -0.011 -0.02329  0.04412 -0.0817514 -0.0251392  -0.358366 -0.000139477  -0.00110348 -3.72481e-05  0.0360291  0.0191563 -0.0413189 -0.0780142 -0.0559332   -9.80853 
             278.601 -0.292426 -0.756425  -171.538 0.439715  8.22853  3.87886 0 0 0   -0.011 -0.02329  0.04412 -0.0769139 -0.0257665  -0.360725 -0.000140291  -0.00112648 -3.16698e-05  0.0359028  0.0192769 -0.0415105 -0.0780703 -0.0559241   -9.80853 
             278.702 -0.331827  -0.75381  -171.619 0.435327  8.22334  3.84181 0 0 0   -0.011 -0.02329  0.04412 -0.0504739 -0.0332062  -0.362535  -0.00014567  -0.00111706 -2.65163e-05  0.0360503  0.0189341 -0.0414744 -0.077964 -0.055991  -9.80853 
             278.801 -0.368536  -0.83036  -171.671  0.4345 8.21689  3.8034 0 0 0   -0.011 -0.02329  0.04412 -0.0324539 -0.0461121  -0.371327 -0.000145797  -0.00110033 -3.44595e-05 0.0363745 0.0185063 -0.041162 -0.0777965 -0.0560472   -9.80853 
             278.901 -0.330604 -0.790746  -171.668 0.427147  8.21241  3.76587 0 0 0   -0.011 -0.02329  0.04412 -0.0392768 -0.0522245  -0.367878 -0.000170966  -0.00113904 -4.34838e-05  0.0359307  0.0186547 -0.0410813 -0.0779482 -0.0560899   -9.80853 
             279.001 -0.233094 -0.637728  -171.697 0.421319  8.21356  3.73211 0 0 0   -0.011 -0.02329  0.04412 -0.0437778  -0.020033  -0.361037 -0.000183388  -0.00115723 -9.73653e-06  0.0358866  0.0193686 -0.0414376 -0.0780902 -0.0559022   -9.80853 
             279.102 -0.137793 -0.615057  -171.701 0.418468  8.21273  3.69474 0 0 0   -0.011 -0.02329  0.04412 -0.0331788 -0.0111911  -0.370635 -0.000211051  -0.00115031 -1.80528e-05  0.0360755  0.0194477 -0.0413816 -0.0780538  -0.055845   -9.80853 
             279.203 -0.0911205  -0.713993    -171.74 0.425891   8.2028  3.65826 0 0 0   -0.011 -0.02329  0.04412  0.0104463 -0.0398542   -0.35792 -0.000220952  -0.00114328 -2.02539e-05  0.0368945  0.0182786 -0.0414714 -0.0776105 -0.0560133   -9.80853 
             279.301 -0.0687058   -0.72615   -171.763 0.425889  8.19942  3.62104 0 0 0   -0.011 -0.02329  0.04412  0.0187314 -0.0410738  -0.361499 -0.000221328  -0.00113686 -2.72149e-05  0.0367633  0.0183984 -0.0411466  -0.077672 -0.0560045   -9.80853 
             279.402 -0.0723436  -0.752649   -171.779 0.428278  8.19135  3.58526 0 0 0   -0.011 -0.02329  0.04412  0.0319562 -0.0538605  -0.361454 -0.000221162  -0.00108465 -5.03092e-05  0.0366281   0.018002 -0.0412651 -0.0776345 -0.0561375   -9.80853 
             279.502 -0.0887049  -0.893995   -171.815 0.434825  8.18631   3.5495 0 0 0   -0.011 -0.02329  0.04412  0.0560333 -0.0574515  -0.358505 -0.000211884  -0.00108374 -2.99842e-05  0.0369264  0.0179859 -0.0413265 -0.0775498 -0.0560873   -9.80853 
             279.602  -0.10121 -0.997425  -171.816 0.438099   8.1788  3.51323 0 0 0   -0.011 -0.02329  0.04412  0.0606262 -0.0657059  -0.348351 -0.000213292  -0.00110947 -4.24827e-05  0.0366055  0.0179101 -0.0412402 -0.0776239 -0.0561663   -9.80853 
             279.701 -0.0548354  -0.913426   -171.803 0.441995  8.16987  3.47679 0 0 0   -0.011 -0.02329  0.04412 0.0555051 -0.074743 -0.348148 -0.000191651  -0.00113565  -1.3833e-05  0.0362883  0.0177273 -0.0409454 -0.0776801 -0.0562734   -9.80853 
             279.803 0.0734534 -0.691268  -171.855 0.449836   8.1725  3.43811 0 0 0   -0.011 -0.02329  0.04412  0.0683242 -0.0314091  -0.358353 -0.000180795  -0.00114343  2.75897e-05  0.0367348  0.0187263 -0.0405463 -0.0777459 -0.0559237   -9.80853 
             279.902  0.148223 -0.576779  -171.937 0.455842  8.17097  3.40205 0 0 0   -0.011 -0.02329  0.04412  0.0736862 -0.0220465  -0.371556 -0.000177747  -0.00117691 -1.45012e-05  0.0366592  0.0188961 -0.0405702 -0.0777965 -0.0558916   -9.80853 
             280.002  0.135064 -0.562516  -172.006 0.460121  8.16639  3.36431 0 0 0   -0.011 -0.02329  0.04412  0.0599149 -0.0211924  -0.364367 -0.000172322  -0.00118052 -1.33442e-05  0.0362896  0.0186989 -0.0404686 -0.0778613 -0.0560107   -9.80853 
             280.102  0.110985 -0.535607  -172.032 0.470886  8.16381  3.33033 0 0 0   -0.011 -0.02329  0.04412  0.0750689 -0.0270814  -0.341115 -0.000165944  -0.00117039 -4.53678e-06  0.0367854  0.0185507 -0.0407107 -0.0777002 -0.0559621   -9.80853 
             280.202 0.0523879 -0.545142  -172.034 0.478574  8.16251  3.29663 0 0 0   -0.011 -0.02329  0.04412  0.0767051 -0.0182114  -0.333581 -0.000164895  -0.00115611 -1.91916e-06  0.0367955  0.0186678 -0.0407179 -0.0777181 -0.0559291   -9.80853 
             280.302 -0.0590537  -0.627515   -172.039 0.495716  8.15696  3.25986 0 0 0   -0.011 -0.02329  0.04412   0.111102 -0.0375224  -0.335264 -0.000134481  -0.00118424  1.42064e-05  0.0376943  0.0180761 -0.0402617 -0.0773793 -0.0559297   -9.80854 
             280.403 -0.156527 -0.695434  -171.904 0.493933  8.15203  3.22807 0 0 0   -0.011 -0.02329  0.04412  0.0620616 -0.0332207  -0.324411 -0.000154552  -0.00120753 -7.85872e-05   0.036316  0.0182554 -0.0405005 -0.0777737 -0.0561222   -9.80853 
             280.501  -0.17165 -0.688005  -172.003 0.51084 8.14952  3.1924 0 0 0   -0.011 -0.02329  0.04412   0.108563 -0.0251144  -0.333811  -0.00020547  -0.00119209 -2.32716e-05  0.0374223  0.0180397 -0.0400224 -0.0774487 -0.0559869   -9.80853 
             280.602 -0.0585481  -0.573999   -172.011 0.527666  8.14612    3.158 0 0 0   -0.011 -0.02329  0.04412   0.131415 -0.0153451  -0.330796 -0.000230034   -0.0012245 -2.19904e-05   0.037984  0.0177479 -0.0399339  -0.077251 -0.0559663   -9.80854 
             280.703 -0.0133719  -0.504122   -171.986 0.541251  8.14393   3.1237 0 0 0   -0.011 -0.02329  0.04412  0.128736 -0.014363 -0.320468 -0.000215766  -0.00122843 -3.63762e-05  0.0380163  0.0176666 -0.0397739 -0.0772301 -0.0559819   -9.80854 
             280.802 -0.0464101  -0.520946    -171.99 0.548252  8.13466  3.08717 0 0 0   -0.011 -0.02329  0.04412    0.11046 -0.0486798   -0.32954  -0.00019509  -0.00122575 -7.14773e-06  0.0371948  0.0169931 -0.0391332  -0.077335 -0.0562992   -9.80853 
             280.901 -0.120573 -0.481521  -172.034 0.559391  8.13066  3.05442 0 0 0   -0.011 -0.02329  0.04412   0.119797 -0.0381572  -0.326356 -0.000177986  -0.00123456  1.08311e-05  0.0371855  0.0170866 -0.0390883 -0.0773539 -0.0562764   -9.80853 
             281.002 -0.182717 -0.376985  -172.098 0.57228 8.13165 3.02079 0 0 0   -0.011 -0.02329  0.04412  0.120437 -0.016645 -0.324089 -0.000168679  -0.00124005  6.89348e-06  0.0374312  0.0175407 -0.0389805 -0.0773685 -0.0561162   -9.80853 
             281.101 -0.201397 -0.363358  -172.173 0.585235  8.12917  2.98503 0 0 0   -0.011 -0.02329  0.04412   0.125197 -0.0138663  -0.331652 -0.000146205  -0.00124321 -1.14684e-05  0.0374937  0.0174087 -0.0385002 -0.0773337 -0.0561394   -9.80853 
             281.201 -0.219592 -0.423474  -172.199  0.5984  8.1279 2.94658 0 0 0   -0.011 -0.02329  0.04412     0.1252 -0.0175524  -0.317402 -0.000139496  -0.00125383 -1.94797e-05  0.0375669  0.0173893 -0.0378352 -0.0773165 -0.0561309   -9.80853 
             281.301 -0.147445  -0.20895  -172.113 0.613791  8.11844   2.9189 0 0 0   -0.011 -0.02329  0.04412   0.118031 -0.0412019  -0.162714 -0.000124057  -0.00128903 -4.29237e-05  0.0377241    0.01651 -0.0375016 -0.0771315 -0.0563311   -9.80853 
             281.403 0.570324  1.77625 -169.915 0.619337  8.10674  2.91789 0 0 0   -0.011 -0.02329  0.04412  0.0379089 -0.0596921  0.0669492 -0.000124199  -0.00133718 -0.000160558  0.0370897  0.0158113 -0.0384588 -0.0771719 -0.0566187   -9.80853 
             281.502  1.98086  4.17387 -164.446 0.583371   8.1326  2.94497 0 0 0   -0.011 -0.02329  0.04412 -0.217632  0.084104  0.335102 -0.000104836  -0.00131839 -0.000295521  0.0343391  0.0198863 -0.0400075 -0.0785833 -0.0560656   -9.80852 
             281.602  3.53402  5.84299 -156.352 0.565158  8.12612  2.98065 0 0 0   -0.011 -0.02329  0.04412 -0.323082 0.0356619  0.461043 -6.46448e-05  -0.00133495 -0.000381399  0.0347617  0.0178395 -0.0391539 -0.0780404 -0.0564669   -9.80853 
             281.702    5.474  7.47687 -149.697 0.560568   8.1089  3.02605 0 0 0   -0.011 -0.02329  0.04412  -0.352902 -0.0239677   0.415677 -0.000127042  -0.00132375 -0.000182678  0.0372471  0.0137152 -0.0386588 -0.0764311 -0.0566721   -9.80854 
             281.802  8.14209  9.32322 -147.545 0.497633   8.1289  3.05229 0 0 0   -0.011 -0.02329  0.04412 -0.627345  0.103542  0.258914 -0.000173582  -0.00132181  6.50838e-05  0.0366229  0.0168178 -0.0377374  -0.077424 -0.0563176   -9.80853 
             281.902  10.5501  11.3518 -150.667 0.437547  8.12562  3.06403 0 0 0   -0.011 -0.02329  0.04412 -0.792989  0.103175 0.0665433 -0.000177308  -0.00128251  0.000342829   0.036173  0.0144678 -0.0364329 -0.0765708  -0.056761   -9.80854 
             282.002  11.4177  13.3241 -159.292 0.303411  8.16417  3.05292 0 0 0   -0.011 -0.02329  0.04412  -1.18755  0.294877 -0.133932 -0.000145501  -0.00121993  0.000525457  0.0339318  0.0201471 -0.0365313 -0.0787311 -0.0568094   -9.80852 
             282.101  9.96456  14.6435 -173.745 0.186055  8.20055  3.03033 0 0 0   -0.011 -0.02329  0.04412  -1.32524   0.42131 -0.293374 -9.20632e-05  -0.00110565  0.000767532  0.0347365  0.0199529 -0.0357682 -0.0784469 -0.0566065   -9.80852 
             282.203 6.83803 13.7117 167.719 0.0657628   8.24044    2.9914 0 0 0   -0.011 -0.02329  0.04412 -1.33041 0.483541 -0.55885 -6.80486e-05  -0.00100539  0.000913498  0.0364157  0.0184589 -0.0351528 -0.0776822 -0.0565974   -9.80853 
             282.302  3.4031 10.2751 147.017 -0.0524311    8.28797     2.9337 0 0 0   -0.011 -0.02329  0.04412  -1.29557  0.529183 -0.828268 -5.96495e-05 -0.000984011   0.00089802  0.0383737  0.0179487 -0.0357621  -0.077217 -0.0565643   -9.80853 
             282.402 1.08702 5.55424 126.934 -0.152325    8.3336   2.83409 0 0 0   -0.011 -0.02329  0.04412 -1.15611 0.510744 -1.11823 -6.50313e-05 -0.000971879  0.000956068  0.0416136  0.0186901 -0.0343164 -0.0762335 -0.0570294   -9.80854 
             282.502 0.244218  1.17628  109.091 -0.270189   8.38436   2.70377 0 0 0   -0.011 -0.02329  0.04412 -1.13843 0.481014  -1.3917 -6.1088e-05 -0.00103271 0.000786661  0.0410986  0.0185695 -0.0333612 -0.0763016 -0.0569868   -9.80854 
             282.601  1.02492 -1.63501  94.9746 -0.383408   8.43609   2.56203 0 0 0   -0.011 -0.02329  0.04412 -1.07762 0.440175 -1.57261 -9.45631e-05   -0.0010856   0.00058983  0.0403562  0.0185454 -0.0337865 -0.0762967 -0.0566935   -9.80854 
             282.701  4.75674 -4.19297  84.6306 -0.531231   8.49354    2.4033 0 0 0   -0.011 -0.02329  0.04412 -1.12615 0.383245 -1.71038 -0.000258304  -0.00102691  0.000436826  0.0376909  0.0134012 -0.0346627  -0.077736 -0.0548163   -9.80854 
             282.802  11.0283 -7.79962  76.1182 -0.591512   8.50712    2.2067 0 0 0   -0.011 -0.02329  0.04412 -0.734969 0.0907594  -1.80681 -0.000264927  -0.00101911  0.000371315  0.0386465  0.0208415 -0.0324794 -0.0756636 -0.0572705   -9.80854 
             282.902 15.0783 -9.0531 68.7935 -0.676868   8.50466   2.03212 0 0 0   -0.011 -0.02329  0.04412 -0.617452 -0.164025  -1.75475 -6.27697e-05  -0.00115528  0.000298684  0.0397015  0.0182932 -0.0328406 -0.0767644 -0.0567602   -9.80854 
             283.003  14.8395 -7.31216  62.8098 -0.734367   8.47988   1.87489 0 0 0   -0.011 -0.02329  0.04412 -0.465451 -0.359476  -1.63672 0.000154249 -0.00134702 0.000246839  0.0394707  0.0175543 -0.0349213 -0.0767714 -0.0566164   -9.80854 
             283.103 11.3037 -3.4356 57.9148 -0.736145   8.44825   1.73117 0 0 0   -0.011 -0.02329  0.04412 -0.181386 -0.403183  -1.58199 0.000213927 -0.00139703  0.00021473  0.0344155  0.0210167 -0.0382161 -0.0736915 -0.0571829   -9.80856 
             283.202 5.13868 3.64353 54.9694 -0.748836   8.43076   1.56627 0 0 0   -0.011 -0.02329  0.04412 -0.0876334  -0.259067   -1.66774 0.000279831 -0.00154107 0.000135637  0.0321151  0.0195643 -0.0368979 -0.073075 -0.055936  -9.80857 
             283.303 -0.71015  11.4046   55.067 -0.819842   8.43118   1.36152 0 0 0   -0.011 -0.02329  0.04412  -0.263418 -0.0249003   -1.94724  0.000231455  -0.00151779 -0.000104839 0.0364702 0.0115943 -0.031988 -0.0768143 -0.0529762   -9.80856 
             283.404 -2.69248  15.5026  58.2562 -0.800715   8.42385   1.15609 0 0 0   -0.011 -0.02329  0.04412 0.015565 0.111484 -1.98968  3.49592e-05  -0.00127699 -0.000241094  0.0329584  0.0177594 -0.0317528 -0.0741035 -0.0551373   -9.80857 
             283.501 -0.712538   14.4568    64.062 -0.783897   8.43448  0.982096 0 0 0   -0.011 -0.02329  0.04412 0.160545 0.272613  -1.7266 -0.000104336  -0.00100773 -0.000310897  0.0329185   0.019776 -0.0330692 -0.0736242 -0.0559662   -9.80856 
             283.603  2.4447 9.67929 70.1729 -0.770888   8.46491  0.837715 0 0 0   -0.011 -0.02329  0.04412 0.246575 0.359332 -1.36654  -0.00013762 -0.000886754 -0.000347251  0.0344692   0.019186 -0.0352229 -0.0742874 -0.0558422   -9.80856 
             283.701 4.66274 4.05211 75.1517 -0.752744   8.50133  0.732404 0 0 0   -0.011 -0.02329  0.04412 0.304516 0.362852 -1.04617 -0.000119161 -0.000909323 -0.000272836  0.0357256  0.0180699 -0.0371971 -0.0749523 -0.0555029   -9.80856 
             283.802  5.10703 0.395968  78.0934 -0.73563  8.53417 0.638219 0 0 0   -0.011 -0.02329  0.04412  0.319562  0.300422 -0.785854 -0.000111521 -0.000971153 -0.000227911  0.0370621  0.0162702 -0.0370608  -0.075938 -0.0551397   -9.80855 
             283.902   4.12436 -0.568931   79.2944 -0.694527   8.57468  0.565747 0 0 0   -0.011 -0.02329  0.04412  0.391519  0.307867 -0.568535 -4.52604e-05  -0.00109483 -0.000117565   0.035287  0.0164279 -0.0367539 -0.0752609 -0.0547133   -9.80856 
             284.002  2.44346 0.518806  79.1066 -0.647281   8.61466  0.512061 0 0 0   -0.011 -0.02329  0.04412  0.442519  0.333304 -0.383009 -5.96744e-05  -0.00119532 -8.59381e-05 0.0338366 0.0167512 -0.036148  -0.074687 -0.0544054   -9.80856 
               284.1 0.709805  2.09679  78.1016 -0.604478   8.65838  0.480084 0 0 0   -0.011 -0.02329  0.04412  0.436058  0.389385 -0.226126 -5.75998e-05  -0.00117193 -4.54658e-05  0.0326292   0.016176 -0.0359615 -0.0744469 -0.0538582   -9.80857 
             284.202 -0.509773   3.02048   76.9542 -0.558098   8.69446  0.455848 0 0 0   -0.011 -0.02329  0.04412  0.429932  0.406893 -0.129685 -8.20299e-05  -0.00111822 -6.33434e-05  0.0330851  0.0167373 -0.0351801 -0.0744563 -0.0541758   -9.80857 
             284.302 -0.833193    2.9115   76.0566 -0.516797   8.73798  0.442134 0 0 0   -0.011 -0.02329  0.04412   0.409091    0.42735 -0.0520365 -0.000144097  -0.00105125 -0.000101316  0.0328697  0.0164819 -0.0346111 -0.0744614 -0.0540306   -9.80857 
             284.402 -0.426371   2.00879   75.6025 -0.474834   8.78738  0.438488 0 0 0   -0.011 -0.02329  0.04412  0.411522  0.458119 0.0172294 -0.000168469  -0.00101817 -9.77618e-05  0.0320904  0.0162586 -0.0343974 -0.0742513 -0.0537395   -9.80857 
             284.502  0.14413 0.839172  75.5288 -0.438142    8.8376  0.439757 0 0 0   -0.011 -0.02329  0.04412  0.392282   0.45092 0.0525086 -0.000127788 -0.000990972 -0.000112631  0.0316515  0.0154885 -0.0341212 -0.0743082 -0.0533508   -9.80857 
             284.603  0.538168 -0.100382   75.6807 -0.402674   8.88097  0.442201 0 0 0   -0.011 -0.02329  0.04412  0.370309  0.407494 0.0566473  -7.4767e-05 -0.000967881 -0.000122847  0.0319252  0.0151162 -0.0336638 -0.0745095 -0.0532974   -9.80857 
             284.702  0.678141 -0.560669    75.901 -0.372006   8.92096  0.445941 0 0 0   -0.011 -0.02329  0.04412  0.338072  0.384171 0.0573566 -8.59377e-05 -0.000984377 -0.000128588  0.0321323  0.0144179 -0.0333476  -0.074774 -0.0531051   -9.80857 
             284.802 0.666587 -0.62109  76.0718 -0.342546    8.9618  0.451719 0 0 0   -0.011 -0.02329  0.04412  0.312658  0.363849 0.0573256 -0.000112244  -0.00102639 -0.000137664  0.0319147  0.0137503 -0.0333063 -0.0748779 -0.0528092   -9.80857 
             284.904  0.498348 -0.470824   76.1313 -0.300943   9.00414   0.45533 0 0 0   -0.011 -0.02329  0.04412  0.329925  0.347743 0.0455647 -5.56256e-05  -0.00101277 -0.000127046  0.0305286  0.0145912 -0.0330846  -0.074163 -0.0527278   -9.80858 
             285.001  0.282847 -0.363417   76.0745 -0.266927   9.04276  0.457831 0 0 0   -0.011 -0.02329  0.04412  0.323161  0.337315 0.0216556 -6.52271e-05 -0.000992242 -0.000100747  0.0296886  0.0145741 -0.0328973 -0.0738746 -0.0524923   -9.80858 
             285.102  0.180564 -0.405589   75.9669 -0.230077   9.07272  0.458027 0 0 0   -0.011 -0.02329  0.04412    0.322077    0.301141 -0.00219979 -6.31468e-05 -0.000993971 -0.000127968  0.0297546  0.0153491 -0.0327656 -0.0736879 -0.0527795   -9.80858 
             285.205   0.17042 -0.512886   75.7735 -0.194876   9.10078   0.45645 0 0 0   -0.011 -0.02329  0.04412   0.310191   0.260774 -0.0176843 -8.82054e-05 -0.000990731   -0.0001017  0.0297531  0.0157651 -0.0326467 -0.0735751  -0.052923   -9.80858 
             285.301  0.197524 -0.694968   75.6179 -0.168706   9.12636  0.452683 0 0 0   -0.011 -0.02329  0.04412   0.284484   0.235193 -0.0381066 -7.88167e-05 -0.000991508 -0.000117899  0.0297274  0.0153013 -0.0324344 -0.0736915 -0.0527536   -9.80858 
             285.401  0.217668 -0.829245   75.4553 -0.138396   9.15265  0.447789 0 0 0   -0.011 -0.02329  0.04412   0.273993     0.2221 -0.0590577 -9.14693e-05 -0.000982616 -0.000113526  0.0291058  0.0153911 -0.0324303 -0.0734519 -0.0526182   -9.80858 
             285.503 0.249352 -0.92845  75.3423 -0.106477   9.17641  0.439625 0 0 0   -0.011 -0.02329  0.04412   0.27129  0.186733 -0.086276 -0.000103394 -0.000987567 -0.000115606  0.0284904  0.0157924 -0.0322668 -0.0731315 -0.0525921   -9.80859 
             285.601  0.279847 -0.980759   75.2534 -0.0725119    9.19949   0.430439 0 0 0   -0.011 -0.02329  0.04412   0.291854   0.171418 -0.0991639 -9.79913e-05 -0.000966348 -0.000106305  0.0273377  0.0163118 -0.0322693 -0.0725942 -0.0524663   -9.80859 
             285.703  0.255571 -0.963114   75.2103 -0.0480222    9.21087   0.419697 0 0 0   -0.011 -0.02329  0.04412  0.258538   0.11497 -0.114144 -6.82062e-05  -0.00095471 -8.49606e-05  0.0281054  0.0160518 -0.0322454 -0.0729286  -0.052579   -9.80859 
             285.803  0.164131 -0.888605   75.1488 -0.019622    9.2269  0.403967 0 0 0   -0.011 -0.02329  0.04412  0.261794  0.106141 -0.144696 -4.96682e-05 -0.000965677 -9.05957e-05   0.027288  0.0160327 -0.0318116 -0.0726518 -0.0523526   -9.80859 
             285.902 0.0927986 -0.790312   75.0894 0.00271649    9.24106   0.389687 0 0 0   -0.011 -0.02329  0.04412  0.237001 0.0919511 -0.156688 -2.07885e-05 -0.000936791 -0.000123809  0.0269001  0.0154066 -0.0318692  -0.072683 -0.0520352   -9.80859 
             286.003 0.00355418  -0.738077    75.0703 0.0214384    9.2514  0.372156 0 0 0   -0.011 -0.02329  0.04412  0.201445 0.0730195 -0.174991 -3.68977e-05 -0.000916047 -0.000119802 0.0269016 0.0147507 -0.031726 -0.0728556 -0.0518087   -9.80859 
             286.103 -0.0549724  -0.720211    75.0725 0.0394508   9.26268  0.353087 0 0 0   -0.011 -0.02329  0.04412  0.173887  0.066812 -0.177851   2.0026e-05 -0.000915599 -0.000100403   0.026388  0.0143799 -0.0315114 -0.0727765 -0.0515454   -9.80859 
             286.202 -0.158117  -0.71025    75.044  0.06559  9.27178 0.336506 0 0 0   -0.011 -0.02329  0.04412  0.192821 0.0581083 -0.181868 -2.29638e-05 -0.000913923 -0.000106299  0.0254821  0.0152581 -0.0317077 -0.0722377 -0.0516113    -9.8086 
             286.301 -0.171539 -0.677993   75.0046 0.0813573   9.27741  0.319258 0 0 0   -0.011 -0.02329  0.04412  0.161678 0.0407499 -0.173069 -1.06373e-05 -0.000928859 -0.000101864  0.0255258  0.0149482 -0.0317371 -0.0723333 -0.0515171    -9.8086 
             286.403 -0.167146 -0.608622   74.9649 0.0943444   9.28236  0.298776 0 0 0   -0.011 -0.02329  0.04412  0.136769 0.0224166 -0.187509 -1.59406e-05  -0.00095287 -5.39822e-05   0.025484  0.0145116 -0.0313927  -0.072432 -0.0513555    -9.8086 
             286.503 -0.188477 -0.548405   74.9069 0.109712  9.28662 0.279956 0 0 0   -0.011 -0.02329  0.04412   0.12025 0.0233114 -0.178704 -3.01702e-05 -0.000902595 -4.50031e-05  0.0250578   0.014672 -0.0313058 -0.0722459 -0.0512991    -9.8086 
             286.602  -0.21423 -0.554069   74.8404 0.130323  9.29117  0.26197 0 0 0   -0.011 -0.02329  0.04412  0.136556 0.0166379 -0.183195 -3.50841e-05 -0.000890378 -4.79034e-05  0.0242034  0.0155241 -0.0312743 -0.0717369 -0.0513667    -9.8086 
             286.702 -0.201538   -0.6116   74.8209 0.146635  9.29149 0.245478 0 0 0   -0.011 -0.02329  0.04412    0.131135 -0.00336445   -0.168014 -4.72564e-05 -0.000871128 -2.34941e-05  0.0240781  0.0159224 -0.0314705 -0.0715923   -0.05147    -9.8086 
             286.802 -0.175835 -0.643868   74.7773 0.163881  9.29339 0.227562 0 0 0   -0.011 -0.02329  0.04412   0.133121 -0.0198545   -0.16606 -1.52861e-05 -0.000863883  9.07248e-06  0.0234443   0.016267 -0.0312991 -0.0712903 -0.0514225   -9.80861 
             286.903 -0.183038 -0.664267   74.7524 0.177963  9.29672 0.209919 0 0 0   -0.011 -0.02329  0.04412   0.132218 -0.0215798  -0.168348 -6.92083e-06 -0.000868171 -3.27082e-05  0.0227258  0.0160286 -0.0311402 -0.0711101 -0.0511576   -9.80861 
             287.001 -0.207307 -0.631594    74.714   0.1933  9.29712 0.192987 0 0 0   -0.011 -0.02329  0.04412   0.133929 -0.0238926  -0.159748  1.24854e-05 -0.000851747 -3.38913e-05  0.0222137  0.0161689 -0.0310392 -0.0709027 -0.0510733   -9.80861 
             287.101 -0.303223  -0.60163   74.7411 0.199759  9.28955 0.178273 0 0 0   -0.011 -0.02329  0.04412  0.0893851 -0.0577073  -0.141526   2.7568e-05 -0.000840735  -5.6614e-05   0.023056  0.0157214 -0.0311155 -0.0712981 -0.0511384   -9.80861 
             287.203 -0.393813 -0.591891    74.728 0.205467  9.28722 0.162051 0 0 0   -0.011 -0.02329  0.04412  0.0655451 -0.0606363   -0.14001    1.759e-05 -0.000801694 -3.40599e-05  0.0227712  0.0151818 -0.0308535 -0.0713401 -0.0508848   -9.80861 
             287.302 -0.490601 -0.572528   74.7291 0.213971  9.28466  0.14567 0 0 0   -0.011 -0.02329  0.04412  0.0617515 -0.0672584   -0.14464  2.01225e-05 -0.000836636  2.21389e-06  0.0221624  0.0152149 -0.0305213 -0.0711289 -0.0507398   -9.80861 
             287.401 -0.561155  -0.51768    74.695 0.217291  9.27476 0.129831 0 0 0   -0.011 -0.02329  0.04412  0.0377026 -0.0951026    -0.1445  1.94513e-05 -0.000834985 -1.17054e-05 0.0225321 0.0151048 -0.030288 -0.0712784 -0.0507958   -9.80861 
             287.502 -0.575413 -0.478613   74.6531 0.217687  9.26754 0.113285 0 0 0   -0.011 -0.02329  0.04412 0.00388624 -0.0972616  -0.143236  1.73015e-05 -0.000812559  2.07446e-05  0.0223114  0.0146754 -0.0300232 -0.0713133 -0.0505972   -9.80861 
             287.601 -0.551857 -0.448092   74.5775 0.220641  9.26598 0.098913 0 0 0   -0.011 -0.02329  0.04412 0.00561536 -0.0761765   -0.13435  4.29204e-05 -0.000786164  1.72867e-05  0.0212572  0.0145425 -0.0299816     -0.071 -0.0502879   -9.80861 
             287.701 -0.473758 -0.380934    74.511  0.226582   9.25997 0.0862691 0 0 0   -0.011 -0.02329  0.04412  0.0144646 -0.0772416  -0.125985  1.18466e-05 -0.000783281  3.27701e-05  0.0206934   0.015029 -0.0300391 -0.0706931 -0.0503065   -9.80862 
             287.803 -0.386159 -0.329577   74.4639  0.232599     9.254 0.0712473 0 0 0   -0.011 -0.02329  0.04412  0.0230413 -0.0813165  -0.138031  1.65241e-05 -0.000786309  1.53533e-05  0.0201866  0.0154268 -0.0297744 -0.0704269 -0.0503093   -9.80862 
             287.903 -0.396204 -0.259168   74.4709  0.230704   9.24592 0.0559321 0 0 0   -0.011 -0.02329  0.04412 -0.00336885  -0.0931602   -0.140956  5.21365e-05 -0.000815722  5.29168e-05  0.0202838  0.0150121 -0.0295595 -0.0705616 -0.0501971   -9.80862 
             288.001 -0.425964  -0.17171   74.4847  0.227857   9.24105 0.0433734 0 0 0   -0.011 -0.02329  0.04412 -0.0231529 -0.0808861  -0.129107  8.77859e-05 -0.000836606  5.89931e-05  0.0198925  0.0145728 -0.0296963 -0.0705437 -0.0499569   -9.80862 
             288.101  -0.478183 -0.0727615    74.4967  0.227593   9.23418 0.0308234 0 0 0   -0.011 -0.02329  0.04412 -0.0273283 -0.0856958  -0.121076  0.000125146 -0.000812965  3.70642e-05  0.0195639  0.0147742 -0.0297008 -0.0703871 -0.0499409   -9.80862 
             288.202     -0.5327 -0.00439597     74.4987  0.223135   9.22996 0.0184416 0 0 0   -0.011 -0.02329  0.04412 -0.0437022 -0.0753215   -0.11512  0.000105391 -0.000808372  6.14049e-05 0.0191345 0.0144274 -0.029663 -0.0703339 -0.0497221   -9.80862 
             288.302 -0.47662 0.022806  74.4789   0.215783    9.21972 0.00593965 0 0 0   -0.011 -0.02329  0.04412 -0.0636063 -0.0998937  -0.107403  7.48529e-05 -0.000795124   5.2218e-05  0.0194976   0.014226 -0.0295099 -0.0705006 -0.0497467   -9.80862 
             288.402 -0.351026 0.0518324   74.4758    0.209148     9.21646 -0.00541521 0 0 0   -0.011 -0.02329  0.04412 -0.0723767 -0.0807625 -0.0974402  2.57221e-05 -0.000801699  2.43034e-06  0.0187357  0.0138661 -0.0293631 -0.0703443  -0.049443   -9.80862 
             288.502 -0.252973  0.094924   74.4728  0.202004   9.20902 -0.013892 0 0 0   -0.011 -0.02329  0.04412 -0.0537259 -0.0968085   0.025272  1.81233e-05 -0.000835802 -1.63534e-05   0.018613  0.0138749 -0.0293784 -0.0703027 -0.0494157   -9.80862 
             288.602 -0.00176957    0.134758     74.4265    0.199329      9.2099 -0.00556626 0 0 0   -0.011 -0.02329  0.04412 -0.0464688 -0.0644582  0.0696725 -1.40238e-06 -0.000854512  3.23199e-05  0.0173235  0.0135114 -0.0295719   -0.06998 -0.0489831   -9.80863 
             288.702 -0.122509  0.147677   74.4134    0.201683     9.20496 -0.00443426 0 0 0   -0.011 -0.02329  0.04412 -0.0251382  -0.069634  0.0412842 -1.64378e-05 -0.000863098  6.38645e-05  0.0167143   0.014172 -0.0289465 -0.0696247 -0.0490443   -9.80863 
             288.801 0.0358518  0.130614   74.4434    0.201591     9.20939 -0.00862827 0 0 0   -0.011 -0.02329  0.04412 -0.0182138 -0.0280096   0.013974 -4.07968e-05 -0.000840582  4.12239e-05  0.0153344   0.013846 -0.0279698 -0.0692679 -0.0486031   -9.80864 
             288.902 0.0418539  0.137466   74.4108   0.208605     9.2091 -0.0105332 0 0 0   -0.011 -0.02329  0.04412  0.0086641 -0.0269615 0.00484878 -4.96223e-05 -0.000841272  4.88229e-05  0.0145441  0.0146416 -0.0275594 -0.0688248 -0.0486624   -9.80864 
             289.002 0.032742 0.134189  74.4058    0.211191     9.20758 -0.00985546 0 0 0   -0.011 -0.02329  0.04412  0.0199942 -0.0334302 0.00896411  -6.5748e-05 -0.000810536  2.33316e-05 0.0142904  0.014733 -0.027537 -0.0687225 -0.0486297   -9.80864 
             289.103 0.0352368  0.128853   74.3924   0.215971    9.21165 -0.0108622 0 0 0   -0.011 -0.02329  0.04412  0.0301554 -0.0146344 -0.0021165 -8.97506e-05 -0.000836672  1.62096e-05  0.0133363  0.0146087 -0.0273181 -0.0684531 -0.0483591   -9.80864 
             289.201 0.0352161  0.130282    74.403   0.216846    9.21018 -0.0120477 0 0 0   -0.011 -0.02329  0.04412   0.0180554  -0.0227734 -0.00512076 -0.000115631 -0.000825769  4.97529e-05  0.0134042  0.0143673 -0.0271771 -0.0685333 -0.0482995   -9.80864 
             289.302 0.0314666  0.130628   74.4104   0.211242    9.20778 -0.0115906 0 0 0   -0.011 -0.02329  0.04412  -0.013155 -0.0280259 0.00281989 -0.000114252 -0.000830597   3.5043e-05  0.0137586  0.0135825 -0.0272621 -0.0688333 -0.0481395   -9.80864 
             289.402 0.0308277  0.125597   74.4201 0.208153  9.21404 -0.01153 0 0 0   -0.011 -0.02329  0.04412 -0.0205513 0.00157505 0.00298075 -0.000130881 -0.000800579  5.38705e-06  0.0128514  0.0128947 -0.0272367 -0.0687165 -0.0477066   -9.80864 
             289.503 0.0346934  0.128917   74.4051   0.208246    9.21358 -0.0112363 0 0 0   -0.011 -0.02329  0.04412 -0.0137145 -0.0083695 0.00410917 -0.000129635 -0.000743266 -2.68024e-06  0.0127399  0.0131473 -0.0272332 -0.0686212 -0.0477583   -9.80864 
             289.602 0.0351965  0.133402   74.4234   0.209584    9.21318 -0.0102486 0 0 0   -0.011 -0.02329  0.04412  -0.010658 -0.0187067  0.0182962 -0.000136966 -0.000731343  1.85405e-05  0.0124862  0.0134078 -0.0272326 -0.0684802 -0.0477783   -9.80864 
             289.701 0.0346465  0.130699   74.4174    0.207825     9.21132 -0.00930727 0 0 0   -0.011 -0.02329  0.04412 -0.0185775 -0.0338876  0.0182395 -0.000107458 -0.000741646  2.84059e-05  0.0124311  0.0133431 -0.0271249 -0.068479 -0.047745  -9.80864 
             289.802 0.0366155  0.132438   74.4092    0.209903     9.21257 -0.00902725 0 0 0   -0.011 -0.02329  0.04412 -0.00269294  -0.0233161   0.0201822 -0.000102415 -0.000766117  2.45244e-05  0.0116914  0.0134918 -0.0268997 -0.0682168  -0.047614   -9.80865 
             289.902 0.0328062  0.126192   74.4241   0.205931    9.20981 -0.0101149 0 0 0   -0.011 -0.02329  0.04412 -0.0248312 -0.0298161  0.0108256 -9.52068e-05  -0.00078325  3.28901e-05  0.0118913  0.0131528 -0.0265168   -0.06836 -0.0475572   -9.80865 
             290.001 0.0362655  0.131821   74.4172   0.206186    9.20889 -0.0104575 0 0 0   -0.011 -0.02329  0.04412  -0.024604 -0.0293725 0.00196463 -0.000107667 -0.000773244  3.51864e-05  0.0114938  0.0133617 -0.0263484 -0.0681895 -0.0475264   -9.80865 
             290.102 0.0386282  0.125645   74.4115   0.209031    9.21044 -0.0117543 0 0 0   -0.011 -0.02329  0.04412  -0.0133332   -0.026168 -0.00367257 -0.000135004 -0.000779118  2.52607e-05  0.0106434  0.0137261 -0.0261924 -0.0678447 -0.0474357   -9.80865 
             290.202 0.0404317  0.124407   74.4063   0.208964    9.20798 -0.0126179 0 0 0   -0.011 -0.02329  0.04412 -0.0103646 -0.0333783 -0.0120247 -0.000130182 -0.000811953  4.39507e-05  0.0105062  0.0138435 -0.0261654 -0.0677754 -0.0474388   -9.80865 
             290.302 0.0340354  0.126872   74.4077   0.209487    9.21179 -0.0120733 0 0 0   -0.011 -0.02329  0.04412 -0.00639312  -0.0148563 -0.00240063 -0.000122547 -0.000812093   4.9849e-05 0.00961829  0.0136318 -0.0263795 -0.0675565 -0.0471655   -9.80865 
             290.403 0.0358705  0.132382   74.4013   0.214982    9.20868 -0.0113166 0 0 0   -0.011 -0.02329  0.04412  0.0120786 -0.0207199 0.00536083 -9.81379e-05 -0.000831854  3.27368e-05 0.00948071  0.0143554 -0.0264644 -0.0673444 -0.0473515   -9.80865 
             290.502 0.0317144  0.129991   74.3886   0.214186    9.21243 -0.0115622 0 0 0   -0.011 -0.02329  0.04412  -0.00316721 -0.000777333   0.00956952 -5.72775e-05 -0.000807407  3.91665e-05 0.00893309  0.0138987 -0.0263301 -0.0672877 -0.0470854   -9.80866 
             290.601 0.0334401  0.126955   74.4253   0.213344    9.21747 -0.0107988 0 0 0   -0.011 -0.02329  0.04412 -0.00263637   0.0154383  0.00943453 -4.97958e-05 -0.000797925  3.96437e-05 0.00841402  0.0135703 -0.0263009 -0.0672094 -0.0468654   -9.80866 
             290.702 0.0270422   0.12656   74.4045   0.214089    9.21365 -0.0107251 0 0 0   -0.011 -0.02329  0.04412 -0.00655391 -0.00746895   0.0114485 -1.38437e-05 -0.000826478  5.39606e-05 0.00890281  0.0139774 -0.0261483 -0.0672604  -0.047101   -9.80866 
             290.804 0.0310877   0.12847   74.4018   0.216605     9.2129 -0.0106279 0 0 0   -0.011 -0.02329  0.04412  0.0033243 -0.0136888  0.0120257 -5.05222e-05 -0.000818338  7.70417e-05 0.00871604  0.0142857  -0.025983 -0.0671334 -0.0471491   -9.80866 
             290.903 0.0328269   0.12937    74.396    0.214809     9.20983 -0.00951802 0 0 0   -0.011 -0.02329  0.04412 -0.0100029 -0.0301248  0.0140195 -1.37921e-05  -0.00082035  4.89026e-05  0.0089573    0.01415 -0.0259615 -0.0672365 -0.0471649   -9.80866 
             291.002 0.0311885  0.127663   74.3858   0.221035      9.208 -0.0107097 0 0 0   -0.011 -0.02329  0.04412 0.00832655 -0.0355859  0.0163895  4.23385e-07 -0.000815235  1.48671e-05 0.00839327  0.0148577 -0.0255992 -0.0669067 -0.0472428   -9.80866 
             291.101 0.0324049  0.128016   74.3707    0.224187     9.20744 -0.00887782 0 0 0   -0.011 -0.02329  0.04412 0.00580308  -0.031686  0.0264215 -1.37713e-05 -0.000808074  1.65119e-05 0.00790727  0.0149698 -0.0255811 -0.0667378 -0.0471633   -9.80866 
             291.201 0.0322969  0.129486   74.3849    0.226823     9.21135 -0.00916685 0 0 0   -0.011 -0.02329  0.04412  0.0131692 -0.0169077  0.0114416 -2.39744e-05  -0.00083682  5.25726e-06 0.00703259  0.0148174 -0.0252663 -0.0665172 -0.0469163   -9.80866 
             291.303 0.0437071   0.13072   74.3769   0.222076    9.21269 -0.0121397 0 0 0   -0.011 -0.02329  0.04412  -0.011333  -0.012015 -0.0143831 -1.64152e-05 -0.000830667  3.18299e-05 0.00698493  0.0139924   -0.02485 -0.0666946 -0.0466633   -9.80866 
             291.402 0.0314242  0.128711   74.3873   0.221191    9.21318 -0.0127397 0 0 0   -0.011 -0.02329  0.04412 -0.0116481 -0.0089351 -0.0133757  1.41062e-05 -0.000835892  8.03144e-06  0.0067902  0.0139311 -0.0249586 -0.0666516 -0.0466008   -9.80866 
             291.501 0.0290382  0.126606   74.3844   0.216197    9.21372 -0.0125072 0 0 0   -0.011 -0.02329  0.04412  -0.0207491  -0.0169091 -0.00798909  1.04752e-05 -0.000849878  4.12801e-05 0.00678331  0.0134315 -0.0251059 -0.0667638 -0.0464541   -9.80866 
             291.603 0.0316891  0.125131   74.3784   0.210481    9.21184 -0.0131191 0 0 0   -0.011 -0.02329  0.04412  -0.0368163  -0.0276818 -0.00925285 1.18894e-05 -0.00084869 5.31746e-05 0.00689031  0.0130375 -0.0251526 -0.0668848 -0.0463645   -9.80866 
             291.702 0.0311704   0.12783   74.4118   0.206676    9.20781 -0.0123239 0 0 0   -0.011 -0.02329  0.04412 -0.0399347 -0.0345681 0.00105922   3.7482e-05 -0.000880318  4.80834e-05 0.00700903  0.0130991 -0.0253353 -0.0669044 -0.0464095   -9.80866 
             291.801 0.0313958   0.13214   74.4089    0.20686    9.20789 -0.0111417 0 0 0   -0.011 -0.02329  0.04412 -0.0247203 -0.0348524  0.0105515  5.81502e-05 -0.000904046  5.25459e-05 0.00638552  0.0133625 -0.0254736 -0.0666649 -0.0463434   -9.80866 
             291.903 0.0379402  0.131326   74.4047   0.206547    9.20916 -0.0100972 0 0 0   -0.011 -0.02329  0.04412 -0.0182435 -0.0242592  0.0224104  6.52866e-05 -0.000904862  4.18361e-05 0.00570133  0.0133252 -0.0253823 -0.0664777 -0.0461772   -9.80867 
             292.001 0.0423138  0.142199   74.4262    0.20654    9.21037 -0.0103028 0 0 0   -0.011 -0.02329  0.04412 -0.00951084  -0.0124917   0.0151937   2.7389e-05 -0.000900485  2.10057e-05  0.0052297  0.0133241 -0.0250864 -0.0663443 -0.0460697   -9.80867 
             292.102 0.0375501  0.131563   74.4179    0.210156     9.21352 -0.00998499 0 0 0   -0.011 -0.02329  0.04412  -0.00430954 -0.000147564     0.011535 2.66474e-05 -0.00087946 5.32408e-05 0.00450533  0.0136093  -0.024968 -0.066074 -0.045987  -9.80867 
             292.202 0.0339314  0.123213   74.4092   0.211898    9.20785 -0.0104407 0 0 0   -0.011 -0.02329  0.04412 0.00681529 -0.0246365  0.0130029  2.35137e-05 -0.000856995  5.13906e-05 0.00497313  0.0141017 -0.0247321 -0.066096 -0.046232  -9.80867 
             292.301 0.0349382  0.131887   74.4217   0.211179    9.21077 -0.0101016 0 0 0   -0.011 -0.02329  0.04412 0.00137043 0.00040751  0.0143083 -1.07306e-06 -0.000846172  6.10764e-05 0.00447534   0.013654 -0.0245856 -0.0660568 -0.0459933   -9.80867 
             292.401 0.0368916  0.129261   74.4102   0.213085    9.21396 -0.0112234 0 0 0   -0.011 -0.02329  0.04412  0.00900805 -0.00135468   0.0032428  8.34617e-06 -0.000828524  3.99756e-05 0.00401406  0.0136621 -0.0242715 -0.0659261 -0.0458918   -9.80867 
             292.503 0.0318118  0.128228   74.4129   0.216024    9.21309 -0.0114461 0 0 0   -0.011 -0.02329  0.04412    0.0119169   -0.0130925 -0.000242821  4.41732e-05 -0.000822357  2.66907e-05  0.0039334  0.0138937 -0.0242237 -0.0658517 -0.0459387   -9.80867 
             292.602 0.036129 0.136788  74.4117   0.212421    9.21274 -0.0106135 0 0 0   -0.011 -0.02329  0.04412 -0.00844749 -0.00518928  0.00713477  6.83494e-05 -0.000823881  1.71532e-05 0.00404966  0.0133762 -0.0242739 -0.0659998 -0.0458199   -9.80867 
             292.701 0.0327032  0.132068   74.4158    0.21045    9.21369 -0.0105445 0 0 0   -0.011 -0.02329  0.04412 -0.0100132 0.00402536 0.00775355  2.25617e-05 -0.000841772  2.15511e-05 0.00398694  0.0131689 -0.0241799 -0.0660288  -0.045748   -9.80867 
             292.803 0.0346356  0.129617    74.414   0.208447     9.2142 -0.0115413 0 0 0   -0.011 -0.02329  0.04412  -0.0185188 -0.00334864  0.00473259  3.60413e-05 -0.000795251  5.63775e-06 0.00394617  0.0130848  -0.023967 -0.0660368 -0.0457154   -9.80867 
             292.902 0.0329819  0.130753   74.4074    0.20808    9.21167 -0.0107971 0 0 0   -0.011 -0.02329  0.04412 -0.0181171 -0.0138301 0.00766404  6.62485e-05 -0.000770542  3.40602e-05  0.0040821  0.0133551 -0.0239861 -0.0660144 -0.0458204   -9.80867 
             293.003  0.03307 0.129214  74.4294    0.20657    9.21569 -0.0122142 0 0 0   -0.011 -0.02329  0.04412 -0.0188171 0.00223405 0.00426816  7.25232e-05 -0.000775764  3.14618e-05 0.00347092  0.0131299 -0.0236785 -0.0658968 -0.0456228   -9.80867 
             293.101 0.0340425  0.126874   74.4251   0.207014    9.21324 -0.0116044 0 0 0   -0.011 -0.02329  0.04412 -0.0159657 -0.0134706 0.00211133  4.90533e-05 -0.000808293  5.30978e-05 0.00359283  0.0135172 -0.0237034 -0.0658446 -0.0457562   -9.80867 
             293.202 0.0409575  0.134922   74.4235    0.20825    9.21136 -0.0113672 0 0 0   -0.011 -0.02329  0.04412 -0.00630348  -0.0175144 -0.00196329  2.88097e-05 -0.000832647   1.7711e-05   0.003474  0.0138452 -0.0237275 -0.0657396   -0.04582   -9.80867 
             293.301 0.0330348  0.128156   74.4174   0.209258    9.21465 -0.0122596 0 0 0   -0.011 -0.02329  0.04412 -0.00296183 -0.00198034 -0.00217724   1.247e-05 -0.00083566 2.58995e-05 0.00282067  0.0137627 -0.0236474 -0.0655798 -0.0456538   -9.80867 
             293.402 0.0393755  0.126507   74.4128    0.21206    9.20874 -0.0118085 0 0 0   -0.011 -0.02329  0.04412 0.00770851 -0.0313334  0.0074613 2.45234e-06 -0.00083107 3.41354e-05 0.00324124  0.0143317  -0.023688 -0.0655692 -0.0459009   -9.80867 
             293.502 0.034471 0.130546  74.4086    0.21569    9.21615 -0.0110699 0 0 0   -0.011 -0.02329  0.04412   0.0153867 -0.00284404   0.0166777  1.33715e-05 -0.000811853  3.32735e-05 0.00194978  0.0141217 -0.0236715 -0.0652654 -0.0455617   -9.80868 
             293.602 0.0342995  0.122644   74.4111    0.212607     9.21372 -0.00941106 0 0 0   -0.011 -0.02329  0.04412 0.000191798  -0.0172187   0.0271495  1.66339e-05 -0.000800097  2.24247e-05 0.00234816  0.0137428 -0.0236034 -0.0654558  -0.045546   -9.80868 
             293.701 0.0312054   0.12246   74.4189    0.208391      9.2103 -0.00993705 0 0 0   -0.011 -0.02329  0.04412 -0.0173975 -0.0340028  0.0199475  1.05098e-07 -0.000802053  3.58456e-05 0.00263842  0.0133938 -0.0231663 -0.0656111 -0.0455148   -9.80867 
             293.802 0.0366871  0.129921   74.4204    0.208043     9.20855 -0.00920565 0 0 0   -0.011 -0.02329  0.04412 -0.0103344 -0.0386534  0.0212008  1.09277e-05 -0.000820709   6.3011e-05 0.00232769  0.0134367 -0.0229831  -0.065519 -0.0454587   -9.80868 
             293.903 0.0268259   0.12539   74.4296   0.209603    9.20791 -0.0099872 0 0 0   -0.011 -0.02329  0.04412 -0.00772246  -0.0352988   0.0126651  -8.8924e-06 -0.000810812  7.70026e-05 0.00179311  0.0135678 -0.0225828 -0.0653488 -0.0453777   -9.80868 
             294.002 0.0298734  0.132319   74.4179    0.20733    9.21184 -0.0127058 0 0 0   -0.011 -0.02329  0.04412   -0.015137 -0.00900397 -0.00398616  -3.7735e-05 -0.000822027  4.40488e-05 0.00109073  0.0130407 -0.0221243  -0.065277 -0.0450851   -9.80868 
             294.101 0.0318474  0.135334   74.4056  0.209799   9.20861 -0.012388 0 0 0   -0.011 -0.02329  0.04412 -0.00857198  -0.0295603 -0.00259295 -5.41619e-05  -0.00084057  4.17066e-05 0.00107967   0.013551 -0.0222215 -0.0651638 -0.0452184   -9.80868 
             294.201 0.0347688  0.127395   74.3929    0.21177    9.20941 -0.0119802 0 0 0   -0.011 -0.02329  0.04412 -0.00399593  -0.0271486 0.000191661 -5.46735e-05 -0.000838257  3.58105e-05 0.000498879   0.0136623  -0.0223086  -0.064986 -0.0451232   -9.80868 
             294.301 0.030936  0.12744  74.3992   0.208829    9.21196 -0.0116929 0 0 0   -0.011 -0.02329  0.04412  -0.0145517 -0.00815834  0.00301884 -5.16878e-05 -0.000829658  3.19612e-05 5.84768e-05   0.0131593  -0.0223093 -0.0649778  -0.044896   -9.80868 
             294.401 0.0308332  0.129895   74.4202   0.206616    9.21049 -0.0113186 0 0 0   -0.011 -0.02329  0.04412 -0.0259977 -0.0166306  0.0115274 -5.47415e-05 -0.000829296  2.36772e-05 0.000117714   0.0131281  -0.0222713 -0.0650001 -0.0449005   -9.80868 
             294.501 0.0477865  0.126022   74.4042   0.210432    9.21094 -0.0113833 0 0 0   -0.011 -0.02329  0.04412 0.000367701   -0.013485  0.00489984 -2.87761e-05 -0.000800714  6.82264e-05 -0.000432216    0.0136621   -0.0220929 -0.0647427 -0.0449231   -9.80868 
             294.602 0.0415604  0.127304   74.4121   0.211832    9.21122 -0.0129944 0 0 0   -0.011 -0.02329  0.04412   0.0079973  -0.0178725 0.000115553 -2.90957e-05 -0.000797074  7.97123e-05 -0.000695217    0.0136844   -0.0218854 -0.0646699 -0.0448729   -9.80868 
             294.702 0.0338808  0.136015   74.4125   0.208831    9.20888 -0.0128826 0 0 0   -0.011 -0.02329  0.04412  -0.010583 -0.0255064 0.00119133 -3.36222e-07 -0.000785761  5.60515e-05 -0.000514061    0.0133491   -0.0219148 -0.0647881  -0.044824   -9.80868 
             294.802 0.034348 0.129562  74.4289   0.209951    9.21374 -0.0114766 0 0 0   -0.011 -0.02329  0.04412 -0.00635582  -0.0061029  0.00392002  9.00609e-06 -0.000806428  4.39101e-05 -0.0014414   0.013248 -0.0220661 -0.0645689 -0.0446017   -9.80869 
             294.901 0.028557 0.114499  74.4151  0.207564   9.20944 -0.010755 0 0 0   -0.011 -0.02329  0.04412 -0.0257651  -0.019818  0.0106187  4.10487e-05 -0.000791777  5.21095e-05 -0.000996391    0.0132934   -0.0220742 -0.0646742 -0.0447073   -9.80868 
             295.001 0.0334219  0.131767   74.4118   0.207215    9.20926 -0.0111942 0 0 0   -0.011 -0.02329  0.04412 -0.0230298 -0.0141915   0.010658  5.66572e-05 -0.000786623  7.27167e-05 -0.00130617   0.0134482  -0.0218341 -0.0645626 -0.0446818   -9.80869 
             295.101 0.0336127  0.130442   74.4225   0.209762    9.21074 -0.0107409 0 0 0   -0.011 -0.02329  0.04412 -0.00554575 -0.00390211   0.0143068  5.86873e-05 -0.000779777  4.03213e-05 -0.00182877   0.0137826  -0.0217746 -0.0643585 -0.0446578   -9.80869 
             295.203 0.0338561   0.12873   74.4111   0.209841    9.21199 -0.0100773 0 0 0   -0.011 -0.02329  0.04412 -0.00701923 -0.00775253   0.0178217  6.49537e-05 -0.000769304  7.38744e-05 -0.00205884   0.0137766  -0.0216417 -0.0643014 -0.0446079   -9.80869 
             295.302 0.0348218  0.131887   74.4066   0.207522    9.21102 -0.0101546 0 0 0   -0.011 -0.02329  0.04412 -0.0101243 -0.0201075  0.0185335   7.8112e-05 -0.000768855  4.74751e-05 -0.00203768   0.0135496  -0.0213916 -0.0643549 -0.0445544   -9.80869 
             295.402 0.0347844  0.130761   74.4209    0.210893      9.2084 -0.00998232 0 0 0   -0.011 -0.02329  0.04412 0.00772734 -0.0272354  0.0182235  9.89381e-05 -0.000774616  4.90826e-05 -0.0021626  0.0139977 -0.0211741 -0.0642304  -0.044642   -9.80869 
             295.502 0.0355228  0.129834   74.4192   0.210945    9.20829 -0.0116549 0 0 0   -0.011 -0.02329  0.04412  0.0037227 -0.0269605 0.00348878  0.000111275 -0.000779563  7.42996e-05 -0.00242124   0.0138005  -0.0207559 -0.0642072  -0.044538   -9.80869 
             295.602 0.0265916  0.126777   74.4062  0.210293   9.20986 -0.012429 0 0 0   -0.011 -0.02329  0.04412 -0.0146001 -0.0220469 0.00764581  0.000135384 -0.000741206  7.16838e-05 -0.00291778   0.0135396  -0.0205184 -0.0641371 -0.0443691   -9.80869 
             295.702 0.0323011  0.128185   74.3731   0.207794    9.20777 -0.0112733 0 0 0   -0.011 -0.02329  0.04412 -0.0180294 -0.0319663  0.0164658 0.000114289 -0.00073588 5.72703e-05 -0.00292337   0.0133926  -0.0205616 -0.064166 -0.044331  -9.80869 
             295.803 0.0330664  0.128064   74.3741   0.207067    9.21022 -0.0106469 0 0 0   -0.011 -0.02329  0.04412 -0.0242597 -0.0186206  0.0225488  0.000108927 -0.000701715  4.24023e-05 -0.00362037    0.013274  -0.0204065 -0.0640165 -0.0441575   -9.80869 
             295.901 0.0379479  0.137019   74.3693    0.209318     9.20881 -0.00921845 0 0 0   -0.011 -0.02329  0.04412 -0.00436187  -0.0220405   0.0153449  9.29784e-05 -0.000686155  6.84469e-05 -0.00388131   0.0137002  -0.0203234 -0.0638639 -0.0442102   -9.80869 
             296.004 0.0363505  0.132985   74.3737   0.211457     9.2128 -0.0117623 0 0 0   -0.011 -0.02329  0.04412 0.00136879 -0.0165348 0.00938479  7.63382e-05 -0.000703605  6.90912e-05 -0.00471386   0.0136486  -0.0198112 -0.0636689 -0.0440264   -9.80869 
             296.102 0.0388761  0.128776   74.3804   0.209231    9.21319 -0.0109046 0 0 0   -0.011 -0.02329  0.04412 -0.00918113 -0.00677048   0.0135195  6.58167e-05 -0.000672229  6.32129e-05 -0.00482567   0.0133306   -0.019786 -0.0637064 -0.0439246   -9.80869 
             296.203 0.0337214  0.132239   74.3746   0.207992    9.20826 -0.0107179 0 0 0   -0.011 -0.02329  0.04412 -0.0192912 -0.0229961 0.00797656  9.15613e-05 -0.000644664  0.000102927 -0.00442447   0.0135467   -0.019684 -0.0637616 -0.0440598   -9.80869 
             296.303 0.0327469  0.129273   74.3906   0.204804    9.21184 -0.0126524 0 0 0   -0.011 -0.02329  0.04412   -0.0327025   -0.0125902 -0.000194646  8.54462e-05 -0.000646187   8.9269e-05 -0.00501692   0.0131362  -0.0193695 -0.0637004  -0.043838    -9.8087 
             296.403 0.0436884  0.135052   74.3677   0.205922    9.21005 -0.0113185 0 0 0   -0.011 -0.02329  0.04412 -0.0263629 -0.0214779 0.00805246  5.49539e-05 -0.000686503  8.40148e-05 -0.00520177    0.013634   -0.019517 -0.0635535 -0.0439227    -9.8087 
             296.502 0.0373195  0.121954   74.3679   0.207935    9.21263 -0.0103254 0 0 0   -0.011 -0.02329  0.04412 -0.0173784 -0.0147991 0.00748485  4.61109e-05 -0.000657872  7.18439e-05 -0.00594772   0.0139082  -0.0195294 -0.0633158 -0.0438387    -9.8087 
             296.602 0.0282853    0.1256   74.3813   0.209769     9.2107 -0.0113295 0 0 0   -0.011 -0.02329  0.04412 0.00528679 -0.0331031 0.00617283  1.87159e-05 -0.000632409  5.89131e-05 -0.00610437   0.0141951  -0.0193151 -0.0632202 -0.0438769    -9.8087 
             296.701 0.0367619  0.128583   74.3766   0.211268    9.21051 -0.0118114 0 0 0   -0.011 -0.02329  0.04412  0.0105045 -0.0254672 0.00607231  1.26245e-06 -0.000656488    5.698e-05 -0.00646432   0.0141411  -0.0191763 -0.0631441 -0.0437913    -9.8087 
             296.801 0.0359716  0.124479   74.3871   0.210875    9.21054 -0.0118093 0 0 0   -0.011 -0.02329  0.04412 0.00496479 -0.0270091 0.00286954 -3.72156e-05 -0.000646374  3.76455e-05 -0.00669364   0.0138749  -0.0191385 -0.0631423 -0.0436807    -9.8087 
             296.903 0.0365224   0.12303    74.386   0.206585    9.20853 -0.0113317 0 0 0   -0.011 -0.02329  0.04412 -0.0140516  -0.028603  0.0128711 -1.48461e-05 -0.000652652  3.50528e-05 -0.0065846   0.013369 -0.0191072 -0.0632701 -0.0435805    -9.8087 
             297.003 0.0326977  0.136622   74.3797    0.20929    9.20945 -0.0114725 0 0 0   -0.011 -0.02329  0.04412 -0.00215456   -0.021291   0.0126631 -2.51511e-05 -0.000667865  4.24307e-05 -0.00717685   0.0135976  -0.0189394 -0.0630826  -0.043517    -9.8087 
             297.102 0.0323784  0.131796   74.3773   0.209311    9.20852 -0.0106741 0 0 0   -0.011 -0.02329  0.04412 -0.00562513  -0.0183187   0.0188749 -4.15924e-05 -0.000664266  4.46297e-05 -0.00736175   0.0135562  -0.0188413 -0.0630469 -0.0434702    -9.8087 
             297.201 0.0328429  0.132076   74.3706    0.21301    9.20995 -0.0106016 0 0 0   -0.011 -0.02329  0.04412 0.00658982 -0.0150851   0.014063 -4.21177e-05 -0.000642573  4.44414e-05 -0.0079131  0.0138698 -0.0186516 -0.0628537 -0.0434352    -9.8087 
             297.302 0.0340287  0.128021   74.3954   0.203312    9.21134 -0.0110419 0 0 0   -0.011 -0.02329  0.04412 -0.0364723 -0.0196738  0.0107334 -3.79372e-06 -0.000632279  7.30369e-05 -0.00782497   0.0126882  -0.0184044 -0.0631097 -0.0431716    -9.8087 
             297.402 0.0419592  0.131294   74.3895   0.208389    9.20997 -0.0106602 0 0 0   -0.011 -0.02329  0.04412  -0.010907 -0.0265424  0.0115872 -1.94172e-05 -0.000611804  7.67381e-05 -0.00829372    0.013528  -0.0183309 -0.0628328 -0.0432778    -9.8087 
             297.501 0.0341086  0.133003    74.373   0.209112    9.21269 -0.0103865 0 0 0   -0.011 -0.02329  0.04412 -0.00536469 -0.00618154   0.0140611 -2.84807e-05 -0.000579788  5.20068e-05 -0.00894662   0.0134725  -0.0181806 -0.0626903 -0.0431359    -9.8087 
             297.603 0.0367363  0.133498   74.3745   0.207626    9.21097 -0.0111567 0 0 0   -0.011 -0.02329  0.04412 -0.00139214  -0.0237237  0.00762213 -1.93562e-05 -0.000579763  1.85638e-05 -0.00887023   0.0133961  -0.0179245 -0.0627239 -0.0431328    -9.8087 
             297.703 0.0381779  0.126304   74.3879   0.208988    9.20696 -0.0117434 0 0 0   -0.011 -0.02329  0.04412 -0.000624155   -0.0305349 -0.000626743 -4.33621e-06 -0.000573477  3.06103e-05 -0.00880381   0.0136425  -0.0177774 -0.0626915 -0.0432035    -9.8087 
             297.803 0.0303563  0.127279   74.3577   0.210502    9.21062 -0.0119914 0 0 0   -0.011 -0.02329  0.04412  0.00991499 -0.00494718  0.00244416 -1.14452e-05 -0.000543611  4.73601e-05 -0.00954735   0.0134962    -0.01775 -0.0625467 -0.0430239   -9.80871 
             297.901 0.0295876   0.13294   74.3883   0.211368    9.20967 -0.0121574 0 0 0   -0.011 -0.02329  0.04412  0.0065185 -0.0109427 0.00743502 1.88116e-05  -0.0005228 1.55375e-05 -0.00954743   0.0134917   -0.017661 -0.0625478 -0.0430228   -9.80871 
             298.003 0.0321642   0.13061   74.3815   0.209436    9.21088 -0.0107708 0 0 0   -0.011 -0.02329  0.04412 -0.00549048  -0.0120589  0.00580013  3.09964e-05 -0.000530417  1.16693e-05 -0.00968177   0.0131016  -0.0177611 -0.0625924 -0.0429061   -9.80871 
             298.102 0.0370719  0.130802   74.3856   0.210703    9.21228 -0.0116481 0 0 0   -0.011 -0.02329  0.04412   0.00975206   -0.0037077 -0.000917509  1.65449e-05 -0.000500938 -1.09537e-05 -0.0100075  0.0131242 -0.0175947 -0.0625133 -0.0428481   -9.80871 
             298.203 0.0317745  0.125501   74.3746   0.210098    9.21172 -0.0118796 0 0 0   -0.011 -0.02329  0.04412 -0.0061222 -0.0118552   0.002866  7.41234e-06 -0.000506042  1.45701e-06 -0.00997735   0.0130117   -0.017545 -0.0625421 -0.0428279   -9.80871 
             298.302 0.035758 0.136651  74.3718   0.208624    9.21161 -0.0117872 0 0 0   -0.011 -0.02329  0.04412 -0.0111495 -0.0189053 0.00930476  7.83091e-07 -0.000501038  3.48009e-05 -0.0100892  0.0128891 -0.0175025 -0.0625403 -0.0427782   -9.80871 
             298.403 0.0363989  0.123176   74.3684   0.210347    9.20728 -0.0111996 0 0 0   -0.011 -0.02329  0.04412 0.00435574 -0.0397187 0.00883971  2.99363e-06 -0.000499195  4.17019e-05 -0.0100055  0.0132269 -0.0174454 -0.0624944 -0.0428715   -9.80871 
             298.503 0.0363925  0.130669   74.3598    0.21583     9.2079 -0.0114194 0 0 0   -0.011 -0.02329  0.04412  0.0230512 -0.0242727  0.0089601 -1.00082e-05 -0.000482814  5.22803e-05 -0.010695  0.013518 -0.017318 -0.0622819 -0.0428053   -9.80871 
             298.602 0.0332581  0.134406   74.3566   0.215361    9.21159 -0.0117783 0 0 0   -0.011 -0.02329  0.04412 0.00790374 -0.0104463  0.0112584 -3.16494e-05 -0.000466905  4.00301e-05 -0.0112543  0.0129734   -0.01715 -0.0622599 -0.0425744   -9.80871 
             298.702 0.0299487  0.127267   74.3735      0.214    9.21264 -0.0103732 0 0 0   -0.011 -0.02329  0.04412 -0.00345699 -0.00676351    0.015219 -1.33359e-05 -0.000503921  4.29025e-05 -0.0113973  0.0126708 -0.0171494 -0.0622854 -0.0424786   -9.80871 
             298.802 0.0338127  0.128525    74.386   0.210691    9.21181 -0.0108774 0 0 0   -0.011 -0.02329  0.04412 -0.0278966 -0.0117872 0.00918305 -1.73285e-05 -0.000554654  0.000107954 -0.0113018  0.0124565 -0.0169144 -0.0623483 -0.0424483   -9.80871 
             298.901 0.0346599  0.135266   74.3763   0.212574    9.21461 -0.0113993 0 0 0   -0.011 -0.02329  0.04412 -0.00840028  0.00364465 -0.00468244 -3.31901e-06 -0.000586246  9.83194e-05 -0.0118872  0.0127407 -0.0167627 -0.0621633 -0.0424008   -9.80871 
             299.001 0.0282022  0.130325   74.3637  0.215764   9.21219 -0.011871 0 0 0   -0.011 -0.02329  0.04412  0.00344112 -0.00950918 -0.00797468   1.1814e-06 -0.000565014  8.82544e-05 -0.0117811  0.0132646 -0.0168027 -0.0620875 -0.0425382   -9.80871 
             299.101 0.0322299  0.127674    74.365  0.213865   9.21033 -0.011605 0 0 0   -0.011 -0.02329  0.04412 -0.00733694  -0.0135634 -0.00438703 -2.65609e-05 -0.000519302  7.17731e-05 -0.0116202  0.0130951 -0.0169197 -0.0621552 -0.0425308   -9.80871 
             299.202 0.0322118   0.12711   74.3569   0.216472    9.21115 -0.0116553 0 0 0   -0.011 -0.02329  0.04412 0.00488507 -0.0163817 0.00202427 -4.46227e-05 -0.000501292   7.1326e-05 -0.0120218   0.013298 -0.0169529 -0.0620276 -0.0425003   -9.80871 
             299.301 0.0310507   0.13279   74.3662   0.215108    9.20883 -0.0126206 0 0 0   -0.011 -0.02329  0.04412 -0.00101293  -0.0209111  0.00396874 -8.34113e-05 -0.000511398   4.8981e-05 -0.0118742  0.0131381 -0.0167865 -0.0620907 -0.0424926   -9.80871 
             299.402 0.0228297   0.12952   74.3525   0.219015    9.21309 -0.0110625 0 0 0   -0.011 -0.02329  0.04412   0.012164  0.0058431 0.00781358 -8.26294e-05 -0.000524337    2.668e-05 -0.0126551  0.0132749 -0.0169255 -0.0618925 -0.0423765   -9.80871 
             299.503 0.030023 0.128535   74.357  0.218891   9.21169 -0.011717 0 0 0   -0.011 -0.02329  0.04412 -0.000332421  -0.00980416  -0.00139648 -0.000104113 -0.000548918   7.4165e-06 -0.0124508  0.0132408 -0.0167527 -0.0619442 -0.0424071   -9.80871 
             299.602 0.0259996  0.133314   74.3546   0.216683    9.21301 -0.0129455 0 0 0   -0.011 -0.02329  0.04412  -0.0070473 -0.00418116 -0.00971179 -0.000124105 -0.000573818  3.95546e-05 -0.0126041  0.0129156 -0.0166142 -0.0619715 -0.0423071   -9.80871 
             299.701 0.0284494  0.124584   74.3656  0.217443   9.21437 -0.011987 0 0 0   -0.011 -0.02329  0.04412 0.000596695 -0.00613036 -0.00575285 -0.000150036 -0.000566003  5.20197e-05 -0.0128878  0.0129599 -0.0168385 -0.0619009 -0.0422642   -9.80871 
             299.802 0.0319855  0.129915   74.3573   0.219469    9.21723 -0.0128322 0 0 0   -0.011 -0.02329  0.04412  0.00743795 -0.00060026 -0.00327735 -0.000161116 -0.000546742  5.26998e-05 -0.0133648  0.0129925 -0.0167816 -0.0617913 -0.0421828   -9.80871 
             299.902 0.0326122  0.124295   74.3735   0.207761    9.21335 -0.0128737 0 0 0   -0.011 -0.02329  0.04412  -0.0450386  -0.0210246 -0.00449797 -0.000133742 -0.000505129  4.58492e-05 -0.0125158  0.0119231 -0.0168113  -0.062173 -0.0421078   -9.80871 
             300.004  0.03877 0.130247  74.3775   0.206872    9.21386 -0.0135604 0 0 0   -0.011 -0.02329  0.04412 -0.0353562 -0.0105434 -0.0110403 -0.000144444 -0.000514963  1.07915e-05 -0.0129319  0.0121987 -0.0167973 -0.0620324 -0.0420907   -9.80871 
             300.102 0.0357455  0.130973   74.3932  0.206369    9.2108 -0.013039 0 0 0   -0.011 -0.02329  0.04412  -0.0307243  -0.0190041 -0.00909839 -0.000169219 -0.000465024 -2.39731e-05 -0.0128879  0.0125901 -0.0169919 -0.0619694 -0.0421832   -9.80871 
             300.201 0.0378783  0.127748   74.3846  0.205695    9.2115 -0.013421 0 0 0   -0.011 -0.02329  0.04412   -0.035346  -0.0165114 -0.00941521 -0.000151203 -0.000471044 -1.45538e-05 -0.0132762    0.01275 -0.0170451 -0.0618566 -0.0421463   -9.80871 
             300.302 0.0337006  0.125797    74.376   0.209043    9.21487 -0.0128805 0 0 0   -0.011 -0.02329  0.04412   -0.0107868  -0.00417976 -0.000846746 -0.000168723 -0.000463954  1.87877e-05 -0.0141334  0.0132089 -0.0172227 -0.0615892 -0.0420877   -9.80872 
             300.403 0.0362783  0.133365   74.3811    0.21001    9.21001 -0.0110041 0 0 0   -0.011 -0.02329  0.04412 -0.0135233 -0.0243739 0.00753098   -0.0001992 -0.000467227  4.38378e-05 -0.0138327  0.0136494 -0.0174388 -0.0615722 -0.0422365   -9.80872 
             300.501 0.0337238  0.129636   74.3768    0.20938    9.21029 -0.0114369 0 0 0   -0.011 -0.02329  0.04412 -0.00801613  -0.0207948  0.00379884 -0.000216371 -0.000473034  5.33705e-05 -0.0141643  0.0135735  -0.017318  -0.061516 -0.0421599   -9.80872 
             300.602 0.0383395   0.13017   74.3812  0.210782   9.21458 -0.011916 0 0 0   -0.011 -0.02329  0.04412 -0.000973226   0.00413168   0.00532201 -0.000223073 -0.000500098  2.79038e-05 -0.0148678  0.0135189 -0.0171914 -0.0613777 -0.0420206   -9.80872 
             300.702 0.0356841  0.130869   74.3839   0.21089   9.21458 -0.012674 0 0 0   -0.011 -0.02329  0.04412 -0.000989403 -0.000546161   0.00194572 -0.000221392 -0.000509248  9.72838e-07 -0.0148552  0.0135458 -0.0170575 -0.0613757 -0.0420285   -9.80872 
             300.802 0.0371632  0.129672   74.3597   0.214741    9.21287 -0.0117632 0 0 0   -0.011 -0.02329  0.04412 0.00455385 -0.0130251 0.00473175 -0.000228109  -0.00050819 -7.58591e-06 -0.0149251  0.0140308 -0.0171393 -0.0612733 -0.0421179   -9.80872 
             300.901 0.0294697  0.132657   74.3713   0.209425    9.21035 -0.0117072 0 0 0   -0.011 -0.02329  0.04412  -0.0177795  -0.0184663 -0.00301416 -0.000222976 -0.000549967 -2.19866e-05 -0.0145635  0.0135197  -0.017112  -0.061441 -0.0420758   -9.80872 
             301.002 0.0411175  0.134646   74.3765   0.210672    9.21295 -0.0120724 0 0 0   -0.011 -0.02329  0.04412  -0.00136003 -0.000736939    -0.003356 -0.000219821 -0.000567656 -1.78701e-05 -0.0151144  0.0136116 -0.0171046 -0.0613097 -0.0419962   -9.80872 
             301.103 0.0298266  0.129636   74.3861  0.208847    9.2149 -0.011918 0 0 0   -0.011 -0.02329  0.04412 -0.00426889 -0.00434545  0.00202921 -0.000253233 -0.000593716 -5.52168e-05 -0.0152813  0.0133364 -0.0171265 -0.0613243 -0.0419091   -9.80872 
             301.201 0.0362596  0.129304   74.3702   0.213863    9.20828 -0.0122329 0 0 0   -0.011 -0.02329  0.04412  0.0148629 -0.0313688  0.0131403 -0.000289158 -0.000590057 -5.22901e-05 -0.0148877  0.0141192 -0.0170285 -0.0612662 -0.0421415   -9.80872 
             301.302 0.0341705  0.132102   74.3891   0.209278    9.21095 -0.0112489 0 0 0   -0.011 -0.02329  0.04412 -0.00623515  -0.0201823   0.0177207 -0.000304619 -0.000598707 -4.54074e-05 -0.0153074  0.0132457 -0.0169421 -0.0613354 -0.0418865   -9.80872 
             301.401 0.0364244  0.130449   74.3732   0.213492    9.20922 -0.0101524 0 0 0   -0.011 -0.02329  0.04412  0.0185877 -0.0217109  0.0166033  -0.00028427 -0.000597383 -2.67668e-05 -0.0155399  0.0136403 -0.0168672 -0.0612178 -0.0419263   -9.80872 
             301.501 0.0319751  0.128363   74.3789   0.210752    9.21076 -0.0107161 0 0 0   -0.011 -0.02329  0.04412 -0.000641639  -0.00985843    0.0135609 -0.000245412  -0.00058925 -1.76339e-05 -0.0157264  0.0130195  -0.016589 -0.0612903  -0.041766   -9.80872 
             301.602 0.0373826  0.135991   74.3804   0.209402    9.21154 -0.0104644 0 0 0   -0.011 -0.02329  0.04412 -0.00717328 -0.00709288   0.0161243 -0.000262564 -0.000571916 -7.64799e-06 -0.0158811  0.0128154 -0.0164591 -0.0612951  -0.041697   -9.80872 
             301.703 0.0302501  0.127573   74.3738    0.2101   9.21113 -0.010859 0 0 0   -0.011 -0.02329  0.04412 -0.00336428   -0.011293   0.0241127 -0.000265487 -0.000594802  2.08821e-06 -0.0159871  0.0129595 -0.0161531 -0.0612489 -0.0417076   -9.80872 
             301.802 0.035312  0.13117  74.3804    0.20796    9.21712 -0.0109002 0 0 0   -0.011 -0.02329  0.04412 -0.0268397   0.016909  0.0165744 -0.000272457 -0.000632056 -1.28425e-06 -0.0166445  0.0125454 -0.0158762 -0.0611893 -0.0415081   -9.80872 
             301.903 0.035791 0.125827  74.3642   0.206248    9.21344 -0.0118889 0 0 0   -0.011 -0.02329  0.04412 -0.0264181 -0.0132171 0.00457442 -0.000284302  -0.00061559  3.85597e-05 -0.0162056  0.0128678 -0.0155476 -0.0612221 -0.0416499   -9.80872 
             302.003 0.0438977  0.120685   74.3702   0.206334    9.21388 -0.0114612 0 0 0   -0.011 -0.02329  0.04412 -0.0123826 -0.0125874  0.0129495 -0.000279923 -0.000603037  3.42245e-05 -0.0165139  0.0130489 -0.0154706 -0.0611287 -0.0416325   -9.80872 
             302.102 0.0362768  0.131288   74.3763   0.211421    9.21219 -0.0101186 0 0 0   -0.011 -0.02329  0.04412 0.00778791 -0.0142502  0.0218732 -0.000288619 -0.000612048  9.64871e-06 -0.0167033  0.0137068  -0.015417 -0.0609763 -0.0417315   -9.80872 
             302.201 0.0346162  0.131361   74.3628   0.212432     9.2109 -0.0101065 0 0 0   -0.011 -0.02329  0.04412  0.0098938 -0.0208831   0.022284 -0.000316382  -0.00066338  1.19542e-05 -0.0167534   0.013699 -0.0151295 -0.0609683 -0.0417211   -9.80872 
             302.303 0.0328566  0.132751   74.3666  0.209839   9.21349 -0.010284 0 0 0   -0.011 -0.02329  0.04412   -0.0117966 -0.000885484    0.0162723  -0.00031365 -0.000645592   1.5585e-05 -0.0170979  0.0131883 -0.0148107 -0.0609889 -0.0415596   -9.80872 
             302.403 0.0332176   0.12737   74.3729   0.213771    9.21109 -0.0104868 0 0 0   -0.011 -0.02329  0.04412  0.0123221 -0.0115547  0.0043999 -0.000332244 -0.000676399 -7.05984e-06 -0.0170852  0.0137675 -0.0145971 -0.0608918 -0.0416767   -9.80872 
             302.502 0.0312988  0.129516   74.3735   0.211081     9.2097 -0.0114718 0 0 0   -0.011 -0.02329  0.04412  -0.00217337    -0.016857 -0.000276318 -0.000346383 -0.000679561 -2.80596e-06 -0.0169174  0.0133576 -0.0144037  -0.060996 -0.0416244   -9.80872 
             302.606 0.0330614  0.133606   74.3643   0.211332    9.21362 -0.0121247 0 0 0   -0.011 -0.02329  0.04412 -0.00977035   0.0109421  0.00115155 -0.000351821 -0.000677364  1.57963e-05 -0.0174964  0.0132252 -0.0143372 -0.0609049 -0.0414989   -9.80872 
             302.701 0.0340557  0.128053   74.3755   0.210503    9.21356 -0.0118848 0 0 0   -0.011 -0.02329  0.04412 -0.00957535  0.00998101  0.00417293 -0.000356967 -0.000655716 -2.67031e-05 -0.0173622  0.0132959 -0.0143476 -0.0609191 -0.0415358   -9.80872 
             302.801 0.0343892   0.12631   74.3736  0.208436   9.21124 -0.011821 0 0 0   -0.011 -0.02329  0.04412  -0.0179948 -0.00166067  0.00113705 -0.000381799 -0.000644883 -4.12299e-05  -0.016962  0.0133361 -0.0143129 -0.0609906  -0.041612   -9.80872 
             302.902 0.0317527  0.132476   74.3766  0.203913   9.21026 -0.011197 0 0 0   -0.011 -0.02329  0.04412 -0.0321668 -0.0050394  0.0125825  -0.00036429 -0.000647168 -7.73668e-05 -0.0168112  0.0131366 -0.0143227 -0.0610539 -0.0415987   -9.80872 
             303.002 0.0354156  0.129584   74.3717   0.208366    9.21141 -0.0109883 0 0 0   -0.011 -0.02329  0.04412 -0.00290376 -0.00783217    0.016689 -0.000352567 -0.000680537  -6.1706e-05 -0.0172923    0.01381 -0.0141784 -0.0608465 -0.0416479   -9.80872 
             303.103 0.0378956   0.13292   74.3641  0.210356   9.21422 -0.010134 0 0 0   -0.011 -0.02329  0.04412 0.00125004 -0.0031801  0.0121894 -0.000356661 -0.000704797 -3.56196e-05 -0.0177879  0.0138601  -0.014115 -0.0607423 -0.0415737   -9.80872 
             303.201 0.0348409  0.124033   74.3829   0.212765    9.21193 -0.0113088 0 0 0   -0.011 -0.02329  0.04412  0.00747388 -0.00950251 -0.00353957 -0.000295501 -0.000705915  -4.2216e-05 -0.0176917  0.0141721 -0.0138577 -0.0607087 -0.0416499   -9.80872 
               303.3 0.0330773  0.129948   74.3753   0.212656    9.21116 -0.0123793 0 0 0   -0.011 -0.02329  0.04412 0.000763654  -0.0150644    -0.00849 -0.000278948 -0.000683424 -3.92859e-05    -0.0177  0.0140854 -0.0137706 -0.0607219 -0.0416318   -9.80872 
             303.403 0.0305704  0.136275   74.3731  0.209161   9.21118 -0.015203 0 0 0   -0.011 -0.02329  0.04412 -0.0148719 -0.0148403 -0.0256722 -0.000270412 -0.000674939 -6.49015e-05 -0.0177691  0.0136936 -0.0135877  -0.060775 -0.0415451   -9.80872 
             303.502 0.0353299  0.124998   74.3796   0.209168     9.2115 -0.0147169 0 0 0   -0.011 -0.02329  0.04412  -0.0121039  -0.0139888 -0.00986416 -0.000244963 -0.000652187 -9.32343e-05 -0.0180331  0.0137516 -0.0139233 -0.0607142 -0.0415121   -9.80872 
             303.603 0.0287369  0.123274   74.3786   0.210193    9.20963 -0.0130314 0 0 0   -0.011 -0.02329  0.04412 -0.00460066  -0.0221811 -0.00419807  -0.00023915 -0.000661758 -9.64545e-05 -0.0181428  0.0140164  -0.014233 -0.0606484 -0.0415443   -9.80872 
             303.701 0.0329454  0.134369   74.3748   0.212595    9.21296 -0.0123217 0 0 0   -0.011 -0.02329  0.04412    0.0066556 -0.000930327 -0.000642431 -0.000231964 -0.000662513 -8.90675e-05 -0.0188086  0.0140837 -0.0143664 -0.0605109 -0.0414463   -9.80873 
             303.803 0.0342959  0.129532   74.3653   0.211086    9.21066 -0.0118297 0 0 0   -0.011 -0.02329  0.04412 -0.00612782  -0.0166667 -0.00241558 -0.000220204 -0.000706878 -7.80624e-05 -0.0185396  0.0139586  -0.014432 -0.0605823 -0.0414673   -9.80873 
             303.901 0.0311842  0.128207   74.3685   0.209906     9.2113 -0.0136501 0 0 0   -0.011 -0.02329  0.04412 -0.0168457 -0.0108286 -0.0155002 -0.000233098 -0.000703405 -6.08581e-05  -0.018735  0.0138498 -0.0142825 -0.0605639 -0.0414144   -9.80873 
             304.003 0.0416415  0.136598   74.3722   0.207696    9.21536 -0.0132533 0 0 0   -0.011 -0.02329  0.04412 -0.0216812 0.00652062 -0.0142169 -0.000265907 -0.000663903 -1.57904e-05 -0.0192653  0.0135788 -0.0145668 -0.0605088 -0.0412763   -9.80873 
             304.101 0.0356387  0.125109   74.3739  0.210541   9.21097 -0.013795 0 0 0   -0.011 -0.02329  0.04412 -0.00321616  -0.0209682  -0.0105743 -0.000277236 -0.000638116 -9.16921e-06 -0.0190053   0.014253 -0.0146875 -0.060446 -0.041445  -9.80873 
             304.202 0.0320064  0.130441   74.3592   0.213457     9.2084 -0.0127523 0 0 0   -0.011 -0.02329  0.04412   0.0178099  -0.0272887 -0.00254453 -0.000264413 -0.000656801  2.38938e-05 -0.0190948  0.0145245 -0.0149507 -0.0603842 -0.0414808   -9.80873 
             304.301 0.0332983  0.129098   74.3812   0.211269    9.21335 -0.0116692 0 0 0   -0.011 -0.02329  0.04412  0.00209912 -0.00150351  0.00284253 -0.000237113 -0.000694601  1.79417e-05 -0.0197121  0.0138161 -0.0151037 -0.0603856 -0.0412485   -9.80873 
             304.402 0.0286631  0.127938    74.375   0.214216    9.21243 -0.0116246 0 0 0   -0.011 -0.02329  0.04412  0.00762161 -0.00537637  0.00498297 -0.000233704 -0.000684079  3.70784e-05 -0.0197557  0.0141496 -0.0150413 -0.0603232  -0.041303   -9.80873 
             304.503 0.0324656  0.129566   74.3678   0.211144    9.21263 -0.0104309 0 0 0   -0.011 -0.02329  0.04412  -0.0137328 -0.00530079  0.00745006 -0.000247534 -0.000686455  4.74588e-05 -0.0196784  0.0137872 -0.0151309 -0.0603963 -0.0412489   -9.80873 
             304.601 0.0404238  0.116877   74.3658   0.211769    9.21046 -0.0122464 0 0 0   -0.011 -0.02329  0.04412 -0.00802731  -0.0149808 0.000713393 -0.000268142 -0.000706746  1.79122e-05 -0.0196172  0.0140552 -0.0148287 -0.0603646 -0.0413079   -9.80873 
             304.702 0.0316737   0.13398   74.3759   0.211815    9.21224 -0.0127037 0 0 0   -0.011 -0.02329  0.04412 -0.00975336 -0.00695347 -0.00744495 -0.000283067 -0.000718137 -6.49811e-06 -0.020005 0.0140125 -0.014768 -0.0603008 -0.0412373   -9.80873 
             304.802 0.0360431  0.128634   74.3679    0.21555    9.21163 -0.0115817 0 0 0   -0.011 -0.02329  0.04412  0.00842926 -0.00646043  0.00434274 -0.000278585 -0.000691602 -4.25809e-06 -0.0201942  0.0144757 -0.0149604 -0.0601913 -0.0412912   -9.80873 
             304.903 0.0356926  0.134916   74.3811   0.208741    9.21379 -0.0110137 0 0 0   -0.011 -0.02329  0.04412 -0.0191934 0.00211096 0.00552008 -0.000298157 -0.000672188  4.67914e-06 -0.0201896  0.0135864 -0.0149446 -0.0603353 -0.0411306   -9.80873 
             305.002 0.0285034  0.126136   74.3842   0.209179    9.21238 -0.0135792 0 0 0   -0.011 -0.02329  0.04412  -0.0094828 -0.00668297  -0.0138791 -0.000292561 -0.000665128 -1.76433e-05   -0.02014   0.013871 -0.0145961 -0.0602993 -0.0411899   -9.80873 
             305.103 0.0344126  0.129584   74.3732   0.210911    9.21216 -0.0136142 0 0 0   -0.011 -0.02329  0.04412 -0.00709868 -0.00867868   -0.011946 -0.000302488 -0.000660129  3.74943e-05  -0.020335  0.0141362 -0.0147643 -0.0602214 -0.0412065   -9.80873 
             305.201 0.0393807  0.133342   74.3678   0.210635      9.212 -0.0127365 0 0 0   -0.011 -0.02329  0.04412 -0.00373427 -0.00835102  -0.0097918 -0.000329391 -0.000681616  4.28923e-05 -0.0204105  0.0141224 -0.0150225 -0.0602095 -0.0411921   -9.80873 
             305.301 0.0388344  0.137347   74.3654  0.207367   9.21033 -0.011841 0 0 0   -0.011 -0.02329  0.04412 -0.0124095 -0.0174977 0.00314283 -0.000364888 -0.000638216   2.0578e-05 -0.0202595  0.0138247 -0.0152024 -0.0602835  -0.041163   -9.80873 
             305.402 0.0369312  0.130635   74.3806  0.210304    9.2037 -0.011652 0 0 0   -0.011 -0.02329  0.04412 0.00178881 -0.0327263 0.00164181  -0.00035092 -0.000601586 -1.44512e-06 -0.0199482  0.0144245 -0.0152065 -0.0602438 -0.0413193   -9.80873 
             305.502  0.02756 0.151137  74.3856   0.211007    9.21109 -0.0126039 0 0 0   -0.011 -0.02329  0.04412 -0.000331105   0.00753087  -0.00505081 -0.000327514 -0.000594248  9.09454e-06 -0.0210489  0.0140829 -0.0150739 -0.0601028 -0.0410846   -9.80873 
             305.601 0.0349544  0.136572   74.3582   0.209125    9.21642 -0.0134752 0 0 0   -0.011 -0.02329  0.04412 -0.00568518   0.0211549 -0.00897882 -0.000367837  -0.00055055  2.04722e-05  -0.021431  0.0136882 -0.0150663 -0.0600976 -0.0409545   -9.80873 
             305.701 0.0332474  0.123217   74.3753   0.212316    9.21482 -0.0127159 0 0 0   -0.011 -0.02329  0.04412  0.00916473  0.00975721 -0.00341292 -0.000392171 -0.000546075 -1.86197e-05  -0.021183  0.0141925 -0.0152693 -0.0600615 -0.0410824   -9.80873 
             305.801 0.0314288  0.129002   74.3639   0.209339    9.21247 -0.0123024 0 0 0   -0.011 -0.02329  0.04412  -0.0116868 -0.00689343  0.00260953 -0.000395626 -0.000521268  1.25776e-06 -0.0207323  0.0139571 -0.0153505 -0.0601774 -0.0411117   -9.80873 
             305.902 0.0306794  0.134433   74.3922   0.207279    9.21063 -0.0129626 0 0 0   -0.011 -0.02329  0.04412   -0.021588  -0.0146622 -0.00352178 -0.000413323 -0.000512689 -4.23847e-05 -0.0206214   0.013936 -0.0152328 -0.0602003 -0.0411253   -9.80873 
             306.003 0.0338231  0.132826   74.3777   0.210819    9.21372 -0.0137873 0 0 0   -0.011 -0.02329  0.04412 -0.00654304 -0.00431033  0.00096104 -0.000426951 -0.000534803 -4.66624e-05 -0.0213197  0.0142884 -0.0151671 -0.0600238  -0.041078   -9.80873 
             306.103 0.0355674  0.128414   74.3812   0.211687    9.21531 -0.0113082 0 0 0   -0.011 -0.02329  0.04412  -0.0045361 -0.00544512   0.0155959 -0.000427577 -0.000514808 -7.03298e-05  -0.021616    0.01436 -0.0154014 -0.0599608 -0.0410444   -9.80873 
             306.203 0.025352 0.122904  74.3723   0.212262    9.20985 -0.0101798 0 0 0   -0.011 -0.02329  0.04412 0.000952445  -0.0295525   0.0222779 -0.000433688 -0.000506872  -9.2711e-05 -0.0211686   0.014654 -0.0152998 -0.0599928 -0.0411647   -9.80873 
             306.303 0.0329139  0.129137   74.3781   0.211356    9.20989 -0.0105545 0 0 0   -0.011 -0.02329  0.04412 0.00188608 -0.0231629  0.0136352 -0.000440097 -0.000548411 -9.18968e-05 -0.0214578  0.0143854 -0.0149653 -0.0599851 -0.0410735   -9.80873 
             306.402 0.0399158  0.133352   74.3735   0.212464    9.21044 -0.0113447 0 0 0   -0.011 -0.02329  0.04412 0.00132334 -0.0178743  0.0133791 -0.000442577 -0.000551124 -0.000125112 -0.0218163  0.0143579 -0.0146946 -0.0599283 -0.0410135   -9.80873 
             306.503 0.0367057  0.128734   74.3759  0.209468   9.21381 -0.011004 0 0 0   -0.011 -0.02329  0.04412   -0.015309 -0.00492156  0.00205037 -0.000406566 -0.000560309 -0.000134202  -0.022252  0.0138257 -0.0145859 -0.0599357 -0.0408553   -9.80873 
             306.604 0.0343662    0.1267    74.376   0.210674    9.21648 -0.0119452 0 0 0   -0.011 -0.02329  0.04412  -0.0129158  0.00144987 -0.00432372 -0.000400997 -0.000570964 -0.000155976 -0.0227201  0.0139847  -0.014444 -0.0598319 -0.0408107   -9.80873 
             306.701 0.0330204  0.123882   74.3678    0.21505    9.21654 -0.0120267 0 0 0   -0.011 -0.02329  0.04412 0.00268032 0.00282267  0.0115642  -0.00036958 -0.000560143 -0.000157991 -0.0229053   0.014554 -0.0144471 -0.0597134 -0.0408793   -9.80873 
             306.802 0.0306265  0.130154   74.3805   0.209016    9.21699 -0.0117686 0 0 0   -0.011 -0.02329  0.04412    -0.03584 -0.00380072  0.00292154 -0.000358435 -0.000569482  -0.00015528 -0.0227409  0.0140076 -0.0143733 -0.0598246 -0.0408117   -9.80873 
             306.902 0.027821 0.126336  74.3789   0.208508    9.21153 -0.0132423 0 0 0   -0.011 -0.02329  0.04412 -0.0210732 -0.0351844 -0.0043201 -0.000341672 -0.000555377  -0.00015302 -0.0224012  0.0145092 -0.0141496 -0.0598062 -0.0409479   -9.80873 
             307.001 0.0292322  0.136659   74.3634   0.212486     9.2129 -0.0138119 0 0 0   -0.011 -0.02329  0.04412 -0.00125854  -0.0210017 -0.00329044 -0.000356301 -0.000570145 -0.000146123 -0.0231366   0.014907 -0.0141665 -0.0596223 -0.0409036   -9.80873 
             307.101 0.0304479  0.124468    74.378   0.210116    9.21625 -0.0127017 0 0 0   -0.011 -0.02329  0.04412  -0.0196539  -0.0102608 -0.00025094 -0.000359019 -0.000587553 -0.000124466 -0.0236491  0.0145224 -0.0143233 -0.0595942 -0.0407617   -9.80873 
             307.203 0.0347636  0.129372   74.3737   0.211012    9.21184 -0.0130239 0 0 0   -0.011 -0.02329  0.04412 -0.00540437  -0.0231014  0.00353061 -0.000326068  -0.00057511 -0.000153154 -0.0234338  0.0149191  -0.014271 -0.0595705 -0.0408604   -9.80873 
             307.302 0.0350543  0.128921   74.3814  0.208096   9.21348 -0.011042 0 0 0   -0.011 -0.02329  0.04412 -0.0199685 -0.0129183  0.0203389  -0.00031692 -0.000545022 -0.000172977 -0.0237678  0.0145639 -0.0143787 -0.0595681 -0.0407511   -9.80873 
             307.402 0.0354475  0.126219   74.3773   0.210344    9.20932 -0.0104497 0 0 0   -0.011 -0.02329  0.04412 -0.00376609  -0.0298083   0.0115755 -0.000304192 -0.000535019 -0.000139904 -0.0236741   0.015075  -0.014193 -0.0595075 -0.0408499   -9.80873 
             307.502 0.0343611  0.132542   74.3681   0.210089    9.21076 -0.0106511 0 0 0   -0.011 -0.02329  0.04412 -0.0119395 -0.0130969  0.0132928 -0.000304459 -0.000544511 -0.000151855 -0.0241509  0.0149402 -0.0139927 -0.0594493 -0.0407564   -9.80874 
             307.604 0.0292323  0.134718   74.3935   0.208446    9.21185 -0.0109977 0 0 0   -0.011 -0.02329  0.04412  -0.0218949 -0.00904944   0.0121619 -0.000310489 -0.000550149 -0.000137443 -0.0244287  0.0148456 -0.0137757 -0.0594182 -0.0406994   -9.80874 
             307.701 0.0244322  0.125282   74.3724    0.21017    9.21402 -0.0114857 0 0 0   -0.011 -0.02329  0.04412 -0.00511344 -0.00255549   0.0150467 -0.000326037 -0.000527326 -0.000122547 -0.0249096  0.0150778 -0.0135411 -0.0593054 -0.0406662   -9.80874 
             307.801 0.0302621  0.127197    74.363   0.209608    9.21155 -0.0107209 0 0 0   -0.011 -0.02329  0.04412 -0.00668432  -0.0160214   0.0100929 -0.000306366 -0.000531926 -0.000116289 -0.0247307  0.0151445 -0.0134353 -0.0593249 -0.0407035   -9.80874 
             307.902 0.0327081   0.12274   74.3879   0.210377    9.21197 -0.0112558 0 0 0   -0.011 -0.02329  0.04412 -0.00671173 -0.00825229  0.00316343 -0.000324183 -0.000517159 -0.000140245 -0.0250165  0.0152162 -0.0132384 -0.0592682  -0.040673   -9.80874 
             308.003 0.0291353  0.130878   74.3694   0.211622    9.21529 -0.0119768 0 0 0   -0.011 -0.02329  0.04412  0.00121205  0.00356563 -0.00665421 -0.000349479 -0.000540175  -0.00010468 -0.0254829  0.0152405 -0.0131315 -0.0591891 -0.0406083   -9.80874 
             308.101 0.0387705  0.129403    74.367   0.213829     9.2124 -0.0129069 0 0 0   -0.011 -0.02329  0.04412  0.00641712 -0.00789851  -0.0234558 -0.000338725 -0.000568558 -9.05435e-05 -0.0252428  0.0156192 -0.0131412 -0.0591723 -0.0407049   -9.80874 
             308.203 0.0359044  0.124597   74.3798   0.212924    9.20937 -0.0157565 0 0 0   -0.011 -0.02329  0.04412 0.00362935 -0.0247561 -0.0375683 -0.000334456 -0.000542019 -9.60783e-05  -0.025018  0.0155085 -0.0131685 -0.0592247 -0.0407199   -9.80874 
             308.303 0.0308538  0.131209   74.3853   0.209476    9.21163 -0.0164746 0 0 0   -0.011 -0.02329  0.04412 -0.00938343 -0.00464509  -0.0386732 -0.000332453 -0.000553853 -6.45909e-05 -0.0253214  0.0149062 -0.0136758 -0.0592629  -0.040579   -9.80874 
             308.401 0.0426192   0.12741    74.375   0.207887    9.20983 -0.0160258 0 0 0   -0.011 -0.02329  0.04412 -0.0154263 -0.0168271 -0.0165872 -0.000354241 -0.000531074  -7.3561e-05 -0.0252022  0.0149073 -0.0142065 -0.0592807 -0.0405966   -9.80874 
             308.501 0.034673 0.126342  74.3833   0.207991    9.21071 -0.0136923 0 0 0   -0.011 -0.02329  0.04412 -0.00822889  -0.0124405 -0.00234712  -0.00033576 -0.000517249 -5.54496e-05 -0.0255301   0.014933 -0.0146344 -0.0592239 -0.0405532   -9.80874 
             308.602 0.0356563  0.129961   74.3716   0.211979    9.21087 -0.0119838 0 0 0   -0.011 -0.02329  0.04412   0.00640438   -0.0152264 -0.000163369 -0.000313592 -0.000520228 -7.32379e-05 -0.0258991  0.0153463 -0.0148962  -0.059105 -0.0405656   -9.80874 
             308.703 0.0367796  0.132108   74.3703   0.214048    9.20967 -0.0118028 0 0 0   -0.011 -0.02329  0.04412  0.0141265 -0.0163173 -0.0041606 -0.000312119  -0.00052719 -7.42706e-05 -0.0259775  0.0154829 -0.0149468 -0.0590728  -0.040576   -9.80874 
             308.802 0.0332895  0.129743   74.3887   0.208588    9.21221 -0.0134137 0 0 0   -0.011 -0.02329  0.04412  -0.0147707 -0.00789814 -0.00730587 -0.000319901 -0.000530169 -5.89755e-05 -0.0261874   0.014649 -0.0148379 -0.0591599 -0.0404142   -9.80874 
             308.901 0.034426 0.134413  74.3812  0.208236   9.21187 -0.012745 0 0 0   -0.011 -0.02329  0.04412   -0.017731 -0.00897026  0.00210826   -0.0002676 -0.000532348 -5.66632e-05 -0.0262781  0.0147596 -0.0149801 -0.0591295 -0.0404186   -9.80874 
             309.001 0.0347482  0.129723   74.3825   0.211387    9.21086 -0.0123323 0 0 0   -0.011 -0.02329  0.04412  -0.00631915   -0.0162171 -0.000825743 -0.000254577 -0.000536616 -6.35934e-05 -0.0264999  0.0152793 -0.0150227 -0.0590204 -0.0404683   -9.80874 
             309.102 0.0344898  0.126876   74.3742 0.206379  9.21388 -0.01305 0 0 0   -0.011 -0.02329  0.04412   -0.0273186  -0.00224217 -0.000175907 -0.000236741 -0.000508784 -5.62414e-05 -0.0268139  0.0147046 -0.0149203 -0.0590536 -0.0403338   -9.80874 
             309.203 0.0390974  0.133184   74.3801   0.210328    9.21062 -0.0128024 0 0 0   -0.011 -0.02329  0.04412 -0.00483345   -0.022048  0.00110657 -0.000237517 -0.000543711 -4.68538e-05 -0.0267918  0.0154514 -0.0149633 -0.0589508 -0.0404532   -9.80874 
             309.301 0.0324589  0.130742   74.3723   0.210339    9.21325 -0.0120915 0 0 0   -0.011 -0.02329  0.04412 -0.00864299 -0.00532056  0.00218154 -0.000239992 -0.000546428 -3.39321e-05 -0.0273104   0.015324 -0.0150213 -0.0588884   -0.04036   -9.80874 
             309.401 0.0286689  0.120758    74.375   0.209807     9.2112 -0.0120296 0 0 0   -0.011 -0.02329  0.04412 -0.0130744 -0.0178064 0.00446772 -0.000245751 -0.000545961  -4.1265e-05 -0.0272362   0.015423 -0.0150062 -0.0588859 -0.0403858   -9.80874 
             309.501 0.0314865  0.131498   74.3766   0.211159    9.20919 -0.0123768 0 0 0   -0.011 -0.02329  0.04412 -0.0103802 -0.0203736 0.00761316 -0.000259567 -0.000556443 -2.86023e-05 -0.0273205   0.015697 -0.0148978 -0.0588346 -0.0404161   -9.80874 
             309.602 0.0343323   0.14398   74.3826    0.20813     9.2092 -0.0111502 0 0 0   -0.011 -0.02329  0.04412  -0.016642 -0.0174664  0.0156156 -0.000226202 -0.000566219 -2.69934e-05 -0.0274692  0.0153984 -0.0149303 -0.0588536 -0.0403494   -9.80874 
             309.702 0.0337443  0.130269   74.3803   0.210197    9.21235 -0.0107205 0 0 0   -0.011 -0.02329  0.04412 -0.00398511 -0.00373103   0.0143597 -0.000204644 -0.000541147 -3.12558e-05 -0.0281245  0.0155692 -0.0147672   -0.05873 -0.0402838   -9.80874 
             309.803 0.0344542   0.12888   74.3636    0.21375    9.21345 -0.0111328 0 0 0   -0.011 -0.02329  0.04412 0.00248728 -0.0167501 0.00510395 -0.000203074 -0.000558164 -2.23229e-05 -0.0285044  0.0159134 -0.0145806 -0.0586246 -0.0402831   -9.80874 
             309.902 0.033256 0.120796  74.3769   0.209916    9.20642 -0.0110342 0 0 0   -0.011 -0.02329  0.04412 -0.0200086 -0.0443822 0.00940201 -0.000185977 -0.000546926  -7.5329e-06 -0.0278599  0.0157357 -0.0144606 -0.0587472 -0.0403458   -9.80874 
             310.002 0.0346446  0.130305   74.3688   0.210337    9.21304 -0.0118811 0 0 0   -0.011 -0.02329  0.04412   -0.010391  -0.0108481 -0.00190132 -0.000166325 -0.000506834  2.43499e-05 -0.0290723  0.0155596 -0.0142816 -0.0585889  -0.040151   -9.80874 
             310.103 0.0302869  0.135234   74.3747   0.210131      9.214 -0.0128511 0 0 0   -0.011 -0.02329  0.04412 -0.00583679 -0.00205113  0.00130578 -0.000165546 -0.000520372  3.98032e-05 -0.0292751  0.0155518 -0.0141327 -0.0585598 -0.0401217   -9.80874 
             310.202 0.0343813  0.130209   74.3737   0.209011    9.21062 -0.0121635 0 0 0   -0.011 -0.02329  0.04412 -0.0150219 -0.0174377 0.00719948 -0.000192163 -0.000510152  7.78604e-06 -0.0289838   0.015622 -0.0141738 -0.0585937 -0.0401725   -9.80874 
             310.302 0.0338014  0.128503   74.3833   0.206851    9.21052 -0.0124935 0 0 0   -0.011 -0.02329  0.04412 -0.0180357 -0.0085801 0.00292505 -0.000188576  -0.00048855  3.63913e-05 -0.0291196  0.0155037 -0.0140363 -0.0585899 -0.0401361   -9.80874 
             310.401 0.0313403  0.130809   74.3771   0.208061    9.21381 -0.0117967 0 0 0   -0.011 -0.02329  0.04412 -0.0081881  0.0146976 0.00654557 -0.000214011  -0.00049426  4.90304e-05 -0.0296113  0.0156629 -0.0140689 -0.0584949 -0.0400924   -9.80874 
             310.501 0.0310195  0.130718   74.3625   0.212468     9.2162 -0.0130342 0 0 0   -0.011 -0.02329  0.04412  0.00681029   0.0195133 -0.00386398   -0.0002777 -0.000468564  5.56402e-05 -0.0298844  0.0161741 -0.0138757 -0.0583848 -0.0401309   -9.80874 
             310.603 0.0334764   0.13041   74.3885   0.215334    9.21896 -0.0144397 0 0 0   -0.011 -0.02329  0.04412   0.0193073   0.0264741 -0.00949933 -0.000288166 -0.000456556  5.19572e-05  -0.030033  0.0163317 -0.0137934 -0.0583415  -0.040134   -9.80874 
             310.701 0.0345829  0.130342   74.3769  0.213133   9.21463 -0.013971 0 0 0   -0.011 -0.02329  0.04412  0.00827537 -0.00389173 -0.00408537 -0.000259207 -0.000460639  5.56655e-05 -0.0292108  0.0161914 -0.0139524 -0.0584814  -0.040225   -9.80874 
             310.801 0.0385258  0.127034   74.3686   0.215109    9.20974 -0.0125413 0 0 0   -0.011 -0.02329  0.04412  0.0111697 -0.0245817  0.0124199 -0.000255207 -0.000423335  5.51698e-05 -0.0288093  0.0164867 -0.0141444    -0.0585 -0.0403229   -9.80874 
             310.902 0.032172 0.130507  74.3663   0.210189    9.20782 -0.0102829 0 0 0   -0.011 -0.02329  0.04412 -0.00489505  -0.0290988   0.0126466  -0.00026689 -0.000416819  2.17937e-05 -0.0286523  0.0158264 -0.0142495  -0.058612 -0.0402473   -9.80874 
             311.001  0.03826 0.131733  74.3703    0.20767    9.21164 -0.0113648 0 0 0   -0.011 -0.02329  0.04412  -0.0269495 -0.00566394  0.00506268 -0.000242343 -0.000414802   4.1323e-05 -0.0292747  0.0154059 -0.0139401 -0.0585784 -0.0401021   -9.80874 
             311.102 0.0370051  0.132626   74.3637   0.210567    9.21292 -0.0124406 0 0 0   -0.011 -0.02329  0.04412  -0.0140711 -0.00814569 -0.00411065 -0.000248724 -0.000408084  6.10449e-05 -0.0297213  0.0158894 -0.0137783 -0.0584488 -0.0401125   -9.80874 
             311.202 0.0321401  0.132756   74.3677   0.211841    9.21137 -0.0134274 0 0 0   -0.011 -0.02329  0.04412 -0.0155841 -0.0122541 -0.0172063 -0.000246518 -0.000377267  4.42204e-05 -0.0297718  0.0162255 -0.0137601 -0.0583965 -0.0401545   -9.80874 
             311.303 0.0333819  0.131528   74.3767   0.208252    9.21176 -0.0143247 0 0 0   -0.011 -0.02329  0.04412 -0.0321809 -0.0183579 -0.0194592 -0.000229943 -0.000370038  5.44087e-05 -0.0299309  0.0159924 -0.0138535 -0.0584045 -0.0400996   -9.80874 
             311.403 0.0345588  0.137037   74.3737   0.210404    9.20991 -0.0154066 0 0 0   -0.011 -0.02329  0.04412 -0.0155986 -0.0287014  -0.018809 -0.000225082 -0.000392097  7.23145e-05 -0.0301505  0.0165197 -0.0140082 -0.0583025 -0.0401463   -9.80874 
             311.501 0.032134 0.129328  74.3798     0.2089      9.212 -0.0138646 0 0 0   -0.011 -0.02329  0.04412 -0.0144173 -0.0172503 0.00106833 -0.000224795 -0.000352693  7.88841e-05 -0.0306587  0.0163194 -0.0143967 -0.0582556 -0.0400502   -9.80875 
             311.602 0.0257457  0.130356   74.3715   0.210817    9.20854 -0.0128529 0 0 0   -0.011 -0.02329  0.04412 -0.0057811 -0.0300664 0.00687894 -0.000206507 -0.000379093  3.96915e-05 -0.0306559  0.0167139  -0.014465 -0.0582037 -0.0401069   -9.80875 
             311.703 0.0291967  0.133068   74.3926    0.20759    9.21083 -0.0116127 0 0 0   -0.011 -0.02329  0.04412 -0.0212197 -0.0143935  0.0137908 -0.000217568 -0.000415324   4.4009e-05 -0.0311151  0.0163065 -0.0144904  -0.058192 -0.0399883   -9.80875 
             311.801 0.0349462  0.129996   74.3739   0.208393    9.21194 -0.0121285 0 0 0   -0.011 -0.02329  0.04412 -0.00979729   -0.010501 -0.00393845 -0.000173811 -0.000405542  7.73664e-05 -0.0315063  0.0164997 -0.0143424 -0.0581115 -0.0399643   -9.80875 
             311.902 0.0359678  0.126212   74.3869  0.204898     9.212 -0.013026 0 0 0   -0.011 -0.02329  0.04412  -0.0309715    -0.01199 -0.00977977 -0.000172533 -0.000427224   6.7452e-05 -0.0315632  0.0162385 -0.0143198 -0.0581377 -0.0399199   -9.80875 
             312.003 0.0354284  0.138923   74.3756   0.208079    9.21226 -0.0131778 0 0 0   -0.011 -0.02329  0.04412 -0.00885006 -0.00623115 -0.00942107 -0.00016406  -0.0004493 3.52324e-05 -0.0319468  0.0168251 -0.0144493 -0.0580069 -0.0399523   -9.80875 
             312.101 0.0351277  0.132293   74.3676   0.212789    9.21459 -0.0115001 0 0 0   -0.011 -0.02329  0.04412  0.00563262 -0.00359348  0.00579313 -0.000142375 -0.000450845  2.85682e-06 -0.0324791  0.0172851 -0.0147553 -0.0578717 -0.0399476   -9.80875 
             312.203 0.0363611  0.121957   74.3745   0.211091    9.21167 -0.0125287 0 0 0   -0.011 -0.02329  0.04412 -0.00362566  -0.0197082 -0.00427328 -0.000164384 -0.000425079   1.2509e-05    -0.0322  0.0171478 -0.0146054 -0.0579289 -0.0399646   -9.80875 
             312.301 0.0350063  0.134121   74.3739   0.210933    9.21832 -0.0130787 0 0 0   -0.011 -0.02329  0.04412  -0.0103496   0.0185532 -0.00227231 -0.000143196 -0.000421137  1.41245e-06 -0.0330373  0.0168782 -0.0145783 -0.0578472 -0.0398186   -9.80875 
             312.401 0.0366762  0.128993   74.3747  0.211633   9.21186 -0.012574 0 0 0   -0.011 -0.02329  0.04412  -0.0105537  -0.0185125 0.000517838 -0.000177218 -0.000428923 -1.47858e-05 -0.0323025  0.0173618  -0.014636 -0.0578866 -0.0399806   -9.80875 
             312.502 0.0333908  0.131477   74.3764   0.209964    9.21398 -0.0129032 0 0 0   -0.011 -0.02329  0.04412  -0.0165558 -0.00278939 -0.00594829 -0.000205709 -0.000447507 -2.31592e-05 -0.0326553  0.0171521 -0.0146458 -0.0578648 -0.0399062   -9.80875 
             312.601 0.0352234  0.133589   74.3774   0.210331    9.21468 -0.0128209 0 0 0   -0.011 -0.02329  0.04412 -0.00950524 0.000240405  0.00290606 -0.000185691 -0.000420998 -4.78158e-05 -0.0328344  0.0173162 -0.0146946  -0.057819 -0.0399059   -9.80875 
             312.702 0.0354563  0.129393   74.3726   0.214564    9.21023 -0.0121109 0 0 0   -0.011 -0.02329  0.04412 0.00619896 -0.0254693 0.00736645 -0.000193156 -0.000414723  -2.4644e-05 -0.0326476   0.018008 -0.0147062  -0.057756 -0.0400249   -9.80875 
             312.802 0.0295868   0.13052   74.3733   0.211504    9.20987 -0.0120128 0 0 0   -0.011 -0.02329  0.04412 -0.0116368 -0.0222452 0.00658657 -0.000210241 -0.000390456 -1.19972e-05 -0.0327613  0.0175648 -0.0146169 -0.0577972 -0.0399497   -9.80875 
             312.903 0.026379 0.131124  74.3739   0.211476    9.20721 -0.0124625 0 0 0   -0.011 -0.02329  0.04412 -0.00347477  -0.0273367   0.0102884 -0.000177991 -0.000414686 -6.11184e-06 -0.0327981  0.0176583 -0.0144373 -0.0577806 -0.0399577   -9.80875 
             313.002 0.0343908  0.134578   74.3786    0.21346    9.21035 -0.0116396 0 0 0   -0.011 -0.02329  0.04412  0.00512033 -0.00784489   0.0119138 -0.000170983 -0.000413425  5.93662e-07 -0.0334507  0.0176753 -0.0144209 -0.0576899 -0.0398773   -9.80875 
             313.102 0.0350494  0.130101   74.3741    0.21121    9.21543 -0.0110654 0 0 0   -0.011 -0.02329  0.04412 0.000891055   0.0107909  0.00949332 -0.000148274 -0.000400397 -3.12463e-06 -0.0339403  0.0171583 -0.0143274 -0.0576893 -0.0397453   -9.80875 
             313.201 0.0336919  0.130039   74.3717   0.212962    9.21182 -0.0110595 0 0 0   -0.011 -0.02329  0.04412  0.0142477 -0.0157426 0.00861465 -0.000134353  -0.00038719 -3.16041e-05 -0.0335771  0.0174239 -0.0142022 -0.0577049  -0.039827   -9.80875 
             313.303 0.032381 0.131801  74.3772   0.212037    9.21185 -0.0116015 0 0 0   -0.011 -0.02329  0.04412  0.0117019 -0.0113973  0.0084498 -0.000122406 -0.000414151 -5.15207e-05 -0.0336534  0.0171294  -0.014037  -0.057732 -0.0397777   -9.80875 
             313.401 0.0338742  0.131166    74.368   0.214383    9.21202 -0.0114449 0 0 0   -0.011 -0.02329  0.04412 0.00939759 -0.0106698 0.00876293 -0.000153139 -0.000412997 -8.59554e-05 -0.0338423  0.0172232 -0.0139185 -0.0576951 -0.0397666   -9.80875 
             313.502 0.0337124  0.131164   74.3701   0.210214    9.21467 -0.0117642 0 0 0   -0.011 -0.02329  0.04412 -0.0139889  0.0039833 0.00728542 -0.000118515 -0.000402281 -0.000117985 -0.0340542  0.0165986 -0.0137704 -0.0577451 -0.0396566   -9.80875 
             313.602 0.0377764   0.12352   74.3781    0.21181    9.21778 -0.0117518 0 0 0   -0.011 -0.02329  0.04412 -0.00491392   0.0167181  0.00765989 -8.13573e-05 -0.000376957 -0.000132618  -0.034432  0.0167981 -0.0136511 -0.0576703 -0.0396361   -9.80875 
             313.702 0.0351997  0.128531   74.3735 0.213169  9.21377 -0.01144 0 0 0   -0.011 -0.02329  0.04412 0.000514666 -0.00921897  0.00226607 -0.000117755  -0.00037838 -0.000120224  -0.033967  0.0171929 -0.0136352 -0.0576829 -0.0397462   -9.80875 
             313.802 0.0311394  0.131244   74.3704   0.212539    9.21116 -0.0124634 0 0 0   -0.011 -0.02329  0.04412 -0.00254258  -0.0183434  0.00499854 -0.000113919 -0.000363971  -0.00011803   -0.03378  0.0172026 -0.0134231 -0.0577067 -0.0397706   -9.80875 
             313.901 0.0321105  0.130017   74.3844  0.209339   9.21182 -0.011257 0 0 0   -0.011 -0.02329  0.04412  -0.017566 -0.0144725 0.00814387 -0.000108688 -0.000382729  -0.00013017 -0.0339247   0.016824  -0.013463 -0.0577344  -0.039703   -9.80875 
             314.002 0.036883  0.13502  74.3891   0.206469    9.21559 -0.0129748 0 0 0   -0.011 -0.02329  0.04412  -0.0176045  0.00553219 0.000511505 -9.66695e-05 -0.000391367 -7.80757e-05 -0.0343928   0.016487 -0.0131829 -0.0577151 -0.0396011   -9.80875 
             314.102 0.0406319  0.131979   74.4109   0.209581    9.21171 -0.0123042 0 0 0   -0.011 -0.02329  0.04412 -0.00829918  -0.0137614  0.00631091 -0.000144162 -0.000373637 -0.000117462 -0.0341679  0.0171731 -0.0132392   -0.05766 -0.0397183   -9.80875 
             314.201 0.035356  0.13478   74.375    0.21169    9.20888 -0.0113063 0 0 0   -0.011 -0.02329  0.04412 0.00414983 -0.0312002  0.0126466 -0.000133856 -0.000346026 -0.000105726 -0.0341824  0.0175165  -0.013262  -0.057616 -0.0397612   -9.80875 
             314.302 0.0325109  0.128626    74.384   0.210196     9.2099 -0.0119861 0 0 0   -0.011 -0.02329  0.04412 0.00147066 -0.0197123 0.00381286 -0.000154255 -0.000356886 -5.02861e-05  -0.034549  0.0171385 -0.0130376 -0.0576151 -0.0396675   -9.80875 
             314.402 0.0304009  0.130958   74.3803    0.21115    9.21171 -0.0128277 0 0 0   -0.011 -0.02329  0.04412 0.00674326 -0.0125787  0.0099446 -0.000163266 -0.000322317 -3.68891e-05 -0.0350148  0.0170442 -0.0128522 -0.0575668 -0.0395986   -9.80875 
             314.503 0.033017 0.131342  74.3793  0.209623   9.21131 -0.011918 0 0 0   -0.011 -0.02329  0.04412 0.000248919  -0.0140797  0.00973932 -0.000141747  -0.00033881 -4.26891e-05 -0.0350539  0.0167735  -0.012828 -0.0575947  -0.039559   -9.80875 
             314.602 0.0350242  0.125573   74.3876   0.209948    9.21171 -0.0115265 0 0 0   -0.011 -0.02329  0.04412 -0.000892228  -0.00375341   0.00212492 -0.000133273 -0.000358858 -4.80295e-05  -0.035237  0.0167278 -0.0127784 -0.0575768  -0.039531   -9.80875 
             314.703 0.0377158  0.134339   74.3712    0.21028    9.21044 -0.0138987 0 0 0   -0.011 -0.02329  0.04412 0.00118552 -0.0101197 -0.0142919 -0.000154475 -0.000374428 -3.37453e-05 -0.0351587  0.0167841 -0.0125105 -0.0575805 -0.0395476   -9.80875 
             314.801 0.037756 0.133166  74.3721   0.211983    9.21148 -0.0127453 0 0 0   -0.011 -0.02329  0.04412 0.00251543 0.00191386  -0.008334 -0.000135731 -0.000350676 -9.21551e-05 -0.0354453  0.0169019 -0.0128336 -0.0575293 -0.0395282   -9.80875 
             314.902 0.0316657  0.133499   74.3719   0.212069    9.21391 -0.0124673 0 0 0   -0.011 -0.02329  0.04412 -0.00283682  0.00572631 -0.00191416 -9.89171e-05 -0.000349263 -7.78035e-05 -0.0356896  0.0168121 -0.0129747 -0.0575088 -0.0394876   -9.80875 
             315.003 0.0324844  0.131386   74.3594   0.211915    9.21247 -0.0126016 0 0 0   -0.011 -0.02329  0.04412 -0.00290115  -0.0071124   0.0039598  -0.00010695 -0.000361977 -5.24373e-05 -0.0355335  0.0168843 -0.0129348   -0.05752 -0.0395154   -9.80875 
             315.102 0.0349311  0.125866   74.3863  0.208311   9.21432 -0.011182 0 0 0   -0.011 -0.02329  0.04412 -0.0189933 0.00243266 0.00995205 -9.83096e-05 -0.000361774 -8.99709e-05 -0.0356756  0.0164763 -0.0130118 -0.0575506 -0.0394469   -9.80875 
             315.202 0.0365603  0.130632   74.3665  0.211057   9.21344 -0.012557 0 0 0   -0.011 -0.02329  0.04412 -0.00416776  0.00568287  -0.0023429 -0.000118391 -0.000365672 -7.47706e-05 -0.0357319  0.0170398 -0.0127398  -0.057477 -0.0395111   -9.80875 
             315.301 0.0305047  0.136032   74.3549   0.207597    9.21512 -0.0118989 0 0 0   -0.011 -0.02329  0.04412  -0.0159254  0.00218404 0.000269856 -0.000136247 -0.000378245 -6.11926e-05 -0.0357687  0.0166628 -0.0128523 -0.0575169 -0.0394595   -9.80875 
             315.402 0.0330475  0.130829   74.3778    0.20781    9.20998 -0.0130748 0 0 0   -0.011 -0.02329  0.04412  -0.0135104  -0.0253979 -0.00407702 -0.000118222 -0.000328342 -5.60793e-05 -0.0353641  0.0170373 -0.0126938 -0.0575234  -0.039554   -9.80875 
             315.502 0.0412723  0.137047   74.3609   0.210503    9.20924 -0.0134462 0 0 0   -0.011 -0.02329  0.04412 -0.00418446  -0.0151273 -0.00703091 -0.000123245 -0.000311683 -4.84624e-05 -0.0356789  0.0173956 -0.0127408  -0.057442 -0.0395616   -9.80875 
             315.601 0.0383608  0.139148   74.3629   0.211275    9.21406 -0.0121426 0 0 0   -0.011 -0.02329  0.04412 -0.0100558 0.00493721 0.00721936 -0.000134176 -0.000343864  -7.5109e-05 -0.0363596  0.0173142  -0.012921  -0.057367 -0.0394716   -9.80875 
             315.701 0.0332739  0.129906   74.3665   0.210392    9.21274 -0.0122957 0 0 0   -0.011 -0.02329  0.04412 -0.0127917 -0.0093347 0.00513733 -0.000155744 -0.000316379 -5.65686e-05 -0.0362457  0.0174007 -0.0128091 -0.0573712 -0.0394956   -9.80875 
             315.802 0.0352061  0.129828    74.365   0.209906    9.21163 -0.0110341 0 0 0   -0.011 -0.02329  0.04412 -0.0164846 -0.0197227 0.00869871 -0.000113332 -0.000321046  -1.7695e-05 -0.0363181  0.0174934 -0.0128845 -0.0573513 -0.0394986   -9.80875 
             315.902 0.0343777  0.133576   74.3699   0.209906    9.20891 -0.0107074 0 0 0   -0.011 -0.02329  0.04412 -0.0121646 -0.0275221 0.00817976  -0.00013352 -0.000326292 -5.25761e-05 -0.0363322  0.0176713 -0.0128089 -0.0573291 -0.0395188   -9.80875 
             316.002 0.0311756   0.13374   74.3683   0.211558    9.20955 -0.0118183 0 0 0   -0.011 -0.02329  0.04412 -0.0024354 -0.0186384  0.0038031 -0.000126538 -0.000315292 -6.15563e-05 -0.0368208  0.0178312 -0.0125733 -0.0572513 -0.0394817   -9.80875 
             316.101 0.0289667  0.123619   74.3813   0.211447    9.20979 -0.0124144 0 0 0   -0.011 -0.02329  0.04412   0.00266655   -0.0168108 -0.000208232 -0.000117953 -0.000278905 -2.48282e-05 -0.0370494  0.0177051  -0.012476 -0.0572382 -0.0394399   -9.80875 
             316.203 0.0313479  0.133394   74.3769   0.207256    9.21058 -0.0119991 0 0 0   -0.011 -0.02329  0.04412  -0.0157993  -0.0123962 -0.00491334 -0.000114797 -0.000303833  -7.6006e-06   -0.03717  0.0171895 -0.0125481 -0.0572829 -0.0393634   -9.80875 
             316.302 0.0344529  0.131543    74.371   0.211258    9.21105 -0.0125736 0 0 0   -0.011 -0.02329  0.04412 -0.00375512  -0.0156112 -0.00386185 -0.000154955 -0.000264407 -2.90207e-06 -0.0376077  0.0176908 -0.0125233 -0.0571725 -0.0393738   -9.80875 
             316.402 0.0335202  0.126491   74.3625   0.211496    9.21126 -0.0128816 0 0 0   -0.011 -0.02329  0.04412 -0.00607628 -0.00614335  0.00476648 -0.000156867 -0.000276699  1.53136e-05 -0.0378114  0.0177052 -0.0124774 -0.0571464 -0.0393522   -9.80875 
             316.502 0.032932 0.129442  74.3668   0.212059    9.21054 -0.0122056 0 0 0   -0.011 -0.02329  0.04412 -0.00631319  -0.0102032 0.000816686 -0.000163713 -0.000301498  4.55127e-05 -0.0378456  0.0178394 -0.0125375 -0.0571269 -0.0393644   -9.80875 
             316.603 0.0324771  0.133293   74.3779   0.211107    9.21097 -0.0126905 0 0 0   -0.011 -0.02329  0.04412  -0.0107327 -0.00688038  0.00210692 -0.000182014  -0.00030708  4.91665e-06 -0.0379784  0.0177654 -0.0124592 -0.0571195 -0.0393404   -9.80875 
             316.703 0.0363058  0.128698   74.3662    0.20965      9.213 -0.0121637 0 0 0   -0.011 -0.02329  0.04412 -0.0097816 -0.0014745 0.00601039 -0.000168013 -0.000293812  4.46746e-06 -0.0382856  0.0176527 -0.0124843 -0.0570957 -0.0392922   -9.80876 
             316.803 0.0366948  0.130307    74.375   0.210238    9.21565 -0.0126993 0 0 0   -0.011 -0.02329  0.04412 -0.00823271  0.00501115  0.00202292 -0.000176734 -0.000271294 -1.08492e-05 -0.0386468  0.0176925 -0.0123622 -0.0570485 -0.0392561   -9.80876 
             316.903 0.0338953  0.121711   74.3635   0.207986    9.21321 -0.0122226 0 0 0   -0.011 -0.02329  0.04412 -0.0177615 -0.0116052 0.00387473 -0.000193335 -0.000284565 -2.21021e-05 -0.0383305  0.0176828 -0.0123954  -0.057087 -0.0392905   -9.80876 
             317.001 0.0347822  0.132181   74.3692   0.210956    9.21117 -0.0126598 0 0 0   -0.011 -0.02329  0.04412 0.00431679 -0.0182831 0.00344984 -0.000169517  -0.00026885 -3.94588e-05 -0.0384319  0.0181727 -0.0122728 -0.0570202  -0.039337   -9.80876 
             317.101 0.0210529  0.133359   74.3715  0.211094   9.21244 -0.011766 0 0 0   -0.011 -0.02329  0.04412  0.00298477 -0.00481842  0.00962985 -0.000163212 -0.000281775 -2.99278e-05 -0.0387068  0.0180415  -0.012306 -0.0570025 -0.0392908   -9.80876 
             317.203 0.0298529  0.129407   74.3658   0.213515    9.21129 -0.0121746 0 0 0   -0.011 -0.02329  0.04412  0.00613461 0.000937707   0.0046981 -0.000146044 -0.000292581 -3.13359e-05 -0.0386934  0.0183132 -0.0121632  -0.056974 -0.0393241   -9.80876 
             317.302 0.0338724  0.130061   74.3884   0.210472    9.21657 -0.0122191 0 0 0   -0.011 -0.02329  0.04412 -0.0102563  0.0153592  0.0044493 -0.000130219 -0.000294078  -2.6387e-05 -0.0391022  0.0177417  -0.012095 -0.0569901 -0.0392119   -9.80876 
             317.402 0.0365748  0.130423   74.3794   0.210776    9.21136 -0.0115174 0 0 0   -0.011 -0.02329  0.04412 -0.00756518  -0.0113049    0.014101 -0.000166884 -0.000279697 -4.17002e-06 -0.0385058  0.0181408 -0.0120924  -0.057015 -0.0393245   -9.80876 
             317.502 0.0324017  0.131419    74.359  0.212736   9.21018 -0.010112 0 0 0   -0.011 -0.02329  0.04412 -0.00285149  -0.0132476   0.0140655 -0.000157226 -0.000278307  5.22494e-06  -0.038613  0.0184106 -0.0120917 -0.0569727 -0.0393439   -9.80876 
             317.603 0.0320783  0.131054   74.3633   0.213241    9.21125 -0.0116402 0 0 0   -0.011 -0.02329  0.04412 -0.00141744  -0.0106298   0.0125767 -0.000130035 -0.000254074 -2.99844e-05 -0.0389248  0.0184067 -0.0117273 -0.0569378  -0.039309   -9.80876 
             317.701 0.0305186  0.132506   74.3742  0.210028   9.21189 -0.011258 0 0 0   -0.011 -0.02329  0.04412 -0.00713399 -0.00244363   0.0175268 -0.000153624 -0.000265495  -4.3606e-05  -0.038966  0.0180476 -0.0115506 -0.0569728 -0.0392631   -9.80876 
             317.801 0.0333129  0.130689    74.356   0.213239    9.21215 -0.0104959 0 0 0   -0.011 -0.02329  0.04412  0.00753701 -0.00906466   0.0217518 -0.000176445 -0.000238395  -1.9828e-05 -0.0391921  0.0184076 -0.0113933 -0.0569077 -0.0392796   -9.80876 
             317.901 0.0331448  0.132713   74.3773   0.213183    9.21406 -0.0105741 0 0 0   -0.011 -0.02329  0.04412 -0.00338785 0.000637108    0.013804 -0.000154122 -0.000229138 -1.21303e-05  -0.039494  0.0182362 -0.0110937 -0.0568924  -0.039227   -9.80876 
             318.002 0.0346636  0.131928   74.3714   0.210747    9.21052 -0.0126082 0 0 0   -0.011 -0.02329  0.04412  -0.0168721  -0.0106375 -0.00638749 -0.000137271 -0.000204455 -1.28256e-05 -0.0391005  0.0181978 -0.0107248 -0.0569419 -0.0392655   -9.80876 
             318.102 0.0339581  0.132806   74.3781    0.21245    9.21333 -0.0121936 0 0 0   -0.011 -0.02329  0.04412 -0.00534141 0.000278002 -0.00749324 -0.000144462 -0.000222144 -2.76477e-05 -0.0396164  0.0183888 -0.0108464 -0.0568625 -0.0392311   -9.80876 
             318.203 0.0275786  0.124896   74.3808  0.209829   9.21044 -0.012512 0 0 0   -0.011 -0.02329  0.04412 -0.0103322 -0.0128781 0.00119288 -0.000161832 -0.000250311 -6.42981e-05 -0.0392614  0.0182422 -0.0108675 -0.0569184  -0.039253   -9.80876 
             318.302 0.0289409   0.13273    74.371   0.208408     9.2101 -0.0128987 0 0 0   -0.011 -0.02329  0.04412  -0.0159708 -0.00514061 -0.00490996 -0.000120243 -0.000279034 -7.62513e-05 -0.0393375  0.0181977 -0.0108203 -0.0569147 -0.0392398   -9.80876 
             318.402 0.0349261  0.130417   74.3674    0.20771    9.21088 -0.0128768 0 0 0   -0.011 -0.02329  0.04412  -0.0146615  -0.0071617 -0.00120662 -0.000129161 -0.000264256 -9.69501e-05 -0.0395428  0.0182312  -0.010909  -0.056888 -0.0392214   -9.80876 
             318.502 0.0335568  0.131241   74.3793   0.210792    9.21371 -0.0136457 0 0 0   -0.011 -0.02329  0.04412  0.00385993  0.00812628 -0.00433158 -0.000138471 -0.000280279 -0.000112021 -0.0400539  0.0185556 -0.0108477 -0.0567961 -0.0392029   -9.80876 
             318.602 0.0310405  0.131801   74.3654   0.211751    9.21619 -0.0138068 0 0 0   -0.011 -0.02329  0.04412  0.00670388 -0.00190543 -0.00977875  -0.00012109 -0.000229744 -9.39815e-05 -0.0403248  0.0185338 -0.0109233 -0.0567681 -0.0391715   -9.80876 
             318.703 0.0416271  0.136203   74.3738   0.212581    9.21234 -0.0124149 0 0 0   -0.011 -0.02329  0.04412  0.00447426 -0.00844595  0.00815954 -0.000130923 -0.000226786 -0.000124328 -0.0399449  0.0186963 -0.0111299 -0.0567927 -0.0392301   -9.80876 
             318.802 0.0316676  0.128102   74.3866  0.209256   9.21274 -0.012594 0 0 0   -0.011 -0.02329  0.04412 -0.0121963 -0.0117323 0.00265551 -0.000136462 -0.000180952  -0.00015118  -0.039985  0.0182536 -0.0110423 -0.0568355 -0.0391767   -9.80876 
             318.903 0.0381874   0.14139   74.3732    0.20874    9.21322 -0.0127543 0 0 0   -0.011 -0.02329  0.04412 -0.00765264 -0.00495039 -0.00810575 -0.000134324 -0.000221558 -0.000167377 -0.0401962   0.018241   -0.01104 -0.0568135 -0.0391529   -9.80876 
             319.004 0.034692 0.128286   74.383    0.21186    9.21374 -0.0122728 0 0 0   -0.011 -0.02329  0.04412  0.00695671  0.00111176 -0.00435219 -0.000132153 -0.000230331 -0.000180654 -0.0404215  0.0186157 -0.0111774 -0.0567489 -0.0391704   -9.80876 
             319.102 0.0336042  0.125032   74.3854   0.212353    9.21565 -0.0127211 0 0 0   -0.011 -0.02329  0.04412   0.0111224    0.006143 -0.00460053  -0.00010506 -0.000241519 -0.000175289 -0.0406243   0.018512 -0.0112028 -0.0567376 -0.0391376   -9.80876 
             319.202 0.034378 0.130109   74.364   0.217835    9.21171 -0.0121021 0 0 0   -0.011 -0.02329  0.04412   0.0349194  -0.0162128 -0.00142885 -8.65724e-05 -0.000258716 -0.000153828 -0.0403106  0.0190919 -0.0113074 -0.0567106 -0.0392339   -9.80876 
             319.303 0.0333914  0.131695   74.3755   0.216531    9.21411 -0.0118853 0 0 0   -0.011 -0.02329  0.04412    0.019834 -0.00583419  0.00557683 -9.32022e-05 -0.000225033 -0.000150434 -0.0405644  0.0184027 -0.0112733 -0.0567554 -0.0391324   -9.80876 
             319.402 0.0293368  0.130149    74.371   0.215881    9.20755 -0.0115943 0 0 0   -0.011 -0.02329  0.04412  0.0101915 -0.0339135 0.00349795 -9.43702e-05 -0.000213556 -0.000167885 -0.0398786  0.0183621 -0.0112294 -0.0568339 -0.0391996   -9.80876 
             319.502 0.0306446  0.132806   74.3707   0.214083    9.21038 -0.0120146 0 0 0   -0.011 -0.02329  0.04412 -0.00203651  -0.0142198  0.00203266 -8.64292e-05 -0.000242682 -0.000161472 -0.0404164  0.0178669 -0.0111266 -0.0568277 -0.0390901   -9.80876 
             319.601 0.0215332  0.137815   74.3673   0.213482    9.21434 -0.0123024 0 0 0   -0.011 -0.02329  0.04412 0.00140111 0.00179379 -0.0036306 -8.52411e-05 -0.000265972 -0.000132438 -0.0409747   0.017615 -0.0110996 -0.0567939 -0.0390051   -9.80876 
             319.703 0.0343406  0.134044   74.3777   0.211361    9.21226 -0.0130995 0 0 0   -0.011 -0.02329  0.04412  -0.0175704  -0.0161506 -0.00805655 -0.000101663 -0.000230457 -0.000110804 -0.0407078  0.0175043 -0.0110573  -0.056834 -0.0390208   -9.80876 
             319.801 0.0333242  0.130271   74.3757   0.209916    9.21388 -0.0125484 0 0 0   -0.011 -0.02329  0.04412  -0.0210063  -0.0115474 0.000746496  -9.2585e-05 -0.000205408 -0.000130261 -0.0410969  0.0174278 -0.0112144 -0.0568002 -0.0389725   -9.80876 
             319.901 0.0364899  0.124783   74.3773    0.21311    9.21264 -0.0117973 0 0 0   -0.011 -0.02329  0.04412 0.00229849 -0.0233524 0.00933095  -0.00010835 -0.000210101 -0.000132958 -0.0412908  0.0179274 -0.0112702  -0.056728 -0.0390058   -9.80876 
             320.001  0.03465 0.132698  74.3826   0.210846      9.212 -0.0110655 0 0 0   -0.011 -0.02329  0.04412 -0.00240472  -0.0179028  0.00995444 -0.000119272 -0.000201485 -0.000113003 -0.0413989  0.0175826 -0.0112167  -0.056752 -0.0389581   -9.80876 
               320.1 0.0339532  0.127946   74.3772   0.216515    9.21561 -0.0117518 0 0 0   -0.011 -0.02329  0.04412  0.0208956 0.00528758 0.00294636 -0.000126897 -0.000189951 -0.000112276 -0.0421056  0.0179539 -0.0110135 -0.0566397 -0.0389251   -9.80876 
             320.201 0.0335832  0.131621   74.3827    0.21259     9.2138 -0.0123917 0 0 0   -0.011 -0.02329  0.04412 -0.000988522   -0.0031136   0.00180866 -0.000108959 -0.000185424 -8.91772e-05 -0.0416779  0.0174477 -0.0108973 -0.0567365 -0.0389154   -9.80876 
             320.301 0.0343245  0.124931   74.3804   0.209796    9.21539 -0.0132521 0 0 0   -0.011 -0.02329  0.04412 -0.0040517 0.00482419  -0.005806 -0.000100593 -0.000160008 -0.000101714 -0.0417722  0.0170804 -0.0107733 -0.0567641 -0.0388673   -9.80876 
             320.402 0.0339254   0.12408   74.3735   0.213158    9.21212 -0.0126909 0 0 0   -0.011 -0.02329  0.04412   0.0140032 -0.00745563  -0.0128353 -9.87962e-05 -0.000152641 -6.80233e-05 -0.0415161  0.0175871  -0.010969 -0.0567392 -0.0389462   -9.80876 
             320.502 0.0302512  0.133826   74.3699   0.209985    9.21425 -0.0143107 0 0 0   -0.011 -0.02329  0.04412 -0.00739118 0.000764762 -0.00818724 -0.000122311 -0.000101571 -0.000110008 -0.0416504  0.0170394 -0.0109221 -0.0567807 -0.0388755   -9.80876 
             320.602 0.0377996  0.127557   74.3835   0.211266    9.21358 -0.0132395 0 0 0   -0.011 -0.02329  0.04412  -0.00608714 -0.000796434   0.00327028 -0.000164127 -0.000111879  -9.3584e-05  -0.041661  0.0172644 -0.0111057 -0.0567566 -0.0388979   -9.80876 
             320.701 0.0339282  0.131236   74.3749   0.206237    9.21464 -0.0124045 0 0 0   -0.011 -0.02329  0.04412 -0.0210509 0.00607286   0.011385 -0.000179301 -0.000159133 -6.15724e-05 -0.0415849  0.0167989 -0.0111241 -0.0568112 -0.0388573   -9.80876 
             320.802 0.0391605  0.130624   74.3482   0.211751    9.21492 -0.0115273 0 0 0   -0.011 -0.02329  0.04412  0.0108053 -0.0036764  0.0119504  -0.00018466 -0.000135832 -4.12766e-05 -0.0418733  0.0175358  -0.011075 -0.0567078 -0.0389044   -9.80876 
             320.902 0.0311575  0.129777   74.3679   0.211168    9.20907 -0.0103907 0 0 0   -0.011 -0.02329  0.04412 0.00254482  -0.019113 0.00458384 -0.000159835 -0.000120271 -9.66531e-05 -0.0412502  0.0175763 -0.0110858 -0.0567677 -0.0389708   -9.80876 
             321.002 0.032974 0.129346  74.3748   0.208382    9.20996 -0.0125698 0 0 0   -0.011 -0.02329  0.04412 -0.00416207  -0.0116117  -0.0111459 -0.000120194  -9.1175e-05 -0.000107202 -0.0414331  0.0171428  -0.010788 -0.0567925 -0.0389081   -9.80876 
             321.103 0.028751 0.122012  74.3842   0.215411    9.20947 -0.0143099 0 0 0   -0.011 -0.02329  0.04412  0.0229175 -0.0128085 -0.0103847 -0.000124702 -6.47489e-05 -0.000101077 -0.0417927   0.017829 -0.0107391 -0.0566878 -0.0389426   -9.80876 
             321.201 0.0305451  0.129757   74.3822   0.213707    9.21183 -0.0128741 0 0 0   -0.011 -0.02329  0.04412   0.0072224   0.0023468 -0.00140761 -9.89287e-05  -8.3687e-05 -0.000137934 -0.0420337  0.0173064 -0.0110393 -0.0567145 -0.0388656   -9.80876 
             321.306 0.0308829  0.130795   74.3849   0.212566     9.2115 -0.0127719 0 0 0   -0.011 -0.02329  0.04412 0.000302326   0.0014944 -0.00648879 -0.000108441 -7.12671e-05 -0.000150951 -0.0418943  0.0171295 -0.0110465 -0.0567461 -0.0388614   -9.80876 
             321.402 0.0342206  0.128984   74.3724  0.213968   9.21086 -0.012063 0 0 0   -0.011 -0.02329  0.04412   0.0126637 -0.00867194  -0.0060954 -0.000101603 -7.92124e-05 -0.000122503 -0.0418681   0.017307 -0.0112545  -0.056731 -0.0388819   -9.80876 
             321.502 0.0322632   0.12746   74.3729   0.213825    9.21551 -0.0138958 0 0 0   -0.011 -0.02329  0.04412  0.00386422   0.0100256 -0.00716702  -9.5201e-05 -9.31754e-05 -0.000133812 -0.0423975  0.0169712 -0.0111137 -0.0567109 -0.0387962   -9.80876 
             321.602 0.0338865  0.131741    74.372   0.212697    9.20955 -0.0133133 0 0 0   -0.011 -0.02329  0.04412 -0.00392989  -0.0144157 -0.00149742 -0.000110908 -9.30197e-05 -0.000115845 -0.0416488  0.0170765  -0.011235 -0.0567754 -0.0388799   -9.80876 
             321.702 0.0291937  0.131995   74.3687   0.210187    9.20954 -0.0135609 0 0 0   -0.011 -0.02329  0.04412 -0.00634604  -0.0101437 -0.00901095 -0.000108508  -8.8049e-05 -0.000154117 -0.0416949  0.0168186 -0.0112775 -0.0567959 -0.0388496   -9.80876 
             321.803 0.0334586  0.130044   74.3447   0.210475     9.2121 -0.0141872 0 0 0   -0.011 -0.02329  0.04412  -0.0055168 -0.00558113 -0.00817535 -9.33273e-05 -8.97537e-05  -0.00013913 -0.0421229  0.0167809 -0.0113343 -0.0567569 -0.0388044   -9.80876 
             321.902 0.0362708  0.128164   74.3684   0.209711     9.2119 -0.0135296 0 0 0   -0.011 -0.02329  0.04412 0.000648383 -0.00784391   -0.006767 -6.60571e-05 -8.78948e-05 -0.000171895 -0.0421328  0.0167049 -0.0115175  -0.056763 -0.0387959   -9.80876 
             322.001 0.0343847  0.128595   74.3612   0.211593    9.21258 -0.0134531 0 0 0   -0.011 -0.02329  0.04412   0.0110704 -0.00234296 -0.00532206 -6.47552e-05 -7.04013e-05 -0.000134771 -0.0423614  0.0168102 -0.0115965 -0.0567301 -0.0387843   -9.80876 
             322.103 0.0361551  0.129764   74.3686   0.210255    9.21269 -0.0120011 0 0 0   -0.011 -0.02329  0.04412 0.000904483  -0.0019641  0.00171102 -6.64277e-05 -4.72759e-05 -0.000116789 -0.0423187  0.0165455 -0.0118203 -0.0567594 -0.0387623   -9.80876 
             322.202 0.0339363  0.132338   74.3785 0.208005  9.21266 -0.01255 0 0 0   -0.011 -0.02329  0.04412 -0.0105654 -0.0044678 0.00686738 -8.40269e-05  -2.6558e-07 -0.000105221  -0.042283  0.0163131 -0.0117137 -0.0567854 -0.0387428   -9.80876 
             322.303 0.0324773  0.131123   74.3692   0.208078     9.2156 -0.0120353 0 0 0   -0.011 -0.02329  0.04412 -0.00227676   0.0149297  0.00536768 -8.29168e-05  1.63653e-05 -0.000113473 -0.0426504  0.0162851 -0.0116774 -0.0567522  -0.038705   -9.80876 
             322.402 0.0350633   0.12469   74.3623   0.211911     9.2127 -0.0117439 0 0 0   -0.011 -0.02329  0.04412   0.0163014 -0.00138739  0.00626391 -0.000101399  2.40107e-05 -0.000104413 -0.042339 0.0168114  -0.01168 -0.0567324  -0.038786   -9.80876 
             322.503 0.0346152  0.129044    74.368   0.209689    9.21268 -0.0129037 0 0 0   -0.011 -0.02329  0.04412 -0.00420824  -0.0019283  0.00253648 -0.000101574  2.00583e-05 -0.000101062 -0.0422317  0.0164482 -0.0114793 -0.0567775 -0.0387609   -9.80876 
             322.603 0.0410515  0.133884   74.3873   0.211484    9.21187 -0.0121377 0 0 0   -0.011 -0.02329  0.04412 -0.00225626  -0.0171715   0.0056723 -0.000124642  4.87061e-05 -9.92219e-05 -0.0423225   0.016674 -0.0114965 -0.0567473 -0.0387742   -9.80876 
             322.701 0.035641 0.128348   74.372   0.210931    9.20962 -0.0122451 0 0 0   -0.011 -0.02329  0.04412 0.00633607 -0.0292136 0.00586703 -0.000151786  1.47627e-05 -0.000120934 -0.0423069  0.0166162 -0.0113899 -0.0567544 -0.0387701   -9.80876 
             322.802 0.0350332  0.125835    74.363   0.212947    9.20732 -0.0123979 0 0 0   -0.011 -0.02329  0.04412  0.0104224 -0.0246562   0.010797  -0.00013516  3.11175e-05 -0.000157758 -0.0423761  0.0167719 -0.0112614 -0.0567333 -0.0387785   -9.80876 
             322.901 0.0363633  0.133533   74.3712   0.210245    9.21055 -0.0110571 0 0 0   -0.011 -0.02329  0.04412 -0.00234063 -0.00402814  0.00879628  -0.00012711  7.60903e-05 -0.000191888 -0.0428391  0.0161762 -0.0113063 -0.0567447 -0.0386779   -9.80876 
             323.001 0.0284503  0.127346    74.394   0.208764    9.20957 -0.0125481 0 0 0   -0.011 -0.02329  0.04412  -0.00688433   -0.0112333 -0.000150431 -0.000119724  5.61458e-05  -0.00016839 -0.0427772  0.0160683 -0.0110286  -0.056761 -0.0386734   -9.80876 
             323.103 0.0316136  0.127709   74.3616    0.21129    9.20864 -0.0113983 0 0 0   -0.011 -0.02329  0.04412  0.00588705 -0.00048138  0.00562326 -0.000137759  2.96161e-05 -0.000116788 -0.0428489  0.0163769 -0.0111459 -0.0567253 -0.0386961   -9.80876 
             323.201 0.0346152  0.129871   74.3714   0.214438    9.21337 -0.0108228 0 0 0   -0.011 -0.02329  0.04412  0.0170653  0.0107956 0.00836227 -0.000134893  2.08273e-05 -0.000138458 -0.0434423  0.0164364 -0.0111082 -0.0566636 -0.0386465   -9.80876 
             323.301 0.0324309  0.128948   74.3842   0.212942    9.21168 -0.0121101 0 0 0   -0.011 -0.02329  0.04412  0.00822929 -0.00197119 -0.00348288 -0.000143595  4.59639e-05 -0.000119263 -0.0430727  0.0162042  -0.010864 -0.0567203 -0.0386588   -9.80876 
             323.401 0.0356543  0.130918   74.3693    0.21168    9.21191 -0.0123635 0 0 0   -0.011 -0.02329  0.04412 -0.000742661  -0.00814588  -0.00066859 -0.000142773  6.18525e-05   -7.763e-05 -0.0430741  0.0159763 -0.0108573 -0.0567413 -0.0386372   -9.80876 
             323.501 0.0347024  0.133369   74.3787   0.208565    9.21264 -0.0127713 0 0 0   -0.011 -0.02329  0.04412 -0.0140151 -0.0061031 -0.0012916 -0.000152875  9.53993e-05 -7.88922e-05 -0.0431748  0.0156462 -0.0108132 -0.0567623  -0.038597   -9.80876 
             323.602 0.0317126  0.129731   74.3802   0.210635    9.21007 -0.0129029 0 0 0   -0.011 -0.02329  0.04412 -0.00563838  -0.0202146 -0.00416488 -0.000158817   0.00011779 -4.52536e-05 -0.0431258  0.0160688 -0.0108379 -0.0567281  -0.038641   -9.80876 
             323.702 0.0333469  0.134611   74.3813   0.208529     9.2116 -0.0136897 0 0 0   -0.011 -0.02329  0.04412  -0.0190277 -0.00841202 -0.00989649 -0.000144395  0.000124882  -2.9815e-05 -0.0434759  0.0158295 -0.0108035 -0.0567174 -0.0385866   -9.80876 
             323.803 0.0360304    0.1311   74.3672   0.210649    9.20754 -0.0129362 0 0 0   -0.011 -0.02329  0.04412  0.000116353   -0.0237683 -6.29053e-05 -0.000160277  0.000107426  1.08854e-05 -0.0432894  0.0163315 -0.0110135 -0.0566886 -0.0386503   -9.80876 
             323.901 0.0350279  0.129876   74.3829   0.209568    9.20873 -0.0117981 0 0 0   -0.011 -0.02329  0.04412 -0.00358734  -0.0115673   0.0102473 -0.000180864  0.000101817  1.68881e-07 -0.0436228  0.0160903 -0.0111232 -0.0566797 -0.0385976   -9.80876 
             324.005 0.0396666  0.134264   74.3875    0.21154    9.21507 -0.0108352 0 0 0   -0.011 -0.02329  0.04412 -0.000331017    0.0117449    0.0141256 -0.000191962  7.25878e-05  1.04498e-05 -0.0444772  0.0160878 -0.0110944 -0.0566013 -0.0385199   -9.80876 
             324.101 0.0287848  0.144338   74.3832   0.210838    9.21399 -0.0115777 0 0 0   -0.011 -0.02329  0.04412 -0.00291028  0.00461809  0.00654143 -0.000153463  4.46511e-05 -3.16503e-05 -0.0442343   0.016096  -0.010858 -0.0566231 -0.0385426   -9.80876 
             324.203 0.0347733  0.131323   74.3756   0.209662     9.2119 -0.0108123 0 0 0   -0.011 -0.02329  0.04412 -0.0128682 -0.0105746  0.0132678 -0.000182803  3.29696e-05 -3.18493e-05 -0.0439437  0.0161116 -0.0108198 -0.0566484 -0.0385702   -9.80876 
             324.304 0.0361364  0.128371   74.3847   0.210018    9.21362 -0.0120115 0 0 0   -0.011 -0.02329  0.04412  -0.0102508 -0.00646769 -0.00402302 -0.000200068  3.78875e-05  -4.3709e-05 -0.0442935  0.0161592 -0.0105415 -0.0566125 -0.0385431   -9.80876 
             324.404 0.0355611  0.130212   74.3878   0.210606    9.21431 -0.0128191 0 0 0   -0.011 -0.02329  0.04412 -0.00554063  0.00560756 -0.00558155 -0.000185696  2.25443e-05    -1.37e-05 -0.0444593  0.0163328 -0.0105089 -0.0565819 -0.0385441   -9.80876 
             324.503 0.0388514  0.127146   74.3724   0.210521    9.21344 -0.0127402 0 0 0   -0.011 -0.02329  0.04412  -0.00942177  -0.00161577 -0.000190227 -0.000175218  3.19864e-05  1.61693e-05 -0.0443709  0.0164309 -0.0105721 -0.0565811 -0.0385609   -9.80876 
             324.602 0.0373457  0.125595   74.3829  0.211022   9.21157 -0.013002 0 0 0   -0.011 -0.02329  0.04412  -0.0101755  -0.0174326 -0.00684884 -0.00016427 3.62155e-05 2.06396e-05 -0.0443002  0.0166719 -0.0105443  -0.056566 -0.0385889   -9.80876 
             324.704 0.0328904  0.135571   74.3774  0.213188    9.2121 -0.013704 0 0 0   -0.011 -0.02329  0.04412 -0.00101964  -0.0141369 0.000757028 -0.000126437  4.56585e-05  2.05283e-05 -0.0446568  0.0169243 -0.0104975 -0.0565116 -0.0385799   -9.80876 
             324.802 0.0364364  0.127412   74.3705   0.213954    9.21233 -0.0113448 0 0 0   -0.011 -0.02329  0.04412 -0.00255489 -0.00904844  0.00580764 -0.000134093  3.16279e-05  3.48457e-05  -0.044866  0.0169734 -0.0107918 -0.0564881 -0.0385658   -9.80876 
             324.901 0.029395 0.134664  74.3835   0.211051    9.21159 -0.0114971 0 0 0   -0.011 -0.02329  0.04412 -0.0152783 -0.0119694  0.0125501 -0.000157376  4.31773e-05  4.37183e-05  -0.044835  0.0167058 -0.0106452 -0.0565147 -0.0385446   -9.80876 
             325.003 0.0279404  0.133264   74.3851   0.210348    9.21267 -0.0117236 0 0 0   -0.011 -0.02329  0.04412 -0.0225527 -0.0100603  0.0071276 -0.000135875  5.06481e-05  5.18073e-05 -0.0451425  0.0167442 -0.0104688 -0.0564842  -0.038521   -9.80876 
             325.101 0.0329108  0.129798   74.3723   0.210292    9.21222 -0.0116819 0 0 0   -0.011 -0.02329  0.04412  -0.017745 -0.0144994  0.0139016 -0.000109934  4.90921e-05  8.51486e-05 -0.0452824  0.0169604 -0.0103564 -0.0564529 -0.0385279   -9.80876 
             325.201 0.0349058  0.129264   74.3634   0.214923    9.21533 -0.0120863 0 0 0   -0.011 -0.02329  0.04412 0.00269621  0.0038955 0.00598905 -9.22891e-05  2.40172e-05  9.72996e-05 -0.0459851  0.0174669 -0.0101504 -0.0563468 -0.0385113   -9.80876 
             325.303 0.0340331  0.132665   74.3612  0.209719   9.21617 -0.012189 0 0 0   -0.011 -0.02329  0.04412  -0.0211457  0.00402003 0.000221669 -0.000121358  3.88775e-06  8.13825e-05 -0.0458265  0.0168876 -0.0100676 -0.0564114  -0.038474   -9.80876 
             325.401 0.0315329  0.127919   74.3699   0.213067    9.21393 -0.0121194 0 0 0   -0.011 -0.02329  0.04412 0.00171848 -0.0109769 -0.0038727 -0.000161832 -2.14233e-05  7.73728e-05 -0.0457583  0.0175138 -0.0101183 -0.0563629  -0.038535   -9.80876 
             325.502 0.0344875  0.134176   74.3901   0.215112    9.21317 -0.0128782 0 0 0   -0.011 -0.02329  0.04412   0.0130162 -0.00894137 -0.00514036 -0.000143853 -3.02792e-05  6.67393e-05 -0.0458365   0.017671 -0.0100909 -0.0563425 -0.0385421   -9.80876 
             325.602 0.0345069  0.149199    74.368   0.208852    9.21451 -0.0143793 0 0 0   -0.011 -0.02329  0.04412  -0.0165193 -0.00299362  -0.0171231 -0.000113054 -4.31922e-05  6.08223e-05  -0.0458319   0.0168443 -0.00999136 -0.0564143 -0.0384702   -9.80876 
             325.702 0.0347143  0.133439   74.3885   0.208909    9.21475 -0.0141863 0 0 0   -0.011 -0.02329  0.04412   -0.01432 0.00223698 -0.0100179 -0.000141233 -3.49431e-05   4.2796e-05 -0.0459528  0.0170147 -0.0101893 -0.0563889 -0.0384746   -9.80876 
             325.803 0.0390138   0.12821   74.3851   0.211451     9.2139 -0.0126495 0 0 0   -0.011 -0.02329  0.04412 -0.00495563  -0.0125326  0.00567591 -0.000172363 -1.68322e-05  4.37408e-05 -0.0460315  0.0174705 -0.0104452 -0.0563427 -0.0385074   -9.80876 
             325.902 0.0319162  0.131658   74.3679   0.212117    9.21221 -0.0118247 0 0 0   -0.011 -0.02329  0.04412 -0.00532711  -0.0168322 -0.00107233 -0.000186161 -1.54383e-05  1.96708e-05 -0.0460497  0.0176253 -0.0105107 -0.0563278 -0.0385192   -9.80876 
             326.002 0.0375581  0.126739   74.3703   0.212019    9.21081 -0.0125698 0 0 0   -0.011 -0.02329  0.04412 0.00118287 -0.0130954 0.00839627 -0.000187934 -1.45286e-05 -1.11474e-05  -0.046109  0.0176438 -0.0104208 -0.0563212 -0.0385158   -9.80876 
             326.102 0.0262863  0.121608   74.3743   0.211895    9.21504 -0.0113195 0 0 0   -0.011 -0.02329  0.04412 0.00496531 0.00946171  0.0137687  -0.00021147 -2.29085e-05 -4.56321e-05 -0.0466187  0.0173807 -0.0104564 -0.0562998 -0.0384499   -9.80876 
             326.201 0.0313959  0.127093   74.3845   0.206822    9.21709 -0.0109309 0 0 0   -0.011 -0.02329  0.04412 -0.0258388  0.0136714  0.0133098 -0.000190094 -1.44987e-05 -7.19779e-05 -0.0465576  0.0168311 -0.0103151 -0.0563517 -0.0384079   -9.80876 
             326.303 0.0337797  0.128701   74.3828   0.210303     9.2187 -0.0108388 0 0 0   -0.011 -0.02329  0.04412 -0.00259497  0.00990109  0.00974166 -0.000181501  6.43029e-06 -9.13413e-05   -0.04681  0.0174355 -0.0101416 -0.0562793 -0.0384382   -9.80876 
             326.402 0.0343884  0.128471   74.3797   0.211021    9.20986 -0.0115658 0 0 0   -0.011 -0.02329  0.04412 -0.00109173  -0.0255389  0.00981339 -0.000206494 -1.17269e-05 -0.000100083  -0.0458717   0.0178926 -0.00991568 -0.0563208  -0.038556   -9.80876 
             326.503 0.0351551  0.125379   74.3701   0.211016    9.21024 -0.0116839 0 0 0   -0.011 -0.02329  0.04412 0.00259507 -0.0141193 0.00517802 -0.000184106 -2.86893e-05 -6.07954e-05  -0.0461603   0.0177818 -0.00979233 -0.0563058 -0.0385224   -9.80876 
             326.602 0.0332485  0.135318   74.3684   0.214365    9.21326 -0.0117153 0 0 0   -0.011 -0.02329  0.04412  0.0189706 0.00244445 0.00484375 -0.000178336  9.16259e-06 -4.83939e-05  -0.0467011   0.0179342 -0.00973437 -0.0562476   -0.03849   -9.80876 
             326.701 0.0344548  0.126657   74.3808   0.210609     9.2138 -0.0123913 0 0 0   -0.011 -0.02329  0.04412 -0.00453809  0.00228398 -0.00259339 -0.000173584  1.59235e-05 -6.33583e-05  -0.0465484   0.0173701 -0.00962116 -0.0563077 -0.0384553   -9.80876 
             326.803 0.033997 0.130354   74.371   0.210827    9.21379 -0.0125066 0 0 0   -0.011 -0.02329  0.04412   0.0037859  0.00435706 -0.00364625 -0.000155266  8.04309e-06 -6.10624e-05  -0.0465209   0.0174341 -0.00962531 -0.0563046  -0.038463   -9.80876 
             326.903 0.0231017  0.124133   74.3832   0.208312    9.20987 -0.0136773 0 0 0   -0.011 -0.02329  0.04412  -0.0112859  -0.0140008 -0.00415553 -0.000105868  6.64289e-06 -8.12999e-05  -0.0460009   0.0172908 -0.00949959 -0.0563601 -0.0384941   -9.80876 
             327.002 0.0287761   0.13559   74.3755   0.211698      9.205 -0.0149276 0 0 0   -0.011 -0.02329  0.04412  0.00267913  -0.0305836 -0.00826618 -0.000140068  1.18433e-05 -9.19847e-05  -0.0458149   0.0178367 -0.00941394 -0.0563305 -0.0385549   -9.80876 
             327.103 0.0284889   0.13071   74.3724    0.21151    9.21092 -0.0124238 0 0 0   -0.011 -0.02329  0.04412  0.00677888 -0.00636119  0.00410099 -0.000129781  -3.0402e-05 -6.46658e-05  -0.0467478   0.0174621 -0.00978089 -0.0562836  -0.038447   -9.80876 
             327.202 0.0356079   0.12969   74.3774   0.213009    9.21076 -0.0122242 0 0 0   -0.011 -0.02329  0.04412  0.0090092 -0.0101584  0.0062336 -0.000118171 -5.10346e-05 -8.35961e-05  -0.0468491   0.0175128 -0.00972573 -0.0562712 -0.0384429   -9.80876 
             327.306 0.0326129  0.129267   74.3743   0.210504    9.21464 -0.0127069 0 0 0   -0.011 -0.02329  0.04412 0.000686424   0.0106734  0.00937692 -0.000107365 -2.17881e-05 -5.27486e-05  -0.0472548   0.0169915 -0.00958743 -0.0562807 -0.0383667   -9.80876 
             327.403 0.0361209  0.130949   74.3808   0.212309    9.21203 -0.0115176 0 0 0   -0.011 -0.02329  0.04412  0.00800033 -0.00497589   0.0142243 -0.000112468  -2.0672e-05 -4.79854e-05 -0.0469331   0.017287 -0.0096006 -0.0562829 -0.0384172   -9.80876 
             327.502 0.0348468   0.12998   74.3577   0.209834    9.21348 -0.0111505 0 0 0   -0.011 -0.02329  0.04412 -0.00292998 -0.00614963   0.0095277 -0.000130549 -3.67274e-05  -2.2662e-05  -0.0470426   0.0168752 -0.00948961 -0.0563076 -0.0383746   -9.80876 
             327.605 0.0312558  0.129597   74.3773   0.211378    9.20732 -0.0109726 0 0 0   -0.011 -0.02329  0.04412 -0.00281266  -0.0303746   0.0110136 -9.60782e-05  -1.7487e-05 -2.22388e-05  -0.0465652   0.0172808 -0.00936345 -0.0563136 -0.0384464   -9.80876 
             327.701 0.028632 0.129921  74.3756   0.210627    9.20911 -0.0116179 0 0 0   -0.011 -0.02329  0.04412 -0.00689922  -0.0136313  0.00144963 -8.17981e-05 -6.31305e-06  1.79785e-05 -0.0470662  0.0170975  -0.009175 -0.0562881  -0.038391   -9.80876 
             327.802 0.0346257  0.129231   74.3734   0.213255    9.20895 -0.0128205 0 0 0   -0.011 -0.02329  0.04412  0.00438154 -0.00543127 -0.00102693 -5.59168e-05 -2.65603e-05  1.36895e-05  -0.0472696   0.0174055 -0.00898299  -0.056247 -0.0383995   -9.80876 
             327.902 0.0318046  0.132684   74.3722   0.210526    9.20877 -0.0125443 0 0 0   -0.011 -0.02329  0.04412  -0.0163772  -0.0126519 -0.00471082 -5.36432e-05 -4.18649e-05  9.70349e-06  -0.0472201    0.017099 -0.00903785 -0.0562756 -0.0383788   -9.80876 
             328.001 0.0312077  0.135549   74.3613   0.213232    9.20928 -0.0136324 0 0 0   -0.011 -0.02329  0.04412 -0.00295375 -0.00731941  -0.0135187 -5.13454e-05 -9.90316e-05  3.53811e-05  -0.0475926   0.0174825 -0.00899131  -0.056215 -0.0383798   -9.80876 
             328.101 0.036374 0.129898  74.3824  0.210933   9.21136 -0.014039 0 0 0   -0.011 -0.02329  0.04412 -0.0116817 0.00725877 -0.0120438 -6.18224e-05 -0.000112276  2.37042e-05  -0.0477823   0.0172183 -0.00912992 -0.0562207 -0.0383434   -9.80876 
             328.206 0.0353779  0.128795    74.371   0.209828    9.21616 -0.0142776 0 0 0   -0.011 -0.02329  0.04412 -0.00892627   0.0281275 -0.00663056 -3.23519e-05 -0.000135656  4.62003e-05  -0.0481741   0.0170891 -0.00925209 -0.0561996 -0.0383019   -9.80876 
             328.302 0.0336014  0.129056   74.3748   0.207282    9.21259 -0.0129846 0 0 0   -0.011 -0.02329  0.04412 -0.0118557 0.00491533   0.003844 -3.50773e-05 -0.000143502  2.93274e-05  -0.0474632   0.0171344 -0.00945049 -0.0562523  -0.038362   -9.80876 
             328.402 0.0340662  0.129211   74.3647   0.212434    9.21336 -0.0123179 0 0 0   -0.011 -0.02329  0.04412   0.0186522 -0.00486523   0.0183956 -1.05562e-05  -0.00017549  3.91674e-05  -0.0477488   0.0177362 -0.00941025 -0.0561821 -0.0383871   -9.80876 
             328.502 0.0360537  0.129128    74.358   0.214251    9.21048 -0.0105159 0 0 0   -0.011 -0.02329  0.04412  0.0226538 -0.0174093  0.0288389 -1.84542e-05 -0.000170946  5.67367e-05  -0.0475463   0.0177909 -0.00935946 -0.0561938 -0.0384074   -9.80876 
             328.601  0.02968 0.128122  74.3824     0.2129    9.20903 -0.0112867 0 0 0   -0.011 -0.02329  0.04412 0.00831309 -0.0214125  0.0116451 -3.69727e-05 -0.000179262  2.58648e-05  -0.0474802   0.0173942 -0.00893263 -0.0562307 -0.0383813   -9.80876 
             328.701 0.0358693  0.136528   74.3712   0.208625    9.21062 -0.0120691 0 0 0   -0.011 -0.02329  0.04412  -0.0120692 -0.00958392   0.0035872 -1.97542e-05 -0.000177403  2.30855e-05  -0.0477314   0.0167693 -0.00872891 -0.0562602 -0.0383125   -9.80876 
             328.801 0.0340059   0.13046   74.3833   0.206148    9.21015 -0.0128804 0 0 0   -0.011 -0.02329  0.04412  -0.0128259 -0.00969543 -0.00497405 -3.42111e-05 -0.000140161  1.09402e-05  -0.0477368   0.0165975 -0.00861777 -0.0562733 -0.0382986   -9.80876 
             328.902 0.0346183  0.134168   74.3876   0.207836    9.21183 -0.0136412 0 0 0   -0.011 -0.02329  0.04412 0.000285009 -0.00220245  -0.0125205 -1.35128e-05 -0.000136148 -6.36438e-06  -0.0480764   0.0167986 -0.00860284 -0.0562312 -0.0382879   -9.80876 
             329.002 0.0339197  0.131296   74.3801   0.213518    9.21585 -0.0137311 0 0 0   -0.011 -0.02329  0.04412   0.0203347   0.0129303 -0.00977816 -3.05603e-05 -0.000161644 -1.05863e-05  -0.0487374   0.0171926 -0.00874035 -0.0561491 -0.0382671   -9.80876 
             329.101 0.0363001   0.12393   74.3597   0.210792    9.21528 -0.0139713 0 0 0   -0.011 -0.02329  0.04412   0.00691527 -0.000643264   -0.0161577 -2.1901e-05  -0.0001813 -2.3534e-05  -0.0484393   0.0167721 -0.00887063 -0.0562046 -0.0382577   -9.80876 
             329.201 0.0376448  0.127499   74.3744   0.214468     9.2118 -0.0142387 0 0 0   -0.011 -0.02329  0.04412  0.0122749 -0.0174338 -0.0102415 -3.91338e-05   -0.0001674 -1.39451e-05  -0.0482107   0.0171434 -0.00903698 -0.0561934  -0.038304   -9.80876 
             329.304 0.0368868  0.134042   74.3748   0.212022    9.21057 -0.0127152 0 0 0   -0.011 -0.02329  0.04412 -0.00210958  -0.0166837  -0.0031852 -8.63434e-05 -0.000183919  3.87145e-05  -0.0481375   0.0167544 -0.00934891 -0.0562286 -0.0382797   -9.80876 
             329.403 0.0319739  0.124251   74.3774   0.211159    9.20997 -0.0124083 0 0 0   -0.011 -0.02329  0.04412 -0.000942193  -0.00942221 -0.000322268 -7.28919e-05 -0.000201344  4.08515e-05  -0.0481991   0.0166501 -0.00939179 -0.0562319  -0.038267   -9.80876 
             329.502 0.0350462  0.132096    74.363   0.213675    9.21257 -0.0129671 0 0 0   -0.011 -0.02329  0.04412 0.00904782 0.00279821 -0.0087946  -6.1084e-05 -0.000200139  6.07054e-05  -0.0486754   0.0167762 -0.00935607  -0.056186 -0.0382402   -9.80876 
             329.603 0.0293592   0.13323   74.3679   0.213959    9.21496 -0.0128982 0 0 0   -0.011 -0.02329  0.04412  0.00272956   0.0146248 -0.00152246 -5.96577e-05 -0.000186086  8.72205e-05  -0.0488527   0.0166717 -0.00946243 -0.0561804 -0.0382187   -9.80876 
             329.703 0.0278894  0.127504   74.3852   0.209492    9.21337 -0.0126734 0 0 0   -0.011 -0.02329  0.04412 -0.00899765   0.0090786 -0.00388733 -6.76147e-05 -0.000173354  7.32473e-05  -0.0483524   0.0162736 -0.00950197 -0.0562485 -0.0382266   -9.80876 
             329.803 0.0374337  0.122977    74.373   0.210636    9.21295 -0.0122521 0 0 0   -0.011 -0.02329  0.04412   0.00556638 -0.000780719   0.00387253 -5.31775e-05 -0.000188086  3.90001e-05  -0.0482949   0.0165192 -0.00959217 -0.0562341 -0.0382495   -9.80876 
             329.902 0.0326719  0.125977   74.3713   0.210328    9.21421 -0.0121437 0 0 0   -0.011 -0.02329  0.04412 0.00729015 0.00591617 0.00102678 -4.28474e-05 -0.000193207  3.57384e-05    -0.04839   0.0163562 -0.00957922 -0.0562393   -0.03823   -9.80876 
             330.002 0.0353997  0.129655   74.3843   0.213504     9.2138 -0.0127713 0 0 0   -0.011 -0.02329  0.04412   0.0222006  0.00208293 -0.00585119 -2.34902e-05  -0.00021952  4.15546e-05  -0.0483627   0.0166349 -0.00949636 -0.0562205  -0.038253   -9.80876 
             330.103 0.0337197  0.128723   74.3625   0.215757    9.21609 -0.0126286 0 0 0   -0.011 -0.02329  0.04412   0.0275225  0.00287761 -0.00855221  6.81684e-06 -0.000184814  4.20529e-05  -0.0485762   0.0165303 -0.00961876 -0.0562122 -0.0382292   -9.80876 
             330.201 0.0335072  0.127431   74.3806  0.214122   9.21032 -0.014022 0 0 0   -0.011 -0.02329  0.04412  0.00737597  -0.0240265 -0.00998953  2.20814e-06 -0.000203454  6.97394e-05  -0.0478638   0.0163202 -0.00955588 -0.0562811 -0.0382668   -9.80876 
             330.303 0.0298819   0.13012   74.3742   0.211711    9.21391 -0.0144247 0 0 0   -0.011 -0.02329  0.04412 -0.00612623  0.00303066  -0.0146417  2.69605e-05 -0.000226943  8.97127e-06  -0.0483909   0.0158074 -0.00967979 -0.0562801 -0.0381894   -9.80876 
             330.401 0.0319735  0.132109    74.366   0.214414     9.2114 -0.0136218 0 0 0   -0.011 -0.02329  0.04412 0.000175989  -0.0154535 -0.00956719  2.66889e-05 -0.000239353  8.10628e-06 -0.0482462  0.0162621 -0.0099869 -0.0562567 -0.0382339   -9.80876 
             330.502 0.0349552  0.129329   74.3677   0.210649    9.21415 -0.0126397 0 0 0   -0.011 -0.02329  0.04412  -0.0195964 -0.00204194 -0.00482795  3.10622e-05  -0.00023957 -1.27786e-05 -0.0485802  0.0157702 -0.0102111 -0.0562683 -0.0381728   -9.80876 
             330.603 0.0325451   0.12867   74.3798   0.209855    9.21492 -0.0133447 0 0 0   -0.011 -0.02329  0.04412  -0.0198242  0.00134717 -0.00848147  1.49332e-05 -0.000276182 -4.57468e-05 -0.0487285  0.0158594 -0.0101931 -0.0562508 -0.0381684   -9.80876 
             330.701 0.0277539  0.129598   74.3813   0.209336    9.21409 -0.0143887 0 0 0   -0.011 -0.02329  0.04412 -0.0191357 0.00300493 -0.0158875 -1.14454e-05 -0.000261692 -2.25454e-05 -0.0486637   0.016052 -0.0102222 -0.0562413 -0.0381874   -9.80876 
             330.801 0.035947 0.130418  74.3625   0.212204    9.21427 -0.0138504 0 0 0   -0.011 -0.02329  0.04412 -0.00555469  0.00575817  -0.0131103 -4.83106e-05 -0.000297001  3.91797e-05 -0.0487851  0.0165977    -0.0105 -0.0561921 -0.0382183   -9.80876 
             330.902 0.030517 0.131227  74.3673   0.210054    9.21478 -0.0131003 0 0 0   -0.011 -0.02329  0.04412  -0.0168551  0.00449011 -0.00277524 -4.63818e-05 -0.000297962  1.80464e-05 -0.0487141  0.0164908  -0.010725 -0.0562049 -0.0382157   -9.80876 
             331.003 0.0334741  0.134463   74.3725   0.211386    9.21466 -0.0126648 0 0 0   -0.011 -0.02329  0.04412 -0.00454309 -0.00334671  0.00944163 -3.38083e-05 -0.000312908  4.60928e-05 -0.0487858  0.0168123 -0.0107732 -0.0561762 -0.0382338   -9.80876 
             331.101 0.0321683  0.131983   74.3777   0.216236     9.2171 -0.0119483 0 0 0   -0.011 -0.02329  0.04412 0.00837388 0.00673681 0.00692016 -3.18258e-05 -0.000302128  1.92614e-05 -0.0492113  0.0172645 -0.0107547 -0.0561125 -0.0382356   -9.80876 
             331.202 0.033458 0.130867  74.3682   0.215851    9.21058 -0.0105132 0 0 0   -0.011 -0.02329  0.04412 0.00871926 -0.0290923  0.0127847 -2.75369e-05 -0.000289792 -1.30911e-05 -0.0484642  0.0173184 -0.0108441 -0.0561624 -0.0382937   -9.80876 
             331.303 0.0303084  0.133104   74.3733   0.213535    9.21514 -0.0118744 0 0 0   -0.011 -0.02329  0.04412 -0.00828727  0.00485163   0.0065836 -1.15324e-05 -0.000297299 -3.36524e-05 -0.0491185  0.0167872 -0.0104968 -0.0561541 -0.0382082   -9.80876 
             331.402 0.0378846  0.128454   74.3692   0.214132    9.21194 -0.0112394 0 0 0   -0.011 -0.02329  0.04412 0.00165675 -0.0114083   0.011118 -4.73197e-05 -0.000270287 -1.65964e-05 -0.0488168  0.0170185 -0.0104663 -0.0561591 -0.0382465   -9.80876 
             331.503 0.0372873  0.130441   74.3795   0.211864     9.2169 -0.0119157 0 0 0   -0.011 -0.02329  0.04412 -0.000322192    0.0159965 -0.000761789 -4.19494e-05 -0.000238877 -3.38026e-06 -0.0493174  0.0165434 -0.0102774 -0.0561577 -0.0381766   -9.80876 
             331.601 0.0315803  0.130668   74.3803   0.211573    9.21447 -0.0121904 0 0 0   -0.011 -0.02329  0.04412 -0.00321447  -0.0033213  0.00263348  -4.9566e-05 -0.000219363 -2.28736e-05 -0.0489096  0.0166774 -0.0102576  -0.056177 -0.0382153   -9.80876 
             331.701 0.0240883  0.130292   74.3834   0.211345    9.21166 -0.0121904 0 0 0   -0.011 -0.02329  0.04412 -0.00420189  -0.0201431  0.00100724 -5.52349e-05 -0.000230996 -2.33942e-05 -0.0486824  0.0167442 -0.0102032 -0.0561884 -0.0382363   -9.80876 
             331.803 0.032812 0.129238  74.3858  0.207586   9.20971 -0.012417 0 0 0   -0.011 -0.02329  0.04412  -0.0229781  -0.0183293 -0.00426339 -7.55253e-05 -0.000238219 -4.34939e-05 -0.0486055  0.0164293 -0.0101608 -0.0562163 -0.0382196   -9.80876 
             331.901 0.0377831  0.128974   74.3712   0.208597    9.21254 -0.0131377 0 0 0   -0.011 -0.02329  0.04412  -0.0133869 0.000249429  -0.0113045  -0.00011796 -0.000283128 -5.55041e-05 -0.0491548  0.0166194 -0.0101583 -0.0561642  -0.038194   -9.80876 
             332.003 0.0420783  0.129318   74.3729   0.208122    9.21399 -0.0134717 0 0 0   -0.011 -0.02329  0.04412  -0.0148116  0.00773392 -0.00830469 -0.000117819  -0.00031222 -2.47701e-05 -0.0493561   0.016662 -0.0102491  -0.056147 -0.0381827   -9.80876 
             332.102 0.0357899  0.128725   74.3816   0.210768    9.21346 -0.0127269 0 0 0   -0.011 -0.02329  0.04412 0.000713769 0.000497794  0.00216888 -0.000125033 -0.000335779 -4.28049e-05 -0.0493615  0.0171039 -0.0104112 -0.0561153 -0.0382132   -9.80877 
             332.201 0.040749 0.132405  74.3737  0.211462   9.21217 -0.012873 0 0 0   -0.011 -0.02329  0.04412 -0.00322869 -0.00677754  0.00479278 -0.000147168 -0.000351119 -6.28145e-05 -0.0492413  0.0172229 -0.0103595 -0.0561153   -0.03823   -9.80876 
             332.302 0.0306391  0.132736   74.3726   0.208512     9.2118 -0.0117595 0 0 0   -0.011 -0.02329  0.04412  -0.0205875 -0.00371323  0.00812688  -0.00013493 -0.000333013 -7.39772e-05  -0.049202  0.0169854 -0.0103986 -0.0561347 -0.0382162   -9.80876 
             332.404 0.0414765  0.132308   74.3696   0.210281    9.21336 -0.0117538 0 0 0   -0.011 -0.02329  0.04412 -0.00692058 -0.00240326  0.00898335 -0.000116992 -0.000327771 -8.59977e-05 -0.0495588  0.0173094 -0.0102533 -0.0560875 -0.0382138   -9.80877 
             332.502 0.0364063  0.128205   74.3844   0.208933    9.21176 -0.0118152 0 0 0   -0.011 -0.02329  0.04412    -0.005892   -0.0144229 -0.000268117 -5.59291e-05 -0.000369547 -0.000104442 -0.0494067   0.017293 -0.0101636 -0.0560992 -0.0382232   -9.80877 
             332.602 0.0329679  0.133342    74.367    0.21198    9.21162 -0.0121709 0 0 0   -0.011 -0.02329  0.04412 0.00995769  -0.012308 0.00189138 -5.23725e-05 -0.000380121 -5.72277e-05 -0.0496525  0.0176073 -0.0101307 -0.0560605 -0.0382278   -9.80877 
             332.702 0.0338202  0.133448   74.3723   0.211357    9.21442 -0.0122821 0 0 0   -0.011 -0.02329  0.04412  0.00105265 -0.00644188 0.000933683  -2.3065e-05 -0.000405697  2.16823e-06 -0.0500616  0.0173146  -0.010083 -0.0560529 -0.0381794   -9.80877 
             332.802 0.0353739  0.126253   74.3645   0.210512    9.21319 -0.0126277 0 0 0   -0.011 -0.02329  0.04412    -0.001814  -0.00874861 -0.000661252 -3.08588e-05 -0.000393899  1.92314e-05 -0.0499686  0.0172544 -0.0100485 -0.0560634 -0.0381817   -9.80877 
             332.901 0.0349633  0.131821   74.3738   0.212041     9.2108 -0.0113333 0 0 0   -0.011 -0.02329  0.04412 0.000219227   -0.025161   0.0131125 -1.04375e-05 -0.000430108  2.41096e-05 -0.0498894  0.0174943 -0.0101595 -0.0560521 -0.0382035   -9.80877 
             333.002 0.0321705  0.130857   74.3872   0.208333    9.20793 -0.0117697 0 0 0   -0.011 -0.02329  0.04412 -0.0179528 -0.0366098 0.00415369 -1.76598e-05 -0.000418796 -3.25641e-06  -0.0498094   0.0171327 -0.00993642 -0.0560826 -0.0381845   -9.80877 
             333.102 0.0372581  0.124726   74.3775   0.209452    9.21094 -0.0124216 0 0 0   -0.011 -0.02329  0.04412 -0.00944789   -0.016619  0.00676314 -3.94873e-05 -0.000455022 -1.27231e-07 -0.0506046  0.0171969 -0.0098108 -0.0560246 -0.0381344   -9.80877 
             333.203 0.0380791  0.122374   74.3801   0.210624    9.20975 -0.0114721 0 0 0   -0.011 -0.02329  0.04412 -0.00886274  -0.0242236  0.00957659  -5.8011e-05 -0.000428793   4.5155e-06  -0.0507752   0.0174168 -0.00981785 -0.0559981 -0.0381376   -9.80877 
             333.302 0.0338741  0.130985   74.3747   0.208588    9.21175 -0.0118569 0 0 0   -0.011 -0.02329  0.04412 -0.00976333  -0.0116689  0.00807927  -7.4445e-05 -0.000454917  2.64695e-05  -0.0512052   0.0171443 -0.00962425  -0.055988 -0.0380901   -9.80877 
             333.402 0.0384433  0.127638   74.3706   0.210464    9.20898 -0.0124514 0 0 0   -0.011 -0.02329  0.04412 -0.00387789  -0.0241843 -0.00288022 -0.000122076 -0.000441407   3.5039e-05  -0.0511546   0.0174814 -0.00948275 -0.0559686  -0.038116   -9.80877 
             333.503 0.0371899   0.13141   74.3657    0.20907    9.21018 -0.0126513 0 0 0   -0.011 -0.02329  0.04412  -0.0158717  -0.0149208 0.000467936 -0.000151851 -0.000435329  5.51518e-05  -0.0515263   0.0173002 -0.00947674 -0.0559561 -0.0380789   -9.80877 
             333.604 0.0320144  0.120222    74.359   0.209524    9.21408 -0.0129151 0 0 0   -0.011 -0.02329  0.04412  -0.00328311    0.0111314 -0.000477401 -0.000171198  -0.00041975  6.34051e-05  -0.0520981    0.017305 -0.00943419 -0.0559179 -0.0380407   -9.80877 
             333.702 0.0306138  0.136586   74.3742   0.213991    9.21502 -0.0136319 0 0 0   -0.011 -0.02329  0.04412  0.0107503 0.00691578 0.00241432 -0.000163946 -0.000442228  8.16922e-05  -0.0522615   0.0177796 -0.00931739 -0.0558754 -0.0380612   -9.80877 
             333.802 0.0343436  0.128241   74.3771 0.211474  9.21033 -0.01214 0 0 0   -0.011 -0.02329  0.04412 -0.00503385 -0.00894813  0.00450475 -0.000181001 -0.000449945  9.27898e-05  -0.0515567   0.0176053 -0.00949859 -0.0559333 -0.0380968   -9.80877 
             333.902 0.0266806  0.123126    74.381   0.209115    9.21435 -0.0119686 0 0 0   -0.011 -0.02329  0.04412 -0.0111257   0.012387  0.0020075 -0.000196183 -0.000452398  0.000126228  -0.0519829   0.0172519 -0.00946746  -0.055929 -0.0380451   -9.80877 
             334.002 0.0383274  0.129331   74.3756   0.210064    9.21194 -0.0110634 0 0 0   -0.011 -0.02329  0.04412   -0.005889 -0.00626155  0.00394825 -0.000194152 -0.000469113  0.000187471  -0.0517081   0.0175944 -0.00953843 -0.0559241 -0.0380858   -9.80877 
             334.103 0.0385504  0.132704   74.3842   0.211005    9.21415 -0.0121004 0 0 0   -0.011 -0.02329  0.04412  0.00019241  0.00782573 -0.00317132 -0.000212125 -0.000480204  0.000219325  -0.0520527   0.0176405 -0.00940229 -0.0558987  -0.038066   -9.80877 
